data;horario;n_da_ocorrencia;tipo_de_ocorrencia;km;trecho;sentido;tipo_de_acidente;caminhao;ilesos;levemente_feridos;moderadamente_feridos;gravemente_feridos;mortos;3
01/12/2017;15:00:00;267;Acidente sem vítima;454;BR-101/ES;Norte;Saída de Pista;1;1;0;0;0;0;1
01/12/2017;18:12:00;336;Acidente sem vítima;284;BR-101/ES;Norte;Choque com Objeto Fixo;1;1;0;0;0;0;1
02/12/2017;22:30:00;356;Acidente com vítima;8,1;BR-101/ES;Sul;Tombamento;1;0;2;0;0;0;1
06/12/2017;07:16:00;82;Atropelamento sem morte;147;BR-101/ES;Norte;Atropelamento e Fuga;1;0;1;0;0;0;1
06/12/2017;15:29:00;282;Acidente sem vítima;142,7;BR-101/ES;Sul;Colisão Lateral;1;1;0;0;0;0;1
07/12/2017;21:45:00;390;Acidente sem vítima;269;BR-101/ES;Norte;Colisão Traseira;1;2;0;0;0;0;1
08/12/2017;05:07:00;68;Acidente sem vítima;287;BR-101/ES;Sul;Saída de Pista;1;1;0;0;0;0;1
08/12/2017;06:31:00;85;Acidente com vítima;255;BR-101/ES;Sul;Colisão Traseira;1;5;1;0;0;0;1
09/12/2017;20:26:00;334;Acidente com morte;111,6;BR-101/ES;Norte;Colisão Frontal;1;3;0;1;1;1;3
10/12/2017;19:31:00;323;Acidente sem vítima;33,8;BR-101/ES;Norte;Atropelamento de Equino;1;1;0;0;0;0;1
10/12/2017;21:17:00;348;Acidente com vítima;298;BR-101/ES;Sul;Colisão Transversal;1;2;0;1;0;0;2
11/12/2017;13:52:00;290;Acidente sem vítima;266;BR-101/ES;Sul;Colisão Traseira;1;2;0;0;0;0;1
11/12/2017;16:18:00;344;Acidente com vítima;296;BR-101/ES;Norte;Colisão Traseira;1;2;1;0;0;0;1
12/12/2017;00:25:00;7;Acidente sem vítima;322;BR-101/ES;Norte;Saída de Pista;1;3;0;0;0;0;1
12/12/2017;07:27:00;87;Acidente sem vítima;213;BR-101/ES;Sul;Colisão Traseira;1;3;0;0;0;0;1
12/12/2017;23:53:00;404;Acidente com vítima;261;BR-101/ES;Sul;Queda de Moto;1;1;0;1;0;0;2
13/12/2017;16:59:00;350;Acidente sem vítima;268;BR-101/ES;Sul;Colisão Transversal;1;2;0;0;0;0;1
14/12/2017;08:43:00;116;Acidente sem vítima;107;BR-101/ES;Sul;Colisão Traseira;1;2;0;0;0;0;1
14/12/2017;13:49:00;316;Acidente com vítima;94;BR-101/ES;Norte;Colisão Lateral;2;4;0;1;0;0;2
14/12/2017;16:57:00;354;Acidente sem vítima;259;BR-101/ES;Sul;Colisão Traseira;1;2;0;0;0;0;1
14/12/2017;23:42:00;450;Acidente sem vítima;147;BR-101/ES;Sul;Colisão Lateral;1;2;0;0;0;0;1
15/12/2017;22:55:00;450;Acidente sem vítima;362,5;BR-101/ES;Norte;Tombamento;1;1;0;0;0;0;1
18/12/2017;08:12:00;104;Acidente sem vítima;399;BR-101/ES;Norte;Colisão Traseira;1;2;0;0;0;0;1
18/12/2017;08:46:00;118;Acidente com morte;454,7;BR-101/ES;Sul;Colisão Lateral;1;1;0;2;0;2;3
18/12/2017;16:34:00;375;Acidente sem vítima;399;BR-101/ES;Norte;Colisão Traseira;2;4;0;0;0;0;1
20/12/2017;10:40:00;217;Acidente com vítima;146;BR-101/ES;Sul;Colisão Lateral;1;2;1;0;0;0;1
20/12/2017;23:43:00;468;Acidente sem vítima;449;BR-101/ES;Sul;Tombamento;1;1;0;0;0;0;1
21/12/2017;05:51:00;70;Acidente sem vítima;127;BR-101/ES;Norte;Colisão Traseira;1;1;0;0;0;0;1
21/12/2017;07:33:00;85;Acidente com vítima;297;BR-101/ES;Sul;Engavetamento;2;8;0;1;0;0;2
21/12/2017;09:37:00;143;Acidente com vítima;400;BR-101/ES;Norte;Colisão Traseira;1;1;1;0;0;0;1
21/12/2017;22:06:00;434;Acidente com vítima;259,5;BR-101/ES;Norte;Colisão Traseira;1;1;0;1;0;0;2
22/12/2017;12:17:00;260;Acidente com vítima;181;BR-101/ES;Sul;Colisão Traseira;1;1;3;1;0;0;2
22/12/2017;15:59:00;354;Acidente sem vítima;293;BR-101/ES;Norte;Colisão Traseira;2;2;0;0;0;0;1
22/12/2017;16:08:00;361;Acidente sem vítima;210;BR-101/ES;Norte;Colisão Lateral;1;6;0;0;0;0;1
22/12/2017;17:15:00;390;Acidente sem vítima;269;BR-101/ES;Norte;Colisão Traseira;1;5;0;0;0;0;1
23/12/2017;05:19:00;88;Acidente sem vítima;326,9;BR-101/ES;Norte;Tombamento;1;1;0;0;0;0;1
25/12/2017;21:51:00;385;Acidente com morte;437;BR-101/ES;Sul;Colisão Frontal;1;1;0;0;0;1;3
27/12/2017;08:32:00;109;Acidente sem vítima;80;BR-101/ES;Norte;Colisão Lateral;1;3;0;0;0;0;1
27/12/2017;09:30:00;124;Acidente com vítima;239;BR-101/ES;Sul;Colisão Traseira;1;3;1;0;0;0;1
27/12/2017;10:00:00;131;Acidente com vítima;310;BR-101/ES;Norte;Colisão Traseira;1;3;1;0;0;0;1
27/12/2017;10:54:00;150;Acidente com vítima;313;BR-101/ES;Norte;Colisão Frontal;1;0;0;5;0;0;2
27/12/2017;15:22:00;258;Acidente com vítima;233;BR-101/ES;Sul;Engavetamento;1;7;1;1;0;0;2
28/12/2017;13:03:00;246;Acidente sem vítima;298,4;BR-101/ES;Sul;Choque com Objeto Fixo;1;4;0;0;0;0;1
28/12/2017;16:14:00;313;Acidente com vítima;273;BR-101/ES;Sul;Colisão Lateral;1;4;1;0;0;0;1
28/12/2017;16:46:00;327;Acidente sem vítima;127;BR-101/ES;Norte;Colisão Lateral;1;2;0;0;0;0;1
29/12/2017;11:44:00;258;Acidente sem vítima;227,8;BR-101/ES;Norte;Colisão Traseira;1;2;0;0;0;0;1
29/12/2017;15:53:00;375;Acidente sem vítima;301,7;BR-101/ES;Norte;Colisão Traseira;1;7;0;0;0;0;1
01/01/2018;21:20:00;342;Acidente sem vítima;146;BR-101/ES;Norte;Colisão Traseira;2;2;0;0;0;0;1
03/01/2018;20:11:00;417;Acidente sem vítima;258;BR-101/ES;Sul;Choque com Objeto Fixo;1;10;0;0;0;0;1
04/01/2018;13:20:00;273;Acidente sem vítima;336;BR-101/ES;Norte;Engavetamento;1;5;0;0;0;0;1
05/01/2018;01:17:00;21;Acidente sem vítima;392;BR-101/ES;Norte;Tombamento;1;2;0;0;0;0;1
05/01/2018;08:23:00;114;Acidente sem vítima;37,5;BR-101/ES;Sul;Saída de Pista;1;1;0;0;0;0;1
07/01/2018;22:51:00;382;Atropelamento sem morte;66,5;BR-101/ES;Norte;Atropelamento;1;1;1;0;0;0;1
08/01/2018;08:35:00;102;Acidente sem vítima;131;BR-101/ES;Norte;Colisão Lateral;1;2;0;0;0;0;1
08/01/2018;10:26:00;135;Acidente com vítima;422;BR-101/ES;Norte;Colisão Lateral;1;1;0;0;1;0;2
08/01/2018;11:17:00;178;Acidente com vítima;66;BR-101/ES;Sul;Colisão;1;2;0;1;0;0;2
09/01/2018;03:15:00;46;Acidente sem vítima;223;BR-101/ES;Sul;Tombamento;1;1;0;0;0;0;1
09/01/2018;13:40:00;238;Acidente sem vítima;117;BR-101/ES;Sul;Colisão Traseira;1;2;0;0;0;0;1
10/01/2018;10:13:00;149;Acidente com vítima;258;BR-101/ES;Norte;Capotamento;1;3;0;1;0;0;2
10/01/2018;14:22:00;253;Acidente sem vítima;270;BR-101/ES;Sul;Engavetamento;1;3;0;0;0;0;1
11/01/2018;07:13:00;81;Acidente com vítima;138;BR-101/ES;Sul;Colisão Transversal;1;0;1;1;0;0;2
11/01/2018;11:39:00;193;Acidente sem vítima;277;BR-101/ES;Norte;Colisão Lateral;1;8;0;0;0;0;1
11/01/2018;16:31:00;297;Acidente sem vítima;283;BR-101/ES;Norte;Colisão Frontal;1;3;0;0;0;0;1
11/01/2018;20:34:00;363;Acidente com morte;33;BR-101/ES;Sul;Colisão Transversal;1;1;1;1;2;1;3
12/01/2018;07:55:00;107;Acidente sem vítima;83;BR-101/ES;Sul;Tombamento;1;3;0;0;0;0;1
13/01/2018;07:19:00;83;Acidente com vítima;101;BR-101/ES;Norte;Colisão Transversal;1;4;1;0;0;0;1
13/01/2018;17:54:00;285;Acidente sem vítima;266;BR-101/ES;Norte;Colisão Lateral;1;2;0;0;0;0;1
14/01/2018;10:01:00;157;Acidente sem vítima;85,8;BR-101/ES;Norte;Colisão Traseira;1;3;0;0;0;0;1
16/01/2018;06:12:00;89;Acidente sem vítima;371;BR-101/ES;Sul;Colisão Transversal;1;2;0;0;0;0;1
16/01/2018;12:42:00;257;Acidente sem vítima;364;BR-101/ES;Sul;Engavetamento;1;3;0;0;0;0;1
17/01/2018;17:54:00;368;Acidente com vítima;203;BR-101/ES;Sul;Colisão Transversal;1;1;0;1;0;0;2
18/01/2018;11:02:00;190;Acidente com vítima;158;BR-101/ES;Norte;Colisão Traseira;1;1;0;1;0;0;2
18/01/2018;16:08:00;309;Acidente sem vítima;307;BR-101/ES;Norte;Colisão Traseira;1;3;0;0;0;0;1
19/01/2018;09:29:00;142;Acidente sem vítima;266;BR-101/ES;Sul;Engavetamento;1;3;0;0;0;0;1
19/01/2018;12:30:00;227;Acidente com vítima;331;BR-101/ES;Norte;Colisão Traseira;1;2;1;1;0;0;2
20/01/2018;01:33:00;28;Acidente com vítima;169;BR-101/ES;Norte;Saída de Pista;1;0;0;1;0;0;2
20/01/2018;07:20:00;95;Acidente sem vítima;295;BR-101/ES;Norte;Colisão Traseira;1;5;0;0;0;0;1
21/01/2018;11:57:00;174;Acidente sem vítima;241;BR-101/ES;Norte;Colisão Lateral;1;2;0;0;0;0;1
22/01/2018;02:22:00;40;Acidente com vítima;398;BR-101/ES;Norte;Tombamento;1;0;1;0;0;0;1
22/01/2018;12:00:00;242;Acidente com vítima;117;BR-101/ES;Sul;Colisão Lateral;2;16;3;0;0;0;1
22/01/2018;14:19:00;296;Acidente sem vítima;181;BR-101/ES;Sul;Saída de Pista;1;1;0;0;0;0;1
22/01/2018;15:02:00;311;Acidente sem vítima;294;BR-101/ES;Norte;Colisão Lateral;1;2;0;0;0;0;1
22/01/2018;18:07:00;373;Acidente sem vítima;212,6;BR-101/ES;Sul;Colisão Traseira;1;2;0;0;0;0;1
22/01/2018;20:39:00;413;Acidente com vítima;202,2;BR-101/ES;Sul;Choque com Objeto Fixo;1;1;0;1;0;0;2
25/01/2018;20:29:00;391;Acidente sem vítima;286;BR-101/ES;Norte;Colisão Lateral;1;2;0;0;0;0;1
26/01/2018;09:30:00;132;Acidente sem vítima;397;BR-101/ES;Norte;Colisão Lateral;1;5;0;0;0;0;1
26/01/2018;10:55:00;179;Acidente sem vítima;85,8;BR-101/ES;Norte;Colisão Traseira;1;2;0;0;0;0;1
26/01/2018;18:40:00;345;Acidente sem vítima;326,2;BR-101/ES;Norte;Engavetamento;1;4;0;0;0;0;1
27/01/2018;10:10:00;180;Acidente sem vítima;371;BR-101/ES;Sul;Colisão Traseira;1;2;0;0;0;0;1
27/01/2018;15:51:00;306;Acidente sem vítima;297;BR-101/ES;Sul;Choque com Objeto Fixo;1;1;0;0;0;0;1
27/01/2018;18:25:00;339;Acidente sem vítima;31;BR-101/ES;Sul;Colisão Transversal;1;2;0;0;0;0;1
28/01/2018;14:31:00;239;Acidente com vítima;144;BR-101/ES;Norte;Colisão Transversal;1;2;2;0;0;0;1
29/01/2018;16:41:00;334;Acidente sem vítima;68;BR-101/ES;Norte;Choque com Objeto Fixo;1;1;0;0;0;0;1
30/01/2018;16:41:00;320;Acidente sem vítima;296;BR-101/ES;Sul;Colisão Traseira;1;4;0;0;0;0;1
31/01/2018;04:11:00;50;Acidente sem vítima;298;BR-101/ES;Norte;Colisão Traseira;1;2;0;0;0;0;1
31/01/2018;13:23:00;214;Acidente sem vítima;259;BR-101/ES;Norte;Colisão Traseira;1;2;0;0;0;0;1
01/02/2018;06:57:00;71;Acidente sem vítima;270;BR-101/ES;Norte;Colisão Lateral;1;4;0;0;0;0;1
01/02/2018;10:45:00;182;Acidente sem vítima;212;BR-101/ES;Norte;Colisão Traseira;1;3;0;0;0;0;1
01/02/2018;19:20:00;364;Acidente sem vítima;281;BR-101/ES;Sul;Choque com Objeto Fixo;1;3;0;0;0;0;1
01/02/2018;19:51:00;375;Acidente sem vítima;193;BR-101/ES;Sul;Veículo em Chamas;1;2;0;0;0;0;1
02/02/2018;07:54:00;79;Acidente com vítima;284;BR-101/ES;Sul;Saída de Pista;1;0;2;0;0;0;1
02/02/2018;14:23:00;247;Acidente sem vítima;201,6;BR-101/ES;Sul;Colisão Traseira;1;5;0;0;0;0;1
02/02/2018;15:14:00;258;Acidente sem vítima;285;BR-101/ES;Sul;Colisão Traseira;1;3;0;0;0;0;1
02/02/2018;20:42:00;343;Acidente com vítima;375;BR-101/ES;Norte;Colisão Traseira;1;2;0;0;1;0;2
03/02/2018;03:51:00;53;Acidente sem vítima;147;BR-101/ES;Norte;Colisão Transversal;1;2;0;0;0;0;1
04/02/2018;16:02:00;235;Acidente sem vítima;271;BR-101/ES;Norte;Colisão Traseira;1;2;0;0;0;0;1
05/02/2018;06:47:00;81;Acidente com vítima;169;BR-101/ES;Norte;Colisão Lateral;1;1;0;1;0;0;2
06/02/2018;00:51:00;17;Acidente sem vítima;269;BR-101/ES;Norte;Colisão Transversal;1;3;0;0;0;0;1
06/02/2018;09:37:00;141;Acidente sem vítima;123;BR-101/ES;Sul;Colisão Traseira;1;4;0;0;0;0;1
06/02/2018;18:35:00;339;Acidente com vítima;421;BR-101/ES;Sul;Colisão Transversal;1;2;2;1;1;0;2
07/02/2018;14:12:00;306;Acidente com vítima;146;BR-101/ES;Norte;Colisão Traseira;1;2;1;0;0;0;1
08/02/2018;09:43:00;168;Acidente sem vítima;371,5;BR-101/ES;Norte;Saída de Pista;1;2;0;0;0;0;1
08/02/2018;11:04:00;230;Acidente sem vítima;284;BR-101/ES;Sul;Colisão Lateral;1;3;0;0;0;0;1
08/02/2018;11:51:00;283;Acidente sem vítima;213;BR-101/ES;Norte;Engavetamento;1;3;0;0;0;0;1
08/02/2018;13:22:00;311;Acidente com vítima;285;BR-101/ES;Sul;Queda de Moto;1;1;0;1;0;0;2
09/02/2018;14:54:00;334;Acidente sem vítima;129;BR-101/ES;Norte;Colisão Lateral;1;4;0;0;0;0;1
09/02/2018;18:17:00;413;Acidente sem vítima;220;BR-101/ES;Sul;Colisão Lateral;1;3;0;0;0;0;1
10/02/2018;00:51:00;16;Acidente com morte;427,2;BR-101/ES;Sul;Colisão Frontal;1;1;0;0;0;2;3
10/02/2018;19:31:00;393;Acidente sem vítima;370;BR-101/ES;Sul;Colisão Transversal;1;6;0;0;0;0;1
12/02/2018;10:50:00;146;Acidente sem vítima;66,1;BR-101/ES;Sul;Colisão Lateral;1;3;0;0;0;0;1
14/02/2018;09:44:00;151;Acidente sem vítima;320;BR-101/ES;Sul;Colisão Traseira;1;18;0;0;0;0;1
14/02/2018;12:25:00;219;Acidente sem vítima;270;BR-101/ES;Sul;Colisão Traseira;2;2;0;0;0;0;1
14/02/2018;18:07:00;350;Acidente com vítima;268;BR-101/ES;Sul;Engavetamento;1;4;2;0;0;0;1
14/02/2018;18:52:00;358;Acidente sem vítima;460;BR-101/ES;Sul;Tombamento;1;1;0;0;0;0;1
16/02/2018;06:26:00;94;Acidente sem vítima;162,6;BR-101/ES;Norte;Colisão Lateral;1;4;0;0;0;0;1
16/02/2018;07:13:00;104;Acidente com vítima;124,7;BR-101/ES;Sul;Tombamento;1;0;1;0;0;0;1
16/02/2018;14:43:00;333;Acidente sem vítima;67,7;BR-101/ES;Sul;Choque com Objeto Fixo;1;1;0;0;0;0;1
17/02/2018;08:32:00;129;Acidente sem vítima;25,5;BR-101/ES;Sul;Colisão Transversal;1;5;0;0;0;0;1
18/02/2018;17:27:00;287;Acidente sem vítima;268;BR-101/ES;Sul;Colisão Traseira;1;4;0;0;0;0;1
19/02/2018;21:10:00;382;Acidente sem vítima;223;BR-101/ES;Norte;Colisão Lateral;1;5;0;0;0;0;1
20/02/2018;06:12:00;80;Acidente com vítima;401;BR-101/ES;Sul;Colisão Traseira;1;0;1;0;0;0;1
20/02/2018;06:54:00;87;Acidente sem vítima;268;BR-101/ES;Norte;Colisão Traseira;1;2;0;0;0;0;1
21/02/2018;01:10:00;24;Acidente com vítima;119,1;BR-101/ES;Sul;Colisão Traseira;1;1;0;1;0;0;2
22/02/2018;12:06:00;249;Acidente com vítima;378;BR-101/ES;Norte;Colisão Traseira;1;4;0;2;0;0;2
23/02/2018;07:56:00;89;Acidente com vítima;292;BR-101/ES;Sul;Colisão Lateral;1;2;0;1;0;0;2
23/02/2018;18:41:00;383;Acidente sem vítima;294;BR-101/ES;Sul;Colisão Transversal;1;3;0;0;0;0;1
23/02/2018;19:11:00;392;Acidente sem vítima;117;BR-101/ES;Sul;Colisão Lateral;1;2;0;0;0;0;1
24/02/2018;20:52:00;359;Acidente com vítima;32;BR-101/ES;Norte;Colisão Lateral;1;0;1;0;1;0;2
26/02/2018;13:08:00;276;Acidente com vítima;246;BR-101/ES;Sul;Colisão Traseira;1;2;1;0;0;0;1
26/02/2018;14:34:00;309;Acidente sem vítima;358;BR-101/ES;Norte;Saída de Pista;1;1;0;0;0;0;1
27/02/2018;09:04:00;129;Acidente sem vítima;401;BR-101/ES;Sul;Tombamento;1;2;0;0;0;0;1
27/02/2018;16:41:00;327;Acidente sem vítima;288;BR-101/ES;Norte;Colisão Traseira;1;1;0;0;0;0;1
28/02/2018;19:26:00;373;Atropelamento com morte;100;BR-101/ES;Sul;Atropelamento;1;1;0;0;0;1;3
28/02/2018;20:33:00;386;Acidente sem vítima;329;BR-101/ES;Sul;Atropelamento de Equino;1;1;0;0;0;0;1
01/03/2018;07:31:00;100;Acidente sem vítima;245;BR-101/ES;Norte;Colisão Transversal;1;3;0;0;0;0;1
01/03/2018;16:52:00;331;Acidente sem vítima;268;BR-101/ES;Norte;Colisão Lateral;1;6;0;0;0;0;1
05/03/2018;08:50:00;128;Acidente sem vítima;270;BR-101/ES;Norte;Engavetamento;1;3;0;0;0;0;1
07/03/2018;04:34:00;42;Acidente sem vítima;268;BR-101/ES;Sul;Colisão Traseira;2;2;0;0;0;0;1
07/03/2018;05:32:00;54;Acidente sem vítima;268;BR-101/ES;Sul;Colisão Traseira;1;2;0;0;0;0;1
07/03/2018;17:51:00;299;Acidente sem vítima;255;BR-101/ES;Sul;Colisão Traseira;1;2;0;0;0;0;1
08/03/2018;12:45:00;224;Acidente com morte;222;BR-101/ES;Sul;Colisão Frontal;1;0;0;1;1;1;3
08/03/2018;23:46:00;430;Acidente sem vítima;446;BR-101/ES;Sul;Choque;1;1;0;0;0;0;1
09/03/2018;19:53:00;389;Acidente sem vítima;297;BR-101/ES;Norte;Colisão Lateral;1;2;0;0;0;0;1
10/03/2018;12:47:00;222;Acidente com vítima;230;BR-101/ES;Norte;Queda de Moto;1;1;1;0;0;0;1
12/03/2018;18:43:00;362;Acidente com morte;310,4;BR-101/ES;Sul;Choque com Objeto Fixo;1;0;0;0;0;1;3
13/03/2018;15:32:00;310;Acidente com morte;121,5;BR-101/ES;Sul;Colisão Frontal;1;1;0;0;0;1;3
14/03/2018;00:35:00;11;Acidente sem vítima;146;BR-101/ES;Norte;Choque com Objeto Fixo;1;1;0;0;0;0;1
14/03/2018;01:10:00;25;Acidente sem vítima;148;BR-101/ES;Norte;Choque com Objeto Fixo;1;1;0;0;0;0;1
14/03/2018;07:47:00;111;Acidente com vítima;260;BR-101/ES;Sul;Colisão Frontal;1;1;0;1;0;0;2
14/03/2018;13:53:00;273;Acidente com vítima;4;BR-101/ES;Norte;Tombamento;1;0;1;1;0;0;2
16/03/2018;07:00:00;92;Acidente com vítima;290;BR-101/ES;Norte;Colisão Traseira;1;2;0;1;0;0;2
16/03/2018;18:35:00;349;Acidente sem vítima;305;BR-101/ES;Norte;Colisão Lateral;1;2;0;0;0;0;1
16/03/2018;23:11:00;425;Acidente sem vítima;321;BR-101/ES;Sul;Engavetamento;1;5;0;0;0;0;1
17/03/2018;08:53:00;126;Acidente sem vítima;358;BR-101/ES;Sul;Choque com Objeto Fixo;1;1;0;0;0;0;1
17/03/2018;15:23:00;273;Acidente sem vítima;169;BR-101/ES;Norte;Colisão Lateral;1;6;0;0;0;0;1
17/03/2018;22:33:00;372;Acidente com morte;308,7;BR-101/ES;Norte;Colisão Lateral;1;1;0;0;0;1;3
19/03/2018;19:23:00;390;Acidente sem vítima;396;BR-101/ES;Norte;Colisão Traseira;1;3;0;0;0;0;1
20/03/2018;07:13:00;84;Acidente sem vítima;266;BR-101/ES;Sul;Colisão Traseira;1;2;0;0;0;0;1
21/03/2018;06:49:00;89;Acidente com vítima;128;BR-101/ES;Sul;Colisão Transversal;1;1;1;0;0;0;1
22/03/2018;10:57:00;210;Acidente com vítima;293;BR-101/ES;Norte;Colisão Frontal;1;1;0;1;0;0;2
22/03/2018;14:10:00;283;Acidente sem vítima;358;BR-101/ES;Sul;Tombamento;1;1;0;0;0;0;1
22/03/2018;16:01:00;306;Acidente com vítima;269;BR-101/ES;Sul;Colisão Traseira;1;3;2;0;0;0;1
24/03/2018;15:56:00;290;Acidente sem vítima;61;BR-101/ES;Norte;Colisão Transversal;1;2;0;0;0;0;1
25/03/2018;12:59:00;209;Acidente com vítima;135;BR-101/ES;Norte;Colisão Traseira;1;1;1;0;0;0;1
26/03/2018;08:58:00;128;Acidente sem vítima;84;BR-101/ES;Sul;Veículo em Chamas;1;1;0;0;0;0;1
26/03/2018;12:57:00;229;Acidente sem vítima;242;BR-101/ES;Sul;Choque com Objeto Fixo;1;1;0;0;0;0;1
27/03/2018;14:19:00;254;Acidente com vítima;146;BR-101/ES;Sul;Colisão Lateral;1;3;2;0;0;0;1
27/03/2018;17:28:00;331;Acidente com vítima;413;BR-101/ES;Sul;Colisão Lateral;1;1;1;0;0;0;1
27/03/2018;17:56:00;344;Acidente sem vítima;242;BR-101/ES;Norte;Choque com Objeto Fixo;1;2;0;0;0;0;1
28/03/2018;10:18:00;180;Acidente sem vítima;295;BR-101/ES;Norte;Colisão Traseira;1;2;0;0;0;0;1
28/03/2018;20:12:00;380;Acidente com vítima;214;BR-101/ES;Norte;Colisão Transversal;1;1;0;1;1;0;2
29/03/2018;14:44:00;300;Acidente com vítima;235;BR-101/ES;Sul;Colisão Frontal;1;3;0;1;1;0;2
29/03/2018;14:50:00;301;Acidente sem vítima;142;BR-101/ES;Norte;Colisão Lateral;2;2;0;0;0;0;1
29/03/2018;20:40:00;398;Acidente sem vítima;213;BR-101/ES;Sul;Saída de Pista;1;1;0;0;0;0;1
29/03/2018;23:36:00;457;Acidente sem vítima;181;BR-101/ES;Sul;Colisão Lateral;1;3;0;0;0;0;1
02/04/2018;16:28:00;315;Acidente sem vítima;282;BR-101/ES;Sul;Colisão Lateral;1;3;0;0;0;0;1
02/04/2018;17:16:00;330;Acidente sem vítima;335;BR-101/ES;Sul;Colisão Lateral;1;2;0;0;0;0;1
02/04/2018;18:27:00;354;Acidente com vítima;368;BR-101/ES;Norte;Saída de Pista;1;0;0;1;0;0;2
03/04/2018;13:22:00;229;Acidente sem vítima;229,265;BR-101/ES;Norte;Colisão Traseira;1;5;0;0;0;0;1
04/04/2018;08:58:00;132;Acidente sem vítima;293;BR-101/ES;Sul;Engavetamento;1;1;0;0;0;0;1
04/04/2018;17:45:00;318;Acidente sem vítima;263;BR-101/ES;Norte;Colisão Traseira;1;2;0;0;0;0;1
05/04/2018;02:20:00;32;Acidente sem vítima;431;BR-101/ES;Norte;Choque com Objeto Fixo;1;1;0;0;0;0;1
05/04/2018;06:41:00;71;Acidente sem vítima;293;BR-101/ES;Sul;Colisão Traseira;1;2;0;0;0;0;1
05/04/2018;22:38:00;385;Acidente sem vítima;255;BR-101/ES;Norte;Colisão Transversal;1;2;0;0;0;0;1
06/04/2018;11:11:00;164;Acidente com vítima;203;BR-101/ES;Sul;Engavetamento;1;5;0;1;0;0;2
07/04/2018;10:30:00;140;Acidente sem vítima;274;BR-101/ES;Norte;Colisão Lateral;1;3;0;0;0;0;1
07/04/2018;11:11:00;153;Acidente sem vítima;260;BR-101/ES;Norte;Colisão Lateral;1;3;0;0;0;0;1
07/04/2018;19:01:00;296;Acidente sem vítima;126;BR-101/ES;Norte;Colisão Traseira;1;2;0;0;0;0;1
09/04/2018;09:00:00;140;Acidente com vítima;390;BR-101/ES;Sul;Colisão Lateral;2;2;1;0;0;0;1
11/04/2018;09:06:00;146;Acidente sem vítima;145;BR-101/ES;Norte;Colisão Traseira;1;2;0;0;0;0;1
12/04/2018;11:27:00;176;Acidente sem vítima;266;BR-101/ES;Sul;Colisão Lateral;1;2;0;0;0;0;1
12/04/2018;17:09:00;291;Acidente sem vítima;110;BR-101/ES;Norte;Choque;1;6;0;0;0;0;1
13/04/2018;14:12:00;253;Acidente sem vítima;219;BR-101/ES;Sul;Engavetamento;2;5;0;0;0;0;1
13/04/2018;18:53:00;334;Acidente sem vítima;269;BR-101/ES;Sul;Colisão Lateral;1;5;0;0;0;0;1
13/04/2018;22:58:00;399;Acidente sem vítima;404;BR-101/ES;Norte;Atropelamento de Bovino;1;2;0;0;0;0;1
16/04/2018;14:33:00;290;Acidente com vítima;46;BR-101/ES;Norte;Colisão Traseira;1;3;0;1;0;0;2
17/04/2018;05:03:00;73;Acidente sem vítima;258;BR-101/ES;Norte;Atropelamento de Equino;1;2;0;0;0;0;1
18/04/2018;13:31:00;244;Acidente com vítima;293;BR-101/ES;Sul;Colisão Transversal;1;1;1;0;0;0;1
18/04/2018;23:55:00;398;Acidente sem vítima;385;BR-101/ES;Sul;Colisão Lateral;1;5;0;0;0;0;1
19/04/2018;10:32:00;158;Acidente sem vítima;293;BR-101/ES;Sul;Colisão Traseira;1;5;0;0;0;0;1
19/04/2018;23:18:00;385;Acidente sem vítima;375,5;BR-101/ES;Sul;Colisão Lateral;1;2;0;0;0;0;1
19/04/2018;23:20:00;386;Acidente sem vítima;442;BR-101/ES;Norte;Colisão Lateral;1;3;0;0;0;0;1
20/04/2018;20:05:00;380;Acidente sem vítima;237;BR-101/ES;Sul;Colisão Traseira;1;5;0;0;0;0;1
22/04/2018;09:25:00;105;Acidente sem vítima;331;BR-101/ES;Norte;Colisão Traseira;1;4;0;0;0;0;1
23/04/2018;07:27:00;108;Acidente sem vítima;65;BR-101/ES;Sul;Engavetamento;1;5;0;0;0;0;1
23/04/2018;18:11:00;296;Acidente sem vítima;148;BR-101/ES;Sul;Engavetamento;1;5;0;0;0;0;1
24/04/2018;16:26:00;300;Acidente sem vítima;281;BR-101/ES;Norte;Veículo em Chamas;1;1;0;0;0;0;1
24/04/2018;18:05:00;339;Acidente com vítima;192;BR-101/ES;Sul;Colisão Lateral;1;3;0;2;0;0;2
27/04/2018;10:02:00;148;Acidente sem vítima;263;BR-101/ES;Sul;Tombamento;1;1;0;0;0;0;1
27/04/2018;14:36:00;243;Acidente com vítima;294;BR-101/ES;Norte;Colisão Traseira;1;2;0;1;0;0;2
30/04/2018;10:06:00;160;Acidente sem vítima;267;BR-101/ES;Norte;Colisão Traseira;1;3;0;0;0;0;1