data;horario;n_da_ocorrencia;tipo_de_ocorrencia;km;trecho;sentido;tipo_de_acidente;caminhao;ilesos;levemente_feridos;moderadamente_feridos;gravemente_feridos;mortos;3
30/04/2018;18:35:00;343;Acidente sem vítima;212;BR-101/ES;Sul;Colisão Lateral;1;2;0;0;0;0;1
02/05/2018;16:04:00;294;Acidente sem vítima;414;BR-101/ES;Norte;Tombamento;1;1;0;0;0;0;1
03/05/2018;12:16:00;206;Acidente com vítima;241;BR-101/ES;Norte;Colisão Transversal;1;1;0;1;0;0;2
04/05/2018;10:40:00;165;Acidente sem vítima;206;BR-101/ES;Sul;Colisão Traseira;1;3;0;0;0;0;1
04/05/2018;14:14:00;253;Acidente com vítima;165;BR-101/ES;Norte;Colisão Lateral;2;3;1;2;0;0;2
04/05/2018;16:30:00;290;Acidente sem vítima;206;BR-101/ES;Norte;Colisão Traseira;1;4;0;0;0;0;1
05/05/2018;05:29:00;67;Acidente sem vítima;264,5;BR-101/ES;Sul;Colisão Transversal;1;2;0;0;0;0;1
05/05/2018;15:28:00;251;Acidente com vítima;66;BR-101/ES;Sul;Colisão Transversal;1;4;0;1;0;0;2
07/05/2018;05:08:00;66;Acidente sem vítima;92,3;BR-101/ES;Norte;Saída de Pista;1;1;0;0;0;0;1
07/05/2018;07:11:00;91;Acidente sem vítima;339;BR-101/ES;Sul;Choque;1;2;0;0;0;0;1
07/05/2018;13:14:00;253;Acidente com vítima;247;BR-101/ES;Norte;Colisão Traseira;1;1;1;0;0;0;1
07/05/2018;18:34:00;352;Acidente sem vítima;279;BR-101/ES;Norte;Colisão Lateral;1;2;0;0;0;0;1
08/05/2018;06:00:00;71;Acidente sem vítima;321;BR-101/ES;Sul;Colisão Traseira;1;6;0;0;0;0;1
08/05/2018;15:22:00;242;Acidente sem vítima;374;BR-101/ES;Norte;Colisão Traseira;1;3;0;0;0;0;1
08/05/2018;20:54:00;313;Acidente sem vítima;408;BR-101/ES;Norte;Colisão Traseira;1;3;0;0;0;0;1
10/05/2018;17:00:00;323;Acidente sem vítima;262;BR-101/ES;Norte;Colisão Traseira;1;2;0;0;0;0;1
11/05/2018;13:24:00;243;Acidente sem vítima;264;BR-101/ES;Norte;Colisão Traseira;1;2;0;0;0;0;1
11/05/2018;18:37:00;354;Acidente sem vítima;269;BR-101/ES;Sul;Engavetamento;1;5;0;0;0;0;1
15/05/2018;00:41:00;10;Acidente sem vítima;407,8;BR-101/ES;Norte;Saída de Pista;1;3;0;0;0;0;1
15/05/2018;06:00:00;59;Acidente sem vítima;304;BR-101/ES;Norte;Colisão Lateral;1;2;0;0;0;0;1
15/05/2018;09:16:00;112;Acidente com morte;245;BR-101/ES;Sul;Colisão Lateral;1;4;0;3;1;1;3
15/05/2018;15:29:00;248;Acidente sem vítima;213;BR-101/ES;Norte;Colisão Traseira;2;2;0;0;0;0;1
16/05/2018;08:04:00;94;Acidente sem vítima;259;BR-101/ES;Sul;Colisão Traseira;1;2;0;0;0;0;1
16/05/2018;12:08:00;188;Acidente sem vítima;206;BR-101/ES;Sul;Colisão Traseira;2;3;0;0;0;0;1
16/05/2018;14:15:00;240;Acidente sem vítima;213;BR-101/ES;Norte;Colisão Transversal;1;2;0;0;0;0;1
16/05/2018;16:17:00;270;Atropelamento sem morte;358;BR-101/ES;Sul;Atropelamento;1;0;2;1;0;0;2
18/05/2018;07:29:00;96;Acidente sem vítima;376,3;BR-101/ES;Norte;Colisão Traseira;1;1;0;0;0;0;1
18/05/2018;07:53:00;105;Acidente com vítima;301;BR-101/ES;Sul;Colisão Traseira;1;1;0;2;0;0;2
18/05/2018;21:24:00;403;Acidente com vítima;269;BR-101/ES;Sul;Engavetamento;1;2;0;1;0;0;2
19/05/2018;04:17:00;64;Acidente sem vítima;223;BR-101/ES;Norte;Saída de Pista;1;1;0;0;0;0;1
19/05/2018;05:49:00;84;Acidente com vítima;310,5;BR-101/ES;Norte;Capotamento;1;0;0;0;1;0;2
21/05/2018;05:26:00;63;Acidente sem vítima;399;BR-101/ES;Norte;Colisão Traseira;1;2;0;0;0;0;1
21/05/2018;06:42:00;78;Acidente sem vítima;280;BR-101/ES;Sul;Colisão Lateral;1;2;0;0;0;0;1
21/05/2018;08:22:00;111;Acidente sem vítima;271;BR-101/ES;Norte;Colisão Lateral;1;2;0;0;0;0;1
21/05/2018;17:44:00;317;Acidente sem vítima;208;BR-101/ES;Norte;Colisão Lateral;1;3;0;0;0;0;1
22/05/2018;20:16:00;328;Acidente com vítima;144;BR-101/ES;Norte;Colisão Traseira;1;1;1;0;0;0;1
25/05/2018;12:53:00;133;Acidente com vítima;126;BR-101/ES;Norte;Colisão Transversal;1;2;1;0;0;0;1
26/05/2018;07:55:00;54;Acidente com vítima;461;BR-101/ES;Sul;Colisão Transversal;1;1;2;0;0;0;1
28/05/2018;08:55:00;86;Acidente sem vítima;269,5;BR-101/ES;Sul;Colisão Traseira;1;3;0;0;0;0;1
30/05/2018;10:15:00;76;Acidente sem vítima;267;BR-101/ES;Sul;Colisão Traseira;1;3;0;0;0;0;1
30/05/2018;17:03:00;197;Acidente com vítima;13,9;BR-101/ES;Sul;Saída de Pista;1;0;0;2;0;0;2
01/06/2018;19:34:00;322;Acidente sem vítima;266;BR-101/ES;Norte;Colisão Traseira;1;2;0;0;0;0;1
01/06/2018;23:05:00;381;Acidente com vítima;277;BR-101/ES;Norte;Colisão Traseira;1;1;1;0;0;0;1
02/06/2018;15:39:00;230;Acidente sem vítima;399;BR-101/ES;Sul;Choque com Objeto Fixo;1;1;0;0;0;0;1
02/06/2018;16:50:00;251;Acidente com morte;67;BR-101/ES;Sul;Colisão Transversal;1;1;0;0;0;1;3
04/06/2018;06:49:00;79;Acidente sem vítima;268;BR-101/ES;Norte;Engavetamento;2;5;0;0;0;0;1
04/06/2018;15:17:00;274;Acidente sem vítima;379;BR-101/ES;Norte;Engavetamento;1;3;0;0;0;0;1
05/06/2018;03:10:00;44;Acidente sem vítima;171;BR-101/ES;Sul;Engavetamento;1;3;0;0;0;0;1
05/06/2018;04:43:00;64;Atropelamento sem morte;303;BR-101/ES;Sul;Atropelamento;1;1;0;1;0;0;2
05/06/2018;11:13:00;198;Acidente com morte;7,5;BR-101/ES;Sul;Colisão Frontal;2;2;0;0;0;1;3
06/06/2018;14:48:00;265;Acidente com vítima;346;BR-101/ES;Norte;Colisão Lateral;1;2;2;0;0;0;1
08/06/2018;18:19:00;353;Acidente com vítima;280;BR-101/ES;Sul;Colisão Lateral;1;2;0;1;0;0;2
08/06/2018;23:29:00;454;Acidente com vítima;147;BR-101/ES;Sul;Saída de Pista;1;0;1;0;0;0;1
09/06/2018;16:03:00;267;Acidente sem vítima;266;BR-101/ES;Sul;Colisão Lateral;1;2;0;0;0;0;1
09/06/2018;18:29:00;313;Acidente com vítima;146;BR-101/ES;Norte;Colisão Transversal;1;3;5;2;0;0;2
10/06/2018;07:01:00;83;Acidente sem vítima;408;BR-101/ES;Sul;Tombamento;1;1;0;0;0;0;1
11/06/2018;02:03:00;32;Acidente sem vítima;145;BR-101/ES;Sul;Colisão Traseira;1;2;0;0;0;0;1
11/06/2018;07:51:00;98;Acidente sem vítima;320;BR-101/ES;Sul;Colisão Traseira;2;4;0;0;0;0;1
13/06/2018;06:56:00;78;Acidente com vítima;293;BR-101/ES;Norte;Colisão Lateral;1;2;1;0;0;0;1
13/06/2018;08:58:00;125;Acidente sem vítima;292,8;BR-101/ES;Sul;Engavetamento;1;4;0;0;0;0;1
13/06/2018;10:05:00;147;Acidente com vítima;266;BR-101/ES;Norte;Colisão Transversal;1;2;0;1;0;0;2
13/06/2018;10:40:00;160;Acidente sem vítima;213;BR-101/ES;Norte;Colisão Traseira;1;3;0;0;0;0;1
14/06/2018;09:12:00;134;Acidente sem vítima;418;BR-101/ES;Sul;Atropelamento Animal;1;1;0;0;0;0;1
14/06/2018;12:56:00;240;Acidente sem vítima;269;BR-101/ES;Sul;Colisão Lateral;1;2;0;0;0;0;1
15/06/2018;07:24:00;90;Acidente sem vítima;293;BR-101/ES;Norte;Colisão Traseira;1;2;0;0;0;0;1
15/06/2018;10:22:00;153;Acidente sem vítima;266;BR-101/ES;Norte;Colisão Lateral;1;2;0;0;0;0;1
15/06/2018;11:19:00;173;Acidente sem vítima;438;BR-101/ES;Sul;Capotamento;1;1;0;0;0;0;1
15/06/2018;21:42:00;391;Acidente sem vítima;203;BR-101/ES;Sul;Choque com Objeto Fixo;1;1;0;0;0;0;1
16/06/2018;15:40:00;254;Acidente sem vítima;142;BR-101/ES;Norte;Saída de Pista;1;3;0;0;0;0;1
16/06/2018;17:55:00;303;Acidente sem vítima;418;BR-101/ES;Sul;Veículo em Chamas;1;1;0;0;0;0;1
18/06/2018;14:00:00;251;Acidente sem vítima;284;BR-101/ES;Norte;Saída de Pista;1;1;0;0;0;0;1
18/06/2018;20:37:00;350;Acidente sem vítima;254,5;BR-101/ES;Sul;Colisão Traseira;1;2;0;0;0;0;1
19/06/2018;19:06:00;318;Acidente sem vítima;281;BR-101/ES;Sul;Colisão Traseira;1;2;0;0;0;0;1
20/06/2018;15:08:00;283;Acidente sem vítima;440;BR-101/ES;Sul;Colisão Traseira;1;2;0;0;0;0;1
20/06/2018;16:28:00;303;Acidente sem vítima;144;BR-101/ES;Norte;Colisão Traseira;1;1;0;0;0;0;1
21/06/2018;05:22:00;68;Acidente sem vítima;61;BR-101/ES;Sul;Colisão Transversal;1;2;0;0;0;0;1
22/06/2018;11:49:00;166;Acidente sem vítima;293,5;BR-101/ES;Sul;Colisão Lateral;1;3;0;0;0;0;1
25/06/2018;06:19:00;71;Acidente com vítima;455;BR-101/ES;Norte;Colisão Traseira;1;3;0;1;0;0;2
26/06/2018;15:15:00;280;Acidente com vítima;282;BR-101/ES;Sul;Colisão Lateral;1;1;0;1;0;0;2
27/06/2018;17:30:00;333;Acidente com morte;23;BR-101/ES;Sul;Colisão Lateral;1;1;0;0;0;1;3
28/06/2018;23:17:00;413;Acidente com morte;349;BR-101/ES;Sul;Colisão Lateral;1;1;0;0;0;1;3
28/06/2018;23:29:00;418;Acidente com vítima;435;BR-101/ES;Norte;Tombamento;1;0;0;1;0;0;2
29/06/2018;00:49:00;16;Acidente sem vítima;275;BR-101/ES;Sul;Saída de Pista;1;1;0;0;0;0;1
29/06/2018;17:16:00;291;Acidente sem vítima;220;BR-101/ES;Norte;Colisão Lateral;1;2;0;0;0;0;1
30/06/2018;06:16:00;74;Acidente com vítima;176;BR-101/ES;Sul;Colisão Transversal;1;1;0;1;0;0;2
01/07/2018;04:40:00;62;Acidente com morte;343,3;BR-101/ES;Sul;Colisão Lateral;1;1;0;1;0;1;3
02/07/2018;08:33:00;108;Acidente com vítima;302;BR-101/ES;Sul;Colisão Transversal;1;2;0;1;0;0;2
03/07/2018;09:04:00;121;Acidente sem vítima;297;BR-101/ES;Sul;Colisão Traseira;1;3;0;0;0;0;1
04/07/2018;10:23:00;144;Acidente sem vítima;394;BR-101/ES;Sul;Saída de Pista;1;2;0;0;0;0;1
05/07/2018;07:43:00;101;Acidente com vítima;264;BR-101/ES;Norte;Colisão Traseira;2;0;1;0;0;0;1
05/07/2018;12:54:00;225;Acidente sem vítima;18;BR-101/ES;Sul;Colisão Traseira;1;2;0;0;0;0;1
06/07/2018;11:16:00;194;Acidente sem vítima;401;BR-101/ES;Norte;Colisão Traseira;1;2;0;0;0;0;1
06/07/2018;11:57:00;218;Acidente com vítima;290;BR-101/ES;Sul;Colisão Lateral;1;2;2;0;0;0;1
06/07/2018;14:49:00;281;Acidente com vítima;156;BR-101/ES;Sul;Queda de Moto;1;1;1;1;0;0;2
06/07/2018;18:31:00;354;Acidente sem vítima;265;BR-101/ES;Sul;Colisão Traseira;1;2;0;0;0;0;1
09/07/2018;15:48:00;310;Acidente sem vítima;147;BR-101/ES;Sul;Colisão Transversal;1;2;0;0;0;0;1
10/07/2018;06:08:00;74;Acidente sem vítima;176;BR-101/ES;Norte;Danos Eventuais;1;1;0;0;0;0;1
10/07/2018;14:49:00;277;Acidente sem vítima;78;BR-101/ES;Sul;Colisão Traseira;1;7;0;0;0;0;1
11/07/2018;07:03:00;81;Acidente sem vítima;266;BR-101/ES;Sul;Colisão Traseira;1;2;0;0;0;0;1
11/07/2018;09:47:00;138;Acidente sem vítima;422;BR-101/ES;Norte;Colisão Traseira;1;2;0;0;0;0;1
12/07/2018;05:08:00;55;Acidente sem vítima;360;BR-101/ES;Sul;Veículo em Chamas;1;3;0;0;0;0;1
12/07/2018;12:26:00;196;Acidente sem vítima;268;BR-101/ES;Norte;Colisão Lateral;1;2;0;0;0;0;1
13/07/2018;16:31:00;312;Acidente sem vítima;279;BR-101/ES;Norte;Colisão Lateral;1;2;0;0;0;0;1
13/07/2018;17:38:00;343;Acidente sem vítima;262;BR-101/ES;Sul;Engavetamento;1;3;0;0;0;0;1
14/07/2018;13:31:00;235;Acidente sem vítima;386;BR-101/ES;Sul;Colisão Traseira;1;7;0;0;0;0;1
14/07/2018;13:45:00;246;Acidente sem vítima;36,8;BR-101/ES;Norte;Colisão Traseira;2;2;0;0;0;0;1
17/07/2018;07:30:00;83;Acidente sem vítima;264;BR-101/ES;Norte;Colisão Lateral;1;2;0;0;0;0;1
17/07/2018;11:39:00;190;Acidente com vítima;267;BR-101/ES;Norte;Colisão Traseira;2;2;1;0;0;0;1
17/07/2018;22:41:00;407;Acidente com morte;310;BR-101/ES;Sul;Choque com Objeto Fixo;1;0;0;0;0;1;3
18/07/2018;05:46:00;69;Acidente com vítima;298;BR-101/ES;Norte;Colisão Lateral;1;1;1;0;0;0;1
18/07/2018;14:54:00;257;Acidente com vítima;149;BR-101/ES;Norte;Colisão Transversal;1;1;0;1;0;0;2
18/07/2018;19:28:00;342;Acidente sem vítima;230;BR-101/ES;Sul;Choque;1;2;0;0;0;0;1
18/07/2018;23:01:00;389;Acidente com vítima;358;BR-101/ES;Sul;Colisão Lateral;1;1;1;2;0;0;2
19/07/2018;07:11:00;99;Acidente sem vítima;340;BR-101/ES;Norte;Colisão Traseira;1;21;0;0;0;0;1
19/07/2018;10:50:00;177;Acidente sem vítima;40;BR-101/ES;Sul;Saída de Pista;1;1;0;0;0;0;1
20/07/2018;00:02:00;1;Acidente com vítima;269;BR-101/ES;Sul;Colisão Transversal;1;1;0;3;0;0;2
20/07/2018;16:59:00;311;Acidente sem vítima;256;BR-101/ES;Norte;Colisão Traseira;1;3;0;0;0;0;1
24/07/2018;06:27:00;75;Acidente com vítima;211,8;BR-101/ES;Norte;Colisão Lateral;1;2;1;0;0;0;1
24/07/2018;08:58:00;116;Acidente com morte;351;BR-101/ES;Norte;Capotamento;1;0;0;0;0;1;3
25/07/2018;08:16:00;105;Acidente com vítima;259,5;BR-101/ES;Norte;Colisão Lateral;1;1;2;0;0;0;1
25/07/2018;16:30:00;284;Acidente com vítima;254;BR-101/ES;Sul;Colisão Traseira;1;1;1;1;0;0;2
25/07/2018;17:04:00;297;Acidente sem vítima;291;BR-101/ES;Sul;Colisão Lateral;1;4;0;0;0;0;1
26/07/2018;01:12:00;20;Acidente sem vítima;288;BR-101/ES;Sul;Atropelamento de Equino;1;1;0;0;0;0;1
26/07/2018;18:51:00;359;Atropelamento sem morte;202;BR-101/ES;Norte;Atropelamento;1;1;0;0;1;0;2
26/07/2018;19:21:00;369;Acidente sem vítima;146;BR-101/ES;Sul;Queda de Moto;1;3;0;0;0;0;1
27/07/2018;10:31:00;164;Acidente sem vítima;221;BR-101/ES;Norte;Engavetamento;1;12;0;0;0;0;1
27/07/2018;15:58:00;283;Acidente sem vítima;50;BR-101/ES;Sul;Saída de Pista;1;2;0;0;0;0;1
27/07/2018;18:14:00;324;Acidente sem vítima;212;BR-101/ES;Norte;Engavetamento;1;6;0;0;0;0;1
30/07/2018;18:39:00;333;Acidente sem vítima;148;BR-101/ES;Norte;Veículo em Chamas;1;1;0;0;0;0;1
31/07/2018;11:30:00;180;Acidente sem vítima;278;BR-101/ES;Norte;Colisão Lateral;1;2;0;0;0;0;1
31/07/2018;19:06:00;317;Acidente sem vítima;42;BR-101/ES;Norte;Veículo em Chamas;1;1;0;0;0;0;1
01/08/2018;00:20:00;3;Acidente com vítima;246;BR-101/ES;Sul;Colisão Lateral;1;1;0;1;0;0;2
02/08/2018;06:11:00;72;Acidente sem vítima;255;BR-101/ES;Sul;Colisão Traseira;1;1;0;0;0;0;1
02/08/2018;07:07:00;77;Acidente com vítima;271;BR-101/ES;Norte;Colisão Transversal;1;4;2;0;0;0;1
02/08/2018;07:51:00;85;Acidente com vítima;290;BR-101/ES;Norte;Colisão Traseira;1;1;1;1;0;0;2
02/08/2018;11:47:00;179;Acidente sem vítima;149;BR-101/ES;Norte;Colisão Transversal;2;2;0;0;0;0;1
03/08/2018;14:36:00;256;Acidente sem vítima;253;BR-101/ES;Sul;Engavetamento;1;7;0;0;0;0;1
03/08/2018;15:15:00;264;Acidente sem vítima;253;BR-101/ES;Sul;Colisão Traseira;1;3;0;0;0;0;1
03/08/2018;20:25:00;368;Acidente sem vítima;280,5;BR-101/ES;Norte;Colisão Traseira;1;2;0;0;0;0;1
03/08/2018;22:22:00;404;Acidente sem vítima;299;BR-101/ES;Sul;Colisão Traseira;1;2;0;0;0;0;1
07/08/2018;08:21:00;107;Acidente sem vítima;294;BR-101/ES;Norte;Colisão Traseira;2;2;0;0;0;0;1
07/08/2018;09:20:00;128;Acidente sem vítima;270;BR-101/ES;Norte;Colisão Traseira;1;2;0;0;0;0;1
07/08/2018;23:19:00;420;Acidente sem vítima;425;BR-101/ES;Norte;Saída de Pista;1;1;0;0;0;0;1
08/08/2018;09:46:00;125;Acidente sem vítima;298;BR-101/ES;Norte;Colisão Traseira;1;3;0;0;0;0;1
09/08/2018;05:34:00;75;Acidente sem vítima;77;BR-101/ES;Sul;Veículo em Chamas;1;1;0;0;0;0;1
10/08/2018;15:38:00;309;Acidente sem vítima;290;BR-101/ES;Norte;Colisão Lateral;1;2;0;0;0;0;1
10/08/2018;21:33:00;410;Acidente sem vítima;209;BR-101/ES;Norte;Engavetamento;1;4;0;0;0;0;1
13/08/2018;08:50:00;120;Acidente com vítima;289;BR-101/ES;Sul;Engavetamento;1;3;0;1;0;0;2
13/08/2018;11:22:00;190;Acidente sem vítima;313;BR-101/ES;Norte;Colisão Traseira;2;2;0;0;0;0;1
13/08/2018;20:27:00;408;Atropelamento com morte;247;BR-101/ES;Norte;Atropelamento;1;3;0;0;0;1;3
13/08/2018;23:26:00;453;Acidente sem vítima;271;BR-101/ES;Norte;Danos Eventuais;1;1;0;0;0;0;1
14/08/2018;12:33:00;228;Acidente com vítima;294;BR-101/ES;Norte;Colisão Lateral;1;0;0;1;0;0;2
14/08/2018;15:30:00;304;Acidente sem vítima;414;BR-101/ES;Sul;Choque;1;3;0;0;0;0;1
14/08/2018;15:49:00;311;Acidente sem vítima;265;BR-101/ES;Sul;Colisão Traseira;1;1;0;0;0;0;1
15/08/2018;06:45:00;83;Acidente sem vítima;325;BR-101/ES;Sul;Colisão Lateral;1;16;0;0;0;0;1
15/08/2018;07:51:00;104;Acidente sem vítima;141,9;BR-101/ES;Sul;Colisão Traseira;1;2;0;0;0;0;1
15/08/2018;11:52:00;200;Acidente sem vítima;284;BR-101/ES;Sul;Colisão Traseira;1;3;0;0;0;0;1
16/08/2018;07:10:00;83;Acidente sem vítima;309,4;BR-101/ES;Sul;Colisão Lateral;1;3;0;0;0;0;1
16/08/2018;07:37:00;93;Acidente sem vítima;281;BR-101/ES;Norte;Colisão Traseira;1;2;0;0;0;0;1
17/08/2018;15:35:00;275;Acidente sem vítima;145;BR-101/ES;Norte;Colisão Transversal;1;2;0;0;0;0;1
17/08/2018;17:29:00;316;Acidente com vítima;323;BR-101/ES;Sul;Colisão Frontal;1;1;0;0;2;0;2
17/08/2018;22:59:00;395;Acidente sem vítima;154;BR-101/ES;Norte;Colisão Lateral;1;4;0;0;0;0;1
18/08/2018;16:30:00;298;Acidente sem vítima;264;BR-101/ES;Norte;Colisão Lateral;1;2;0;0;0;0;1
20/08/2018;10:14:00;168;Acidente sem vítima;281;BR-101/ES;Norte;Colisão Traseira;2;2;0;0;0;0;1
20/08/2018;19:14:00;379;Acidente com vítima;68;BR-101/ES;Norte;Colisão Traseira;1;1;1;0;0;0;1
21/08/2018;09:46:00;144;Acidente sem vítima;263;BR-101/ES;Sul;Colisão Traseira;1;2;0;0;0;0;1
22/08/2018;01:04:00;19;Acidente sem vítima;216;BR-101/ES;Sul;Saída de Pista;1;1;0;0;0;0;1
22/08/2018;20:20:00;384;Acidente sem vítima;78,3;BR-101/ES;Sul;Colisão Transversal;1;3;0;0;0;0;1
23/08/2018;09:00:00;127;Acidente com vítima;148;BR-101/ES;Norte;Colisão Transversal;1;1;1;0;0;0;1
24/08/2018;05:12:00;64;Acidente sem vítima;137;BR-101/ES;Sul;Saída de Pista;1;1;0;0;0;0;1
25/08/2018;09:43:00;145;Acidente com vítima;50,2;BR-101/ES;Sul;Colisão Frontal;1;1;0;2;0;0;2
25/08/2018;13:51:00;246;Acidente sem vítima;267;BR-101/ES;Norte;Colisão Lateral;1;2;0;0;0;0;1
27/08/2018;07:10:00;82;Acidente com vítima;265;BR-101/ES;Norte;Colisão Traseira;1;1;0;1;0;0;2
27/08/2018;08:02:00;95;Acidente sem vítima;270;BR-101/ES;Norte;Colisão Lateral;1;2;0;0;0;0;1
27/08/2018;11:28:00;168;Acidente sem vítima;156;BR-101/ES;Sul;Colisão Traseira;1;3;0;0;0;0;1
27/08/2018;15:37:00;267;Acidente com vítima;270;BR-101/ES;Norte;Choque com Objeto Fixo;1;0;0;1;0;0;2
27/08/2018;18:07:00;320;Acidente sem vítima;312;BR-101/ES;Norte;Saída de Pista;1;1;0;0;0;0;1
27/08/2018;18:29:00;325;Acidente sem vítima;287;BR-101/ES;Norte;Colisão Traseira;1;2;0;0;0;0;1
27/08/2018;19:26:00;346;Acidente sem vítima;435;BR-101/ES;Sul;Tombamento;1;1;0;0;0;0;1
28/08/2018;10:01:00;157;Acidente sem vítima;270;BR-101/ES;Sul;Engavetamento;1;4;0;0;0;0;1
28/08/2018;11:06:00;196;Acidente com vítima;164;BR-101/ES;Sul;Colisão Transversal;1;1;0;3;0;0;2
28/08/2018;12:06:00;221;Acidente sem vítima;387;BR-101/ES;Norte;Tombamento;1;1;0;0;0;0;1
28/08/2018;13:29:00;245;Acidente sem vítima;148;BR-101/ES;Norte;Colisão Transversal;1;2;0;0;0;0;1
29/08/2018;19:31:00;370;Acidente sem vítima;242;BR-101/ES;Sul;Colisão Traseira;1;2;0;0;0;0;1
30/08/2018;05:37:00;64;Acidente com vítima;100;BR-101/ES;Norte;Colisão Lateral;1;2;1;0;0;0;1
30/08/2018;13:56:00;219;Acidente sem vítima;254;BR-101/ES;Sul;Engavetamento;1;5;0;0;0;0;1
30/08/2018;22:38:00;372;Acidente sem vítima;269;BR-101/ES;Norte;Colisão Traseira;1;6;0;0;0;0;1
31/08/2018;07:56:00;111;Acidente com vítima;403;BR-101/ES;Norte;Engavetamento;1;2;0;1;0;0;2
31/08/2018;12:42:00;250;Acidente com vítima;225;BR-101/ES;Norte;Colisão Lateral;1;2;1;0;1;0;2
02/09/2018;09:14:00;118;Acidente sem vítima;435;BR-101/ES;Sul;Colisão Lateral;2;2;0;0;0;0;1
03/09/2018;08:58:00;134;Acidente sem vítima;265;BR-101/ES;Sul;Colisão Traseira;1;2;0;0;0;0;1
03/09/2018;18:30:00;368;Acidente com vítima;269;BR-101/ES;Norte;Colisão Transversal;1;1;0;1;0;0;2
04/09/2018;07:10:00;95;Acidente sem vítima;213;BR-101/ES;Sul;Colisão Traseira;1;4;0;0;0;0;1
05/09/2018;06:42:00;81;Acidente sem vítima;262;BR-101/ES;Norte;Choque com Objeto Fixo;1;1;0;0;0;0;1
05/09/2018;11:13:00;183;Acidente com vítima;127;BR-101/ES;Norte;Colisão Transversal;1;1;1;0;0;0;1
06/09/2018;10:55:00;192;Acidente sem vítima;377;BR-101/ES;Norte;Colisão Traseira;1;2;0;0;0;0;1
06/09/2018;13:20:00;260;Acidente com morte;39;BR-101/ES;Sul;Colisão Frontal;1;1;0;0;0;1;3
06/09/2018;18:24:00;360;Acidente sem vítima;267;BR-101/ES;Norte;Colisão Transversal;1;2;0;0;0;0;1
08/09/2018;03:30:00;43;Acidente com vítima;269;BR-101/ES;Sul;Colisão Transversal;1;1;0;2;0;0;2
09/09/2018;14:05:00;242;Acidente com vítima;136;BR-101/ES;Sul;Colisão Traseira;1;3;1;1;0;0;2
09/09/2018;18:55:00;362;Acidente com vítima;189;BR-101/ES;Norte;Colisão Transversal;1;1;1;0;0;0;1
11/09/2018;10:11:00;144;Acidente sem vítima;292;BR-101/ES;Sul;Colisão Lateral;1;2;0;0;0;0;1
11/09/2018;15:10:00;252;Acidente sem vítima;58;BR-101/ES;Sul;Colisão Lateral;1;2;0;0;0;0;1
11/09/2018;21:17:00;342;Acidente sem vítima;262;BR-101/ES;Sul;Colisão Traseira;1;4;0;0;0;0;1
12/09/2018;09:46:00;133;Acidente sem vítima;270,5;BR-101/ES;Norte;Colisão Traseira;2;1;0;0;0;0;1
12/09/2018;14:00:00;234;Acidente com vítima;139;BR-101/ES;Sul;Colisão Traseira;1;1;0;1;0;0;2
12/09/2018;18:25:00;307;Acidente sem vítima;68;BR-101/ES;Sul;Engavetamento;2;3;0;0;0;0;1
13/09/2018;16:33:00;327;Acidente com vítima;225;BR-101/ES;Norte;Tombamento;1;9;2;1;0;0;2
14/09/2018;07:51:00;95;Acidente sem vítima;269;BR-101/ES;Norte;Colisão Traseira;1;2;0;0;0;0;1
14/09/2018;16:07:00;320;Acidente com vítima;167;BR-101/ES;Sul;Colisão Lateral;1;1;0;1;0;0;2
14/09/2018;16:09:00;321;Acidente sem vítima;342;BR-101/ES;Sul;Colisão Traseira;1;3;0;0;0;0;1
14/09/2018;21:42:00;415;Acidente sem vítima;100;BR-101/ES;Norte;Atropelamento de Equino;1;3;0;0;0;0;1
14/09/2018;22:27:00;426;Acidente com morte;402;BR-101/ES;Norte;Colisão Traseira;1;2;0;0;0;1;3
15/09/2018;17:48:00;310;Acidente com vítima;373;BR-101/ES;Norte;Colisão Traseira;1;0;1;0;1;0;2
17/09/2018;12:22:00;225;Acidente sem vítima;285;BR-101/ES;Sul;Colisão Lateral;1;2;0;0;0;0;1
17/09/2018;12:50:00;241;Acidente com morte;27;BR-101/ES;Norte;Saída de Pista;1;0;0;0;0;1;3
17/09/2018;16:33:00;315;Acidente com vítima;85;BR-101/ES;Norte;Choque com Objeto Fixo;1;1;0;1;0;0;2
18/09/2018;02:45:00;47;Acidente com vítima;12;BR-101/ES;Sul;Colisão Traseira;1;3;1;1;0;0;2
18/09/2018;21:39:00;390;Acidente sem vítima;266;BR-101/ES;Norte;Colisão Lateral;1;5;0;0;0;0;1
19/09/2018;18:27:00;325;Acidente sem vítima;377;BR-101/ES;Sul;Colisão Transversal;1;2;0;0;0;0;1
19/09/2018;19:23:00;339;Acidente com vítima;144;BR-101/ES;Norte;Queda de Moto;1;1;1;0;0;0;1