data;horario;n_da_ocorrencia;tipo_de_ocorrencia;km;trecho;sentido;tipo_de_acidente;caminhao;ilesos;levemente_feridos;moderadamente_feridos;gravemente_feridos;mortos;3
20/09/2018;16:28:00;338;Acidente sem vítima;253;BR-101/ES;Norte;Choque com Objeto Fixo;1;1;0;0;0;0;1
21/09/2018;09:45:00;176;Acidente sem vítima;150,5;BR-101/ES;Norte;Colisão Transversal;1;2;0;0;0;0;1
22/09/2018;19:05:00;342;Acidente com vítima;292;BR-101/ES;Norte;Colisão Traseira;1;2;0;2;0;0;2
24/09/2018;09:59:00;150;Acidente com vítima;409;BR-101/ES;Norte;Colisão Transversal;1;1;1;0;0;0;1
24/09/2018;10:00:00;151;Acidente com vítima;288;BR-101/ES;Norte;Tombamento;1;1;1;0;0;0;1
25/09/2018;13:20:00;292;Acidente com vítima;320;BR-101/ES;Norte;Colisão Transversal;1;2;1;0;0;0;1
26/09/2018;06:49:00;90;Acidente sem vítima;276;BR-101/ES;Sul;Colisão Lateral;1;2;0;0;0;0;1
26/09/2018;12:11:00;252;Acidente sem vítima;130;BR-101/ES;Sul;Colisão Transversal;1;2;0;0;0;0;1
26/09/2018;14:19:00;299;Acidente sem vítima;109;BR-101/ES;Sul;Saída de Pista;1;1;0;0;0;0;1
26/09/2018;18:50:00;376;Acidente sem vítima;262;BR-101/ES;Sul;Colisão Traseira;1;4;0;0;0;0;1
26/09/2018;20:40:00;392;Acidente com vítima;355;BR-101/ES;Norte;Colisão Lateral;1;1;0;1;0;0;2
27/09/2018;23:01:00;399;Acidente sem vítima;10,5;BR-101/ES;Sul;Tombamento;1;1;0;0;0;0;1
28/09/2018;07:33:00;112;Acidente sem vítima;298;BR-101/ES;Norte;Colisão Lateral;1;2;0;0;0;0;1
28/09/2018;16:46:00;341;Acidente com vítima;206;BR-101/ES;Norte;Colisão Lateral;1;1;1;0;0;0;1
30/09/2018;07:06:00;89;Atropelamento com morte;264;BR-101/ES;Norte;Atropelamento;1;3;0;0;0;1;3
30/09/2018;12:50:00;210;Acidente sem vítima;284;BR-101/ES;Norte;Saída de Pista;1;1;0;0;0;0;1
01/10/2018;11:08:00;167;Atropelamento sem morte;266;BR-101/ES;Sul;Atropelamento;1;2;0;0;1;0;2
01/10/2018;13:56:00;233;Acidente sem vítima;268;BR-101/ES;Norte;Colisão Transversal;1;2;0;0;0;0;1
01/10/2018;23:56:00;409;Acidente sem vítima;271;BR-101/ES;Norte;Colisão Lateral;1;2;0;0;0;0;1
02/10/2018;10:43:00;157;Acidente com vítima;293;BR-101/ES;Sul;Colisão Traseira;1;1;1;3;0;0;2
02/10/2018;15:59:00;275;Acidente sem vítima;268;BR-101/ES;Sul;Colisão Lateral;1;2;0;0;0;0;1
02/10/2018;17:18:00;297;Acidente com vítima;127;BR-101/ES;Sul;Colisão Traseira;1;1;1;0;0;0;1
03/10/2018;05:49:00;75;Acidente sem vítima;266;BR-101/ES;Norte;Colisão Lateral;1;2;0;0;0;0;1
04/10/2018;10:21:00;196;Acidente com vítima;377;BR-101/ES;Sul;Colisão Traseira;1;1;2;0;0;0;1
04/10/2018;12:59:00;269;Acidente sem vítima;255;BR-101/ES;Sul;Colisão Traseira;1;2;0;0;0;0;1
04/10/2018;18:11:00;377;Acidente com vítima;301;BR-101/ES;Norte;Colisão Lateral;1;2;1;1;0;0;2
04/10/2018;20:24:00;405;Acidente com vítima;192;BR-101/ES;Sul;Colisão Lateral;1;1;0;2;0;0;2
05/10/2018;08:05:00;121;Acidente sem vítima;266;BR-101/ES;Sul;Colisão Traseira;2;2;0;0;0;0;1
05/10/2018;09:41:00;159;Acidente sem vítima;453;BR-101/ES;Norte;Colisão Traseira;2;2;0;0;0;0;1
05/10/2018;21:53:00;435;Acidente sem vítima;293;BR-101/ES;Sul;Colisão Traseira;1;2;0;0;0;0;1
06/10/2018;09:27:00;143;Acidente com vítima;148;BR-101/ES;Sul;Colisão Lateral;1;1;1;0;0;0;1
06/10/2018;19:52:00;346;Acidente com vítima;53,5;BR-101/ES;Sul;Tombamento;1;1;1;0;2;0;2
07/10/2018;14:23:00;240;Acidente sem vítima;18;BR-101/ES;Norte;Colisão Traseira;1;2;0;0;0;0;1
07/10/2018;21:53:00;351;Acidente com vítima;284;BR-101/ES;Norte;Colisão Traseira;2;3;0;1;0;0;2
08/10/2018;08:04:00;129;Acidente com vítima;244;BR-101/ES;Norte;Colisão Transversal;1;1;1;0;0;0;1
09/10/2018;00:09:00;1;Acidente sem vítima;219;BR-101/ES;Norte;Colisão Lateral;2;2;0;0;0;0;1
09/10/2018;06:26:00;82;Acidente com vítima;267;BR-101/ES;Sul;Colisão Transversal;1;1;0;0;1;0;2
09/10/2018;14:23:00;261;Acidente sem vítima;144;BR-101/ES;Norte;Colisão Traseira;1;2;0;0;0;0;1
11/10/2018;05:06:00;77;Acidente com vítima;384;BR-101/ES;Norte;Saída de Pista;1;0;1;0;0;0;1
11/10/2018;06:03:00;90;Acidente sem vítima;254;BR-101/ES;Norte;Engavetamento;1;3;0;0;0;0;1
11/10/2018;10:12:00;181;Acidente sem vítima;271;BR-101/ES;Sul;Colisão Traseira;1;2;0;0;0;0;1
12/10/2018;09:10:00;158;Acidente com vítima;144;BR-101/ES;Norte;Engavetamento;1;5;3;0;0;0;1
13/10/2018;02:28:00;36;Acidente com vítima;419;BR-101/ES;Norte;Colisão Lateral;1;2;1;0;0;0;1
13/10/2018;21:41:00;349;Acidente sem vítima;28;BR-101/ES;Norte;Atropelamento de Bovino;1;2;0;0;0;0;1
14/10/2018;19:02:00;363;Acidente com morte;391;BR-101/ES;Sul;Colisão Lateral;1;7;0;1;0;1;3
15/10/2018;07:58:00;135;Acidente com vítima;262;BR-101/ES;Sul;Colisão Traseira;1;2;1;0;0;0;1
15/10/2018;18:05:00;362;Acidente com vítima;414;BR-101/ES;Sul;Colisão Lateral;1;1;0;0;1;0;2
15/10/2018;18:37:00;368;Acidente sem vítima;255;BR-101/ES;Sul;Colisão Traseira;1;2;0;0;0;0;1
16/10/2018;04:21:00;57;Acidente sem vítima;308;BR-101/ES;Norte;Tombamento;1;1;0;0;0;0;1
16/10/2018;13:15:00;263;Acidente sem vítima;291;BR-101/ES;Norte;Engavetamento;1;6;0;0;0;0;1
16/10/2018;19:35:00;363;Atropelamento sem morte;229,5;BR-101/ES;Sul;Atropelamento;1;1;0;1;0;0;2
17/10/2018;08:08:00;89;Acidente sem vítima;71,8;BR-101/ES;Sul;Colisão Traseira;1;4;0;0;0;0;1
17/10/2018;11:22:00;164;Acidente sem vítima;256;BR-101/ES;Norte;Colisão Traseira;1;2;0;0;0;0;1
17/10/2018;18:34:00;314;Acidente sem vítima;269;BR-101/ES;Sul;Colisão Traseira;1;3;0;0;0;0;1
18/10/2018;12:15:00;201;Acidente sem vítima;294;BR-101/ES;Sul;Colisão Traseira;1;2;0;0;0;0;1
18/10/2018;22:59:00;416;Acidente com vítima;219;BR-101/ES;Sul;Colisão Frontal;2;0;3;0;0;0;1
20/10/2018;23:23:00;397;Acidente sem vítima;148;BR-101/ES;Norte;Colisão Lateral;1;3;0;0;0;0;1
22/10/2018;07:18:00;94;Acidente com vítima;266;BR-101/ES;Sul;Colisão Lateral;1;6;0;1;0;0;2
23/10/2018;12:23:00;264;Acidente sem vítima;299;BR-101/ES;Sul;Colisão Lateral;1;2;0;0;0;0;1
24/10/2018;03:27:00;42;Acidente com morte;384,5;BR-101/ES;Sul;Colisão Frontal;1;0;2;0;0;1;3
24/10/2018;09:18:00;145;Acidente sem vítima;32,5;BR-101/ES;Sul;Colisão Traseira;1;2;0;0;0;0;1
24/10/2018;13:37:00;264;Acidente sem vítima;151;BR-101/ES;Norte;Colisão Lateral;1;4;0;0;0;0;1
24/10/2018;20:38:00;377;Acidente sem vítima;210;BR-101/ES;Norte;Colisão Traseira;1;2;0;0;0;0;1
25/10/2018;19:49:00;366;Acidente sem vítima;126;BR-101/ES;Norte;Colisão Transversal;1;4;0;0;0;0;1
25/10/2018;23:38:00;435;Acidente sem vítima;423;BR-101/ES;Sul;Saída de Pista;1;1;0;0;0;0;1
26/10/2018;06:36:00;72;Acidente sem vítima;264;BR-101/ES;Sul;Colisão Lateral;1;2;0;0;0;0;1
26/10/2018;14:23:00;244;Acidente sem vítima;284;BR-101/ES;Norte;Saída de Pista;1;1;0;0;0;0;1
26/10/2018;15:19:00;266;Acidente com vítima;164;BR-101/ES;Sul;Colisão Traseira;1;1;0;1;0;0;2
27/10/2018;02:29:00;47;Acidente sem vítima;444,8;BR-101/ES;Sul;Saída de Pista;1;2;0;0;0;0;1
29/10/2018;11:58:00;206;Acidente com vítima;268;BR-101/ES;Norte;Colisão Lateral;1;1;0;1;0;0;2
29/10/2018;14:00:00;258;Acidente sem vítima;140;BR-101/ES;Sul;Colisão Lateral;1;2;0;0;0;0;1
29/10/2018;18:59:00;341;Acidente com vítima;143;BR-101/ES;Sul;Colisão Traseira;1;2;4;0;0;0;1
30/10/2018;19:00:00;332;Acidente sem vítima;229;BR-101/ES;Sul;Colisão Lateral;1;2;0;0;0;0;1
01/11/2018;06:25:00;74;Acidente sem vítima;271;BR-101/ES;Norte;Colisão Transversal;1;3;0;0;0;0;1
01/11/2018;13:00:00;250;Acidente com vítima;293;BR-101/ES;Sul;Colisão Traseira;1;6;0;1;0;0;2
01/11/2018;15:29:00;301;Acidente sem vítima;297;BR-101/ES;Norte;Colisão Traseira;1;3;0;0;0;0;1
01/11/2018;19:51:00;384;Acidente sem vítima;450;BR-101/ES;Sul;Tombamento;1;1;0;0;0;0;1
02/11/2018;05:19:00;71;Acidente com vítima;297;BR-101/ES;Sul;Choque com Objeto Fixo;1;0;0;1;0;0;2
05/11/2018;10:59:00;195;Acidente sem vítima;286;BR-101/ES;Norte;Colisão Traseira;1;2;0;0;0;0;1
05/11/2018;17:23:00;345;Acidente sem vítima;277;BR-101/ES;Sul;Colisão Lateral;2;3;0;0;0;0;1
07/11/2018;01:20:00;28;Acidente com vítima;402;BR-101/ES;Norte;Colisão Traseira;2;1;0;1;0;0;2
07/11/2018;03:27:00;49;Acidente com vítima;260;BR-101/ES;Norte;Colisão Frontal;1;0;1;1;0;0;2
07/11/2018;08:13:00;94;Acidente sem vítima;284,6;BR-101/ES;Norte;Colisão Lateral;2;5;0;0;0;0;1
08/11/2018;12:07:00;236;Acidente com vítima;418;BR-101/ES;Sul;Tombamento;1;0;1;0;0;0;1
08/11/2018;12:36:00;247;Acidente com vítima;423;BR-101/ES;Sul;Colisão Transversal;2;1;1;0;0;0;1
08/11/2018;14:22:00;275;Acidente sem vítima;421,5;BR-101/ES;Sul;Tombamento;1;1;0;0;0;0;1
08/11/2018;17:08:00;319;Acidente sem vítima;422;BR-101/ES;Norte;Colisão Lateral;1;2;0;0;0;0;1
08/11/2018;18:24:00;348;Acidente com vítima;291;BR-101/ES;Sul;Colisão Traseira;1;1;0;1;0;0;2
08/11/2018;19:50:00;379;Acidente sem vítima;254;BR-101/ES;Norte;Colisão Traseira;1;4;0;0;0;0;1
08/11/2018;22:56:00;436;Acidente sem vítima;436;BR-101/ES;Sul;Saída de Pista;1;1;0;0;0;0;1
09/11/2018;03:01:00;60;Acidente sem vítima;233;BR-101/ES;Sul;Atropelamento de Bovino;1;1;0;0;0;0;1
09/11/2018;06:08:00;90;Acidente com vítima;266;BR-101/ES;Sul;Colisão Traseira;1;2;0;1;0;0;2
09/11/2018;07:05:00;96;Acidente sem vítima;131;BR-101/ES;Sul;Colisão Lateral;1;2;0;0;0;0;1
09/11/2018;08:20:00;131;Acidente sem vítima;272,8;BR-101/ES;Norte;Colisão Lateral;1;4;0;0;0;0;1
09/11/2018;13:50:00;266;Acidente com vítima;301;BR-101/ES;Norte;Colisão Traseira;1;2;1;0;0;0;1
09/11/2018;14:35:00;277;Acidente sem vítima;255,5;BR-101/ES;Sul;Engavetamento;1;5;0;0;0;0;1
09/11/2018;19:55:00;384;Acidente sem vítima;139;BR-101/ES;Norte;Choque com Objeto Fixo;1;1;0;0;0;0;1
10/11/2018;08:10:00;107;Acidente sem vítima;293;BR-101/ES;Sul;Colisão Traseira;1;3;0;0;0;0;1
12/11/2018;03:11:00;47;Acidente sem vítima;435,5;BR-101/ES;Sul;Saída de Pista;1;2;0;0;0;0;1
12/11/2018;11:52:00;249;Acidente com vítima;289;BR-101/ES;Norte;Colisão Traseira;1;2;1;1;0;0;2
12/11/2018;19:05:00;421;Acidente sem vítima;281;BR-101/ES;Sul;Colisão Traseira;1;6;0;0;0;0;1
13/11/2018;08:46:00;118;Acidente sem vítima;372;BR-101/ES;Sul;Colisão Traseira;1;3;0;0;0;0;1
13/11/2018;13:24:00;269;Acidente sem vítima;262;BR-101/ES;Sul;Colisão Traseira;1;2;0;0;0;0;1
14/11/2018;13:56:00;259;Acidente com vítima;315;BR-101/ES;Sul;Tombamento;1;0;1;0;0;0;1
15/11/2018;06:54:00;89;Acidente sem vítima;18;BR-101/ES;Sul;Colisão Traseira;1;2;0;0;0;0;1
16/11/2018;23:03:00;395;Acidente com vítima;255;BR-101/ES;Sul;Colisão Transversal;1;3;1;1;0;0;2
17/11/2018;10:10:00;143;Acidente com vítima;298;BR-101/ES;Norte;Colisão Lateral;1;1;0;1;0;0;2
17/11/2018;15:22:00;236;Acidente com vítima;229;BR-101/ES;Norte;Colisão Frontal;1;1;0;1;0;0;2
19/11/2018;09:28:00;138;Acidente sem vítima;266;BR-101/ES;Norte;Colisão Lateral;1;2;0;0;0;0;1
19/11/2018;10:56:00;182;Acidente com vítima;329;BR-101/ES;Sul;Tombamento;1;0;0;2;0;0;2
19/11/2018;14:04:00;262;Acidente com vítima;238;BR-101/ES;Norte;Colisão Traseira;1;1;0;1;0;0;2
20/11/2018;12:39:00;255;Acidente sem vítima;270;BR-101/ES;Sul;Colisão Traseira;2;2;0;0;0;0;1
20/11/2018;15:54:00;326;Acidente sem vítima;321;BR-101/ES;Sul;Choque;2;2;0;0;0;0;1
22/11/2018;18:04:00;333;Acidente sem vítima;282;BR-101/ES;Norte;Saída de Pista;1;1;0;0;0;0;1
23/11/2018;12:02:00;206;Acidente com vítima;294,7;BR-101/ES;Sul;Colisão Traseira;1;1;0;1;0;0;2
23/11/2018;13:02:00;244;Acidente com vítima;266;BR-101/ES;Sul;Colisão Transversal;1;1;0;0;1;0;2
24/11/2018;16:23:00;318;Acidente sem vítima;245;BR-101/ES;Sul;Colisão Lateral;1;5;0;0;0;0;1
26/11/2018;09:55:00;139;Acidente com vítima;94;BR-101/ES;Norte;Colisão Traseira;1;3;2;0;0;0;1
26/11/2018;19:23:00;341;Acidente com vítima;294;BR-101/ES;Norte;Colisão com ciclista;1;1;0;1;0;0;2
27/11/2018;01:39:00;32;Acidente sem vítima;449,8;BR-101/ES;Sul;Saída de Pista;1;1;0;0;0;0;1
27/11/2018;06:34:00;71;Acidente com vítima;93;BR-101/ES;Norte;Colisão Traseira;1;1;0;2;0;0;2
28/11/2018;18:04:00;379;Acidente sem vítima;263;BR-101/ES;Norte;Colisão Lateral;1;2;0;0;0;0;1
29/11/2018;07:17:00;95;Acidente sem vítima;305;BR-101/ES;Sul;Colisão Traseira;1;2;0;0;0;0;1
29/11/2018;07:52:00;108;Acidente com vítima;181;BR-101/ES;Norte;Colisão Transversal;1;1;0;1;0;0;2
29/11/2018;15:32:00;348;Acidente com vítima;362;BR-101/ES;Norte;Tombamento;1;0;1;0;0;0;1
30/11/2018;09:13:00;121;Acidente sem vítima;148;BR-101/ES;Sul;Colisão Lateral;1;3;0;0;0;0;1
01/12/2018;14:05:00;241;Acidente sem vítima;67;BR-101/ES;Sul;Colisão Transversal;1;2;0;0;0;0;1
03/12/2018;04:06:00;53;Acidente sem vítima;377;BR-101/ES;Norte;Choque com Objeto Fixo;1;2;0;0;0;0;1
03/12/2018;07:57:00;89;Acidente sem vítima;271;BR-101/ES;Norte;Engavetamento;1;4;0;0;0;0;1
03/12/2018;14:13:00;283;Acidente sem vítima;192;BR-101/ES;Sul;Colisão Traseira;1;2;0;0;0;0;1
04/12/2018;09:28:00;132;Acidente sem vítima;268;BR-101/ES;Sul;Colisão Transversal;1;3;0;0;0;0;1
04/12/2018;17:09:00;332;Acidente sem vítima;141;BR-101/ES;Sul;Colisão Traseira;1;5;0;0;0;0;1
04/12/2018;21:10:00;378;Acidente sem vítima;70;BR-101/ES;Sul;Danos Eventuais;1;2;0;0;0;0;1
06/12/2018;15:27:00;325;Acidente sem vítima;284;BR-101/ES;Norte;Colisão Lateral;1;3;0;0;0;0;1
06/12/2018;15:52:00;329;Acidente sem vítima;65;BR-101/ES;Norte;Colisão Traseira;2;3;0;0;0;0;1
08/12/2018;12:26:00;191;Acidente sem vítima;280;BR-101/ES;Sul;Choque com Objeto Fixo;1;1;0;0;0;0;1
10/12/2018;09:08:00;187;Acidente sem vítima;125;BR-101/ES;Norte;Colisão Transversal;1;3;0;0;0;0;1
10/12/2018;18:19:00;402;Acidente sem vítima;262;BR-101/ES;Norte;Tombamento;1;2;0;0;0;0;1
11/12/2018;02:24:00;41;Acidente sem vítima;310;BR-101/ES;Sul;Atropelamento de Equino;1;1;0;0;0;0;1
11/12/2018;14:05:00;292;Acidente com vítima;221,7;BR-101/ES;Sul;Colisão Traseira;1;0;0;2;0;0;2
11/12/2018;21:29:00;389;Acidente com vítima;228;BR-101/ES;Sul;Colisão Traseira;1;3;1;0;0;0;1
12/12/2018;13:04:00;253;Acidente com vítima;278;BR-101/ES;Sul;Colisão Lateral;1;4;0;1;0;0;2
12/12/2018;13:55:00;274;Acidente com vítima;264;BR-101/ES;Sul;Colisão Lateral;1;2;1;0;0;0;1
12/12/2018;16:37:00;331;Acidente com vítima;459;BR-101/ES;Sul;Saída de Pista;1;0;0;1;0;0;2
12/12/2018;18:11:00;367;Acidente sem vítima;328;BR-101/ES;Sul;Colisão Lateral;1;3;0;0;0;0;1
13/12/2018;07:32:00;115;Acidente sem vítima;297,9;BR-101/ES;Norte;Colisão Traseira;1;2;0;0;0;0;1
13/12/2018;11:05:00;198;Acidente sem vítima;271;BR-101/ES;Sul;Colisão Traseira;1;3;0;0;0;0;1
14/12/2018;15:18:00;341;Acidente sem vítima;85;BR-101/ES;Sul;Colisão Traseira;1;4;0;0;0;0;1
15/12/2018;12:54:00;225;Acidente sem vítima;270;BR-101/ES;Norte;Engavetamento;1;3;0;0;0;0;1
17/12/2018;07:31:00;80;Acidente sem vítima;269;BR-101/ES;Norte;Colisão Lateral;1;2;0;0;0;0;1
17/12/2018;10:25:00;148;Acidente sem vítima;301;BR-101/ES;Sul;Colisão Lateral;1;2;0;0;0;0;1
17/12/2018;16:26:00;305;Atropelamento sem morte;309;BR-101/ES;Sul;Atropelamento e Fuga;1;0;0;0;1;0;2
19/12/2018;16:02:00;343;Acidente sem vítima;230;BR-101/ES;Norte;Colisão Traseira;1;2;0;0;0;0;1
19/12/2018;19:00:00;403;Acidente sem vítima;242;BR-101/ES;Sul;Colisão Traseira;1;2;0;0;0;0;1
20/12/2018;08:40:00;132;Acidente sem vítima;393;BR-101/ES;Sul;Colisão Traseira;1;4;0;0;0;0;1
20/12/2018;13:03:00;253;Acidente sem vítima;208;BR-101/ES;Norte;Colisão Traseira;1;2;0;0;0;0;1
20/12/2018;16:15:00;323;Acidente sem vítima;294;BR-101/ES;Sul;Colisão Traseira;1;2;0;0;0;0;1
20/12/2018;17:02:00;337;Acidente sem vítima;228;BR-101/ES;Sul;Engavetamento;2;3;0;0;0;0;1
21/12/2018;08:46:00;129;Acidente sem vítima;262,5;BR-101/ES;Norte;Colisão Lateral;1;2;0;0;0;0;1
21/12/2018;14:07:00;284;Acidente sem vítima;293;BR-101/ES;Norte;Colisão Traseira;1;2;0;0;0;0;1
21/12/2018;16:53:00;354;Acidente com vítima;266;BR-101/ES;Sul;Colisão Traseira;1;1;0;1;0;0;2
22/12/2018;04:22:00;62;Acidente sem vítima;63,5;BR-101/ES;Norte;Saída de Pista;1;1;0;0;0;0;1
22/12/2018;11:50:00;220;Acidente sem vítima;234;BR-101/ES;Sul;Engavetamento;1;6;0;0;0;0;1
23/12/2018;12:12:00;203;Acidente sem vítima;0,8;BR-101/ES;Sul;Choque com Objeto Fixo;1;2;0;0;0;0;1
24/12/2018;17:21:00;286;Acidente sem vítima;290;BR-101/ES;Sul;Choque com Objeto Fixo;1;1;0;0;0;0;1
26/12/2018;13:26:00;256;Acidente sem vítima;212;BR-101/ES;Norte;Colisão Traseira;1;2;0;0;0;0;1
26/12/2018;18:46:00;369;Acidente sem vítima;67;BR-101/ES;Sul;Colisão Transversal;1;2;0;0;0;0;1
27/12/2018;03:40:00;47;Acidente sem vítima;120,5;BR-101/ES;Norte;Choque;1;1;0;0;0;0;1
27/12/2018;10:57:00;223;Acidente com vítima;383;BR-101/ES;Sul;Colisão Lateral;1;0;1;1;1;0;2
27/12/2018;14:40:00;303;Acidente sem vítima;393;BR-101/ES;Norte;Colisão Traseira;1;4;0;0;0;0;1
27/12/2018;14:42:00;307;Acidente com vítima;102;BR-101/ES;Sul;Engavetamento;3;3;0;1;0;0;2
28/12/2018;10:38:00;177;Acidente sem vítima;256;BR-101/ES;Norte;Colisão Traseira;1;2;0;0;0;0;1
28/12/2018;12:24:00;238;Acidente sem vítima;342;BR-101/ES;Norte;Colisão Lateral;1;8;0;0;0;0;1
28/12/2018;17:42:00;368;Acidente sem vítima;414;BR-101/ES;Sul;Engavetamento;1;5;0;0;0;0;1
28/12/2018;23:41:00;471;Acidente com vítima;394;BR-101/ES;Sul;Colisão Lateral;1;1;3;0;0;0;1
31/12/2018;17:39:00;258;Acidente com vítima;188;BR-101/ES;Norte;Capotamento;1;0;3;0;0;0;1
02/01/2019;15:32:00;308;Acidente sem vítima;254;BR-101/ES;Sul;Colisão Traseira;1;2;0;0;0;0;1
03/01/2019;08:05:00;125;Acidente sem vítima;374;BR-101/ES;Sul;Colisão Lateral;1;2;0;0;0;0;1
04/01/2019;07:39:00;109;Acidente sem vítima;300;BR-101/ES;Sul;Colisão Traseira;1;3;0;0;0;0;1
04/01/2019;14:12:00;283;Acidente sem vítima;265;BR-101/ES;Sul;Colisão Traseira;1;4;0;0;0;0;1
07/01/2019;03:39:00;53;Acidente sem vítima;128,6;BR-101/ES;Norte;Colisão Lateral;2;4;0;0;0;0;1
07/01/2019;14:09:00;311;Acidente sem vítima;287;BR-101/ES;Norte;Tombamento;1;1;0;0;0;0;1
07/01/2019;17:37:00;363;Acidente sem vítima;292;BR-101/ES;Sul;Colisão Lateral;1;2;0;0;0;0;1
08/01/2019;03:48:00;54;Acidente com vítima;266;BR-101/ES;Sul;Colisão Transversal;1;1;1;0;0;0;1
08/01/2019;08:46:00;161;Acidente com vítima;148;BR-101/ES;Norte;Colisão Lateral;1;1;2;0;0;0;1
09/01/2019;08:05:00;107;Acidente sem vítima;228;BR-101/ES;Sul;Saída de Pista;1;1;0;0;0;0;1
09/01/2019;11:07:00;189;Acidente sem vítima;402;BR-101/ES;Norte;Colisão Traseira;1;3;0;0;0;0;1
09/01/2019;15:35:00;297;Acidente sem vítima;229;BR-101/ES;Norte;Colisão Traseira;1;5;0;0;0;0;1
09/01/2019;20:27:00;395;Acidente sem vítima;218;BR-101/ES;Sul;Colisão Lateral;2;2;0;0;0;0;1
09/01/2019;21:30:00;409;Acidente com vítima;337;BR-101/ES;Norte;Colisão Lateral;1;5;0;3;0;0;2
10/01/2019;07:38:00;97;Acidente com vítima;297;BR-101/ES;Sul;Colisão Lateral;1;1;0;1;0;0;2
10/01/2019;11:24:00;194;Acidente sem vítima;296;BR-101/ES;Norte;Colisão Traseira;1;3;0;0;0;0;1
10/01/2019;19:50:00;400;Acidente sem vítima;254;BR-101/ES;Sul;Colisão Traseira;1;3;0;0;0;0;1
10/01/2019;21:58:00;430;Acidente com vítima;438,9;BR-101/ES;Norte;Colisão Traseira;2;6;1;1;0;0;2
11/01/2019;08:18:00;139;Acidente sem vítima;145;BR-101/ES;Norte;Colisão Traseira;1;6;0;0;0;0;1
11/01/2019;23:12:00;462;Acidente sem vítima;139;BR-101/ES;Sul;Saída de Pista;1;2;0;0;0;0;1
12/01/2019;13:26:00;238;Acidente sem vítima;141;BR-101/ES;Norte;Saída de Pista;1;1;0;0;0;0;1
12/01/2019;22:02:00;382;Acidente com morte;164;BR-101/ES;Norte;Colisão Frontal;1;0;0;1;0;1;3
13/01/2019;16:38:00;275;Acidente sem vítima;142;BR-101/ES;Sul;Engavetamento;1;6;0;0;0;0;1
14/01/2019;14:52:00;278;Acidente com morte;237;BR-101/ES;Sul;Capotamento;1;0;0;0;0;1;3
15/01/2019;09:24:00;175;Acidente com vítima;284;BR-101/ES;Norte;Tombamento;1;0;0;1;0;0;2
15/01/2019;17:19:00;353;Acidente sem vítima;377;BR-101/ES;Sul;Colisão Traseira;1;2;0;0;0;0;1
15/01/2019;20:53:00;404;Acidente sem vítima;148;BR-101/ES;Sul;Colisão Transversal;1;2;0;0;0;0;1
17/01/2019;15:09:00;299;Acidente sem vítima;295;BR-101/ES;Sul;Colisão Traseira;1;2;0;0;0;0;1
17/01/2019;17:13:00;333;Acidente sem vítima;301;BR-101/ES;Norte;Colisão Traseira;1;2;0;0;0;0;1
17/01/2019;17:43:00;342;Acidente com vítima;266;BR-101/ES;Norte;Colisão Lateral;1;3;0;1;0;0;2
22/01/2019;16:21:00;308;Acidente sem vítima;299,2;BR-101/ES;Norte;Colisão Traseira;1;10;0;0;0;0;1
24/01/2019;15:59:00;330;Acidente sem vítima;265;BR-101/ES;Norte;Tombamento;1;1;0;0;0;0;1
25/01/2019;10:13:00;165;Acidente sem vítima;269;BR-101/ES;Norte;Colisão Traseira;1;2;0;0;0;0;1
25/01/2019;18:41:00;379;Acidente com vítima;261;BR-101/ES;Sul;Colisão Traseira;1;4;1;0;0;0;1
25/01/2019;20:01:00;397;Acidente com vítima;241;BR-101/ES;Norte;Colisão Lateral;1;4;3;2;0;0;2
26/01/2019;11:15:00;177;Acidente sem vítima;388;BR-101/ES;Norte;Saída de Pista;1;1;0;0;0;0;1
26/01/2019;14:00:00;248;Acidente sem vítima;305;BR-101/ES;Sul;Colisão Transversal;1;3;0;0;0;0;1
27/01/2019;07:48:00;91;Acidente sem vítima;318;BR-101/ES;Sul;Saída de Pista;1;1;0;0;0;0;1
28/01/2019;11:02:00;209;Acidente com vítima;384;BR-101/ES;Norte;Capotamento;1;0;2;0;0;0;1
28/01/2019;14:12:00;285;Acidente sem vítima;264;BR-101/ES;Sul;Colisão Lateral;1;3;0;0;0;0;1
29/01/2019;18:51:00;335;Acidente sem vítima;262,4;BR-101/ES;Norte;Colisão Traseira;1;6;0;0;0;0;1
30/01/2019;18:12:00;338;Acidente com vítima;266;BR-101/ES;Sul;Colisão Traseira;1;1;0;1;0;0;2
31/01/2019;04:55:00;64;Acidente sem vítima;188;BR-101/ES;Sul;Choque com Objeto Fixo;1;1;0;0;0;0;1
01/03/2019;04:12:00;63;Acidente sem vítima;417;BR-101/ES;Norte;Atropelamento de Equino;1;4;0;0;0;0;1
01/03/2019;11:17:00;238;Acidente sem vítima;293;BR-101/ES;Norte;Colisão Transversal;1;2;0;0;0;0;1
01/03/2019;20:35:00;498;Acidente com morte;402;BR-101/ES;Sul;Tombamento;1;0;2;0;0;1;3