data;horario;n_da_ocorrencia;tipo_de_ocorrencia;km;trecho;sentido;tipo_de_acidente;caminhao;ilesos;levemente_feridos;moderadamente_feridos;gravemente_feridos;mortos;3
01/03/2019;21:29:00;520;Acidente sem vítima;425;BR-101/ES;Norte;Colisão Lateral;1;3;0;0;0;0;1
02/03/2019;12:46:00;274;Acidente com vítima;97;BR-101/ES;Norte;Saída de Pista;1;6;0;1;0;0;2
05/03/2019;08:00:00;93;Acidente sem vítima;281,1;BR-101/ES;Sul;Veículo em Chamas;1;1;0;0;0;0;1
06/03/2019;14:43:00;298;Acidente sem vítima;110;BR-101/ES;Sul;Colisão Traseira;1;20;0;0;0;0;1
07/03/2019;06:02:00;65;Acidente sem vítima;0,8;BR-101/ES;Sul;Colisão Traseira;1;4;0;0;0;0;1
08/03/2019;13:35:00;253;Acidente sem vítima;343;BR-101/ES;Norte;Colisão Lateral;1;2;0;0;0;0;1
09/03/2019;17:21:00;306;Acidente com vítima;305;BR-101/ES;Sul;Colisão Transversal;1;3;1;0;0;0;1
11/03/2019;19:35:00;384;Acidente com vítima;267,5;BR-101/ES;Norte;Colisão Lateral;1;2;1;0;0;0;1
13/03/2019;15:52:00;311;Acidente sem vítima;419;BR-101/ES;Norte;Choque;1;4;0;0;0;0;1
14/03/2019;08:07:00;143;Acidente sem vítima;265;BR-101/ES;Norte;Colisão Lateral;1;1;0;0;0;0;1
14/03/2019;09:54:00;180;Acidente sem vítima;213;BR-101/ES;Norte;Colisão Traseira;1;4;0;0;0;0;1
14/03/2019;18:21:00;399;Acidente com vítima;289;BR-101/ES;Norte;Colisão Transversal;1;4;0;3;0;0;2
15/03/2019;06:37:00;71;Acidente sem vítima;452;BR-101/ES;Norte;Veículo em Chamas;1;1;0;0;0;0;1
15/03/2019;10:07:00;182;Acidente com vítima;204,9;BR-101/ES;Sul;Engavetamento;1;10;1;0;0;0;1
15/03/2019;11:34:00;212;Acidente sem vítima;205;BR-101/ES;Norte;Colisão Transversal;1;4;0;0;0;0;1
15/03/2019;12:40:00;242;Acidente com vítima;298;BR-101/ES;Sul;Colisão Traseira;1;1;0;1;0;0;2
15/03/2019;16:15:00;322;Acidente sem vítima;220;BR-101/ES;Norte;Colisão Traseira;1;3;0;0;0;0;1
16/03/2019;12:57:00;229;Acidente com vítima;246;BR-101/ES;Norte;Colisão Traseira;1;3;0;1;0;0;2
16/03/2019;17:28:00;326;Acidente sem vítima;213;BR-101/ES;Norte;Colisão Traseira;1;5;0;0;0;0;1
18/03/2019;05:40:00;63;Acidente com vítima;301,5;BR-101/ES;Norte;Colisão Lateral;1;1;0;1;0;0;2
18/03/2019;15:52:00;292;Acidente sem vítima;271;BR-101/ES;Norte;Colisão Traseira;1;2;0;0;0;0;1
19/03/2019;12:58:00;271;Acidente sem vítima;171;BR-101/ES;Norte;Colisão Traseira;1;3;0;0;0;0;1
19/03/2019;14:49:00;316;Acidente sem vítima;291,5;BR-101/ES;Norte;Choque com Objeto Fixo;1;1;0;0;0;0;1
19/03/2019;22:30:00;435;Acidente sem vítima;270;BR-101/ES;Sul;Colisão Transversal;1;3;0;0;0;0;1
20/03/2019;07:10:00;84;Acidente sem vítima;294;BR-101/ES;Norte;Colisão Traseira;1;2;0;0;0;0;1
20/03/2019;08:55:00;150;Acidente sem vítima;298;BR-101/ES;Sul;Engavetamento;2;3;0;0;0;0;1
20/03/2019;17:00:00;340;Acidente sem vítima;2;BR-101/ES;Norte;Saída de Pista;1;3;0;0;0;0;1
20/03/2019;17:24:00;348;Acidente com vítima;284;BR-101/ES;Norte;Colisão Traseira;1;2;0;1;0;0;2
21/03/2019;02:56:00;37;Acidente sem vítima;198;BR-101/ES;Norte;Atropelamento de Bovino;1;1;0;0;0;0;1
21/03/2019;09:16:00;159;Acidente sem vítima;297;BR-101/ES;Sul;Colisão Lateral;1;2;0;0;0;0;1
21/03/2019;10:44:00;192;Atropelamento sem morte;349;BR-101/ES;Sul;Atropelamento;1;1;0;0;1;0;2
21/03/2019;15:32:00;294;Acidente sem vítima;22;BR-101/ES;Sul;Colisão Frontal;1;2;0;0;0;0;1
21/03/2019;18:17:00;335;Acidente sem vítima;358;BR-101/ES;Sul;Tombamento;1;1;0;0;0;0;1
21/03/2019;20:23:00;361;Acidente sem vítima;174;BR-101/ES;Sul;Colisão Transversal;1;2;0;0;0;0;1
22/03/2019;05:29:00;67;Acidente sem vítima;335;BR-101/ES;Norte;Choque com Objeto Fixo;1;2;0;0;0;0;1
22/03/2019;07:14:00;81;Acidente com vítima;270;BR-101/ES;Norte;Colisão Lateral;1;1;0;1;0;0;2
22/03/2019;22:53:00;420;Acidente com vítima;266;BR-101/ES;Norte;Colisão Traseira;1;2;1;0;0;0;1
23/03/2019;00:16:00;4;Acidente com vítima;414;BR-101/ES;Sul;Tombamento;1;1;0;1;0;0;2
23/03/2019;09:26:00;124;Acidente sem vítima;252;BR-101/ES;Norte;Colisão Lateral;2;2;0;0;0;0;1
23/03/2019;15:49:00;264;Acidente sem vítima;277;BR-101/ES;Norte;Colisão Traseira;1;2;0;0;0;0;1
25/03/2019;00:49:00;18;Acidente com vítima;8,5;BR-101/ES;Norte;Saída de Pista;1;0;0;0;1;0;2
26/03/2019;12:40:00;241;Acidente com vítima;214;BR-101/ES;Sul;Colisão Lateral;1;3;1;0;0;0;1
26/03/2019;19:39:00;376;Acidente sem vítima;344;BR-101/ES;Sul;Colisão Traseira;1;1;0;0;0;0;1
27/03/2019;15:01:00;296;Acidente sem vítima;255;BR-101/ES;Sul;Engavetamento;1;7;0;0;0;0;1
28/03/2019;11:12:00;189;Acidente sem vítima;214;BR-101/ES;Sul;Colisão Transversal;1;5;0;0;0;0;1
28/03/2019;15:36:00;292;Acidente sem vítima;269;BR-101/ES;Norte;Colisão Lateral;1;2;0;0;0;0;1
29/03/2019;13:03:00;242;Acidente sem vítima;246,6;BR-101/ES;Sul;Colisão Lateral;2;2;0;0;0;0;1
29/03/2019;14:36:00;273;Acidente sem vítima;294;BR-101/ES;Norte;Colisão Traseira;1;2;0;0;0;0;1
29/03/2019;19:42:00;353;Acidente sem vítima;250;BR-101/ES;Norte;Colisão Traseira;1;2;0;0;0;0;1
30/03/2019;06:31:00;90;Acidente sem vítima;332;BR-101/ES;Norte;Saída de Pista;1;1;0;0;0;0;1
30/03/2019;06:48:00;92;Acidente com vítima;286;BR-101/ES;Norte;Colisão Traseira;1;1;1;1;0;0;2
31/03/2019;03:49:00;52;Acidente com vítima;321;BR-101/ES;Sul;Colisão Traseira;1;1;1;0;0;0;1
31/03/2019;16:41:00;232;Acidente sem vítima;452;BR-101/ES;Sul;Colisão Traseira;2;3;0;0;0;0;1
01/02/2019;10:42:00;204;Acidente com vítima;296;BR-101/ES;Sul;Colisão Lateral;1;1;0;1;0;0;2
01/02/2019;18:22:00;409;Acidente sem vítima;50;BR-101/ES;Sul;Choque;1;1;0;0;0;0;1
02/02/2019;05:35:00;73;Acidente com morte;99;BR-101/ES;Sul;Colisão Frontal;1;4;0;1;0;1;3
02/02/2019;05:53:00;78;Acidente sem vítima;380;BR-101/ES;Norte;Colisão Lateral;1;5;0;0;0;0;1
02/02/2019;15:03:00;267;Acidente sem vítima;242;BR-101/ES;Norte;Colisão Lateral;1;4;0;0;0;0;1
03/02/2019;12:45:00;193;Acidente sem vítima;18,7;BR-101/ES;Norte;Tombamento;1;1;0;0;0;0;1
03/02/2019;16:32:00;276;Acidente sem vítima;305;BR-101/ES;Norte;Colisão Frontal;1;3;0;0;0;0;1
05/02/2019;17:34:00;369;Acidente com morte;448;BR-101/ES;Sul;Colisão Lateral;1;1;0;0;0;1;3
05/02/2019;18:22:00;383;Acidente sem vítima;160;BR-101/ES;Sul;Colisão Traseira;1;2;0;0;0;0;1
07/02/2019;01:11:00;20;Atropelamento com morte;27;BR-101/ES;Sul;Atropelamento;1;1;0;0;0;1;3
07/02/2019;08:11:00;98;Acidente sem vítima;305;BR-101/ES;Sul;Colisão Transversal;1;4;0;0;0;0;1
07/02/2019;20:34:00;392;Acidente com vítima;66,3;BR-101/ES;Norte;Colisão com ciclista;1;1;0;0;1;0;2
07/02/2019;22:04:00;419;Acidente sem vítima;300;BR-101/ES;Norte;Colisão Traseira;1;2;0;0;0;0;1
08/02/2019;00:07:00;3;Acidente sem vítima;67;BR-101/ES;Norte;Colisão Lateral;1;2;0;0;0;0;1
08/02/2019;19:53:00;424;Acidente sem vítima;242;BR-101/ES;Sul;Choque com Objeto Fixo;1;1;0;0;0;0;1
09/02/2019;09:37:00;138;Acidente sem vítima;299;BR-101/ES;Norte;Colisão Lateral;1;2;0;0;0;0;1
11/02/2019;08:15:00;122;Acidente sem vítima;264;BR-101/ES;Sul;Colisão Traseira;1;1;0;0;0;0;1
11/02/2019;11:44:00;212;Acidente com vítima;268;BR-101/ES;Sul;Colisão Traseira;1;3;1;0;0;0;1
11/02/2019;15:52:00;307;Acidente sem vítima;270;BR-101/ES;Sul;Colisão Traseira;1;8;0;0;0;0;1
11/02/2019;16:29:00;324;Acidente sem vítima;321;BR-101/ES;Sul;Saída de Pista;1;1;0;0;0;0;1
13/02/2019;04:28:00;59;Acidente sem vítima;136;BR-101/ES;Sul;Saída de Pista;1;2;0;0;0;0;1
13/02/2019;07:17:00;83;Acidente sem vítima;295;BR-101/ES;Norte;Colisão Traseira;1;4;0;0;0;0;1
13/02/2019;09:40:00;167;Acidente sem vítima;262;BR-101/ES;Norte;Engavetamento;2;3;0;0;0;0;1
13/02/2019;09:51:00;171;Acidente sem vítima;266;BR-101/ES;Sul;Colisão Traseira;1;4;0;0;0;0;1
13/02/2019;13:56:00;281;Acidente sem vítima;270;BR-101/ES;Norte;Colisão Traseira;1;2;0;0;0;0;1
13/02/2019;16:13:00;328;Acidente com vítima;436;BR-101/ES;Norte;Colisão Traseira;1;2;1;1;0;0;2
13/02/2019;17:11:00;347;Acidente sem vítima;339;BR-101/ES;Sul;Choque;1;2;0;0;0;0;1
13/02/2019;18:00:00;361;Acidente sem vítima;423;BR-101/ES;Norte;Colisão Traseira;1;2;0;0;0;0;1
14/02/2019;12:22:00;233;Acidente sem vítima;267;BR-101/ES;Norte;Colisão Traseira;1;1;0;0;0;0;1
14/02/2019;17:42:00;352;Acidente com vítima;136;BR-101/ES;Norte;Queda de Moto;1;1;1;0;0;0;1
15/02/2019;15:12:00;267;Atropelamento sem morte;299;BR-101/ES;Sul;Atropelamento;1;1;0;1;0;0;2
15/02/2019;18:27:00;342;Acidente sem vítima;260;BR-101/ES;Norte;Colisão Lateral;1;2;0;0;0;0;1
15/02/2019;19:36:00;355;Acidente com vítima;144;BR-101/ES;Norte;Colisão Traseira;1;1;4;1;0;0;2
15/02/2019;19:40:00;357;Acidente sem vítima;270;BR-101/ES;Sul;Engavetamento;1;6;0;0;0;0;1
16/02/2019;09:09:00;150;Acidente sem vítima;271;BR-101/ES;Sul;Colisão Traseira;1;2;0;0;0;0;1
16/02/2019;11:34:00;197;Acidente com morte;342;BR-101/ES;Sul;Colisão Traseira;1;3;0;0;0;1;3
16/02/2019;19:58:00;339;Acidente com vítima;176;BR-101/ES;Sul;Colisão Lateral;1;1;0;0;1;0;2
18/02/2019;01:17:00;17;Acidente sem vítima;450;BR-101/ES;Norte;Choque com Objeto Fixo;1;1;0;0;0;0;1
18/02/2019;10:32:00;193;Acidente com vítima;146;BR-101/ES;Sul;Colisão Traseira;1;3;1;0;0;0;1
18/02/2019;17:51:00;389;Acidente com vítima;214;BR-101/ES;Sul;Colisão Transversal;1;2;0;1;0;0;2
19/02/2019;07:32:00;109;Acidente com vítima;299;BR-101/ES;Norte;Colisão Traseira;1;1;1;0;0;0;1
19/02/2019;21:44:00;406;Acidente sem vítima;442;BR-101/ES;Sul;Choque;1;1;0;0;0;0;1
20/02/2019;22:20:00;423;Acidente sem vítima;229;BR-101/ES;Sul;Colisão Transversal;1;2;0;0;0;0;1
21/02/2019;17:00:00;351;Acidente sem vítima;256;BR-101/ES;Sul;Colisão Traseira;2;2;0;0;0;0;1
22/02/2019;12:46:00;261;Acidente sem vítima;270;BR-101/ES;Sul;Colisão Traseira;1;2;0;0;0;0;1
22/02/2019;15:50:00;330;Acidente sem vítima;301;BR-101/ES;Norte;Colisão Traseira;1;3;0;0;0;0;1
23/02/2019;08:14:00;131;Acidente sem vítima;452;BR-101/ES;Norte;Colisão Traseira;1;3;0;0;0;0;1
24/02/2019;22:11:00;353;Acidente com vítima;305;BR-101/ES;Sul;Colisão Transversal;1;5;1;0;0;0;1
25/02/2019;12:16:00;245;Acidente com morte;326,5;BR-101/ES;Sul;Colisão Frontal;1;6;0;0;1;1;3
25/02/2019;17:08:00;372;Acidente sem vítima;336,5;BR-101/ES;Norte;Saída de Pista;1;1;0;0;0;0;1
25/02/2019;20:22:00;421;Acidente com vítima;406;BR-101/ES;Sul;Colisão Lateral;1;1;3;0;0;0;1
26/02/2019;05:04:00;76;Acidente sem vítima;301;BR-101/ES;Sul;Colisão Traseira;1;3;0;0;0;0;1
26/02/2019;10:48:00;220;Acidente sem vítima;292;BR-101/ES;Sul;Choque com Objeto Fixo;1;2;0;0;0;0;1
28/02/2019;13:43:00;286;Acidente sem vítima;270;BR-101/ES;Norte;Colisão Lateral;1;2;0;0;0;0;1
28/02/2019;16:54:00;389;Acidente sem vítima;271;BR-101/ES;Norte;Colisão Traseira;2;2;0;0;0;0;1
28/02/2019;19:29:00;429;Acidente sem vítima;241;BR-101/ES;Norte;Colisão Lateral;1;3;0;0;0;0;1
02/08/2019;13:32:00;268;Acidente com morte;335;BR-101/ES;Norte;Colisão Lateral;2;1;1;0;0;1;3
02/08/2019;18:15:00;359;Acidente sem vítima;266;BR-101/ES;Sul;Colisão Lateral;1;1;0;0;0;0;1
03/08/2019;06:32:00;76;Acidente sem vítima;242;BR-101/ES;Sul;Colisão Traseira;2;2;0;0;0;0;1
05/08/2019;17:18:00;323;Acidente sem vítima;266;BR-101/ES;Norte;Colisão Traseira;2;3;0;0;0;0;1
05/08/2019;18:18:00;343;Acidente com vítima;345;BR-101/ES;Norte;Engavetamento;2;3;2;0;0;0;1
06/08/2019;07:38:00;107;Acidente sem vítima;395;BR-101/ES;Norte;Colisão Transversal;1;8;0;0;0;0;1
06/08/2019;10:33:00;170;Acidente sem vítima;291;BR-101/ES;Norte;Colisão Traseira;1;2;0;0;0;0;1
06/08/2019;11:02:00;185;Acidente sem vítima;262;BR-101/ES;Sul;Colisão Traseira;1;4;0;0;0;0;1
06/08/2019;12:10:00;221;Acidente sem vítima;251;BR-101/ES;Sul;Choque;1;2;0;0;0;0;1
06/08/2019;12:32:00;227;Acidente sem vítima;226,4;BR-101/ES;Sul;Colisão Traseira;1;2;0;0;0;0;1
07/08/2019;06:53:00;73;Acidente sem vítima;325;BR-101/ES;Sul;Tombamento;1;1;0;0;0;0;1
07/08/2019;15:25:00;250;Acidente sem vítima;268,7;BR-101/ES;Sul;Engavetamento;2;6;0;0;0;0;1
07/08/2019;20:11:00;322;Acidente sem vítima;222;BR-101/ES;Sul;Engavetamento;1;3;0;0;0;0;1
08/08/2019;00:01:00;1;Acidente com vítima;125;BR-101/ES;Sul;Colisão Traseira;1;1;1;0;0;0;1
08/08/2019;14:19:00;277;Acidente com vítima;956;BR-101/BA;Norte;Colisão Transversal;1;1;1;0;0;0;1
09/08/2019;06:48:00;66;Acidente sem vítima;271;BR-101/ES;Norte;Colisão Traseira;1;4;0;0;0;0;1
09/08/2019;07:23:00;101;Acidente sem vítima;269;BR-101/ES;Sul;Colisão Traseira;1;2;0;0;0;0;1
09/08/2019;08:20:00;128;Acidente sem vítima;262;BR-101/ES;Sul;Colisão Traseira;1;2;0;0;0;0;1
09/08/2019;11:50:00;210;Acidente com vítima;223;BR-101/ES;Norte;Colisão Traseira;1;1;0;2;0;0;2
09/08/2019;16:35:00;332;Acidente com vítima;151;BR-101/ES;Sul;Colisão Lateral;1;2;0;1;0;0;2
10/08/2019;03:11:00;49;Acidente sem vítima;426;BR-101/ES;Norte;Atropelamento de Bovino;1;2;0;0;0;0;1
12/08/2019;07:29:00;87;Acidente sem vítima;299,6;BR-101/ES;Norte;Colisão Lateral;1;3;0;0;0;0;1
12/08/2019;15:02:00;242;Acidente sem vítima;43;BR-101/ES;Sul;Choque com Veículo Estacionado;1;2;0;0;0;0;1
13/08/2019;07:09:00;81;Acidente com vítima;298;BR-101/ES;Norte;Colisão Lateral;1;3;0;1;0;0;2
13/08/2019;07:39:00;94;Acidente com vítima;119,8;BR-101/ES;Sul;Choque;1;1;1;0;0;0;1
13/08/2019;13:57:00;248;Acidente sem vítima;208;BR-101/ES;Sul;Colisão Lateral;1;1;0;0;0;0;1
14/08/2019;21:56:00;383;Acidente com vítima;267,8;BR-101/ES;Norte;Colisão Transversal;1;1;6;1;0;0;2
17/08/2019;13:48:00;230;Acidente com vítima;945;BR-101/BA;Sul;Engavetamento;1;4;2;1;0;0;2
19/08/2019;20:02:00;327;Acidente sem vítima;205;BR-101/ES;Norte;Colisão Traseira;1;3;0;0;0;0;1
20/08/2019;10:34:00;175;Acidente sem vítima;31;BR-101/ES;Sul;Colisão Traseira;2;4;0;0;0;0;1
20/08/2019;12:28:00;216;Acidente sem vítima;279;BR-101/ES;Sul;Colisão Traseira;1;3;0;0;0;0;1
20/08/2019;12:57:00;231;Acidente com vítima;316;BR-101/ES;Norte;Saída de Pista;1;0;1;0;0;0;1
21/08/2019;14:02:00;272;Acidente com vítima;414;BR-101/ES;Norte;Colisão Traseira;1;2;0;1;0;0;2
22/08/2019;00:44:00;19;Acidente sem vítima;202;BR-101/ES;Norte;Colisão Lateral;2;2;0;0;0;0;1
23/08/2019;05:14:00;69;Acidente sem vítima;264;BR-101/ES;Norte;Colisão Transversal;1;2;0;0;0;0;1
24/08/2019;17:15:00;259;Acidente sem vítima;241;BR-101/ES;Norte;Colisão Lateral;1;3;0;0;0;0;1
25/08/2019;18:57:00;326;Acidente com morte;448;BR-101/ES;Norte;Colisão Frontal;1;1;0;0;0;1;3
26/08/2019;18:44:00;326;Acidente sem vítima;221;BR-101/ES;Norte;Colisão Lateral;1;3;0;0;0;0;1
26/08/2019;19:15:00;329;Acidente sem vítima;215;BR-101/ES;Norte;Colisão Lateral;1;1;0;0;0;0;1
27/08/2019;10:47:00;181;Acidente sem vítima;268;BR-101/ES;Sul;Colisão Lateral;1;2;0;0;0;0;1
27/08/2019;21:02:00;358;Acidente sem vítima;214;BR-101/ES;Norte;Colisão Lateral;1;2;0;0;0;0;1
28/08/2019;14:41:00;265;Acidente sem vítima;67,5;BR-101/ES;Sul;Colisão Transversal;1;3;0;0;0;0;1
29/08/2019;12:14:00;212;Acidente com vítima;208;BR-101/ES;Norte;Saída de Pista;1;0;2;0;0;0;1
29/08/2019;18:56:00;347;Acidente com vítima;83;BR-101/ES;Norte;Colisão Frontal;1;0;3;0;0;0;1
30/08/2019;13:43:00;240;Acidente com vítima;135;BR-101/ES;Norte;Colisão Transversal;1;2;0;1;0;0;2
30/08/2019;15:41:00;280;Acidente sem vítima;223,1;BR-101/ES;Sul;Colisão Traseira;1;2;0;0;0;0;1
30/08/2019;19:19:00;352;Acidente sem vítima;225;BR-101/ES;Sul;Colisão Traseira;1;3;0;0;0;0;1
31/08/2019;09:06:00;108;Acidente com vítima;149;BR-101/ES;Sul;Colisão Transversal;1;1;1;0;0;0;1
31/08/2019;16:17:00;252;Acidente sem vítima;293;BR-101/ES;Norte;Colisão Lateral;1;2;0;0;0;0;1
01/07/2019;13:06:00;249;Acidente sem vítima;292;BR-101/ES;Sul;Colisão Lateral;1;4;0;0;0;0;1
01/07/2019;13:38:00;270;Acidente sem vítima;19;BR-101/ES;Sul;Colisão Lateral;1;2;0;0;0;0;1
02/07/2019;08:13:00;97;Acidente sem vítima;269;BR-101/ES;Norte;Colisão Traseira;1;2;0;0;0;0;1
02/07/2019;16:36:00;285;Acidente com vítima;232;BR-101/ES;Sul;Colisão Frontal;1;2;0;1;0;0;2
02/07/2019;17:49:00;300;Acidente sem vítima;277;BR-101/ES;Sul;Colisão Lateral;1;3;0;0;0;0;1
03/07/2019;11:18:00;185;Acidente sem vítima;268;BR-101/ES;Norte;Colisão Lateral;1;2;0;0;0;0;1
04/07/2019;06:51:00;82;Acidente sem vítima;284;BR-101/ES;Norte;Tombamento;1;2;0;0;0;0;1
04/07/2019;07:28:00;118;Acidente sem vítima;276;BR-101/ES;Norte;Colisão Traseira;1;1;0;0;0;0;1
04/07/2019;10:14:00;196;Acidente sem vítima;264;BR-101/ES;Norte;Colisão Traseira;1;2;0;0;0;0;1
04/07/2019;10:21:00;200;Acidente com vítima;316;BR-101/ES;Sul;Engavetamento;1;5;1;1;0;0;2
05/07/2019;08:09:00;125;Atropelamento sem morte;296,5;BR-101/ES;Sul;Atropelamento e Fuga;1;0;0;0;1;0;2
05/07/2019;11:21:00;223;Acidente com vítima;290;BR-101/ES;Sul;Engavetamento;2;2;0;1;0;0;2
05/07/2019;16:54:00;362;Acidente com vítima;253,5;BR-101/ES;Sul;Colisão Traseira;1;8;1;0;0;0;1
05/07/2019;17:30:00;375;Acidente sem vítima;233;BR-101/ES;Sul;Colisão Traseira;1;7;0;0;0;0;1
05/07/2019;17:46:00;382;Acidente sem vítima;359;BR-101/ES;Sul;Engavetamento;2;6;0;0;0;0;1
06/07/2019;23:04:00;375;Acidente com morte;270,75;BR-101/ES;Sul;Colisão Lateral;1;1;0;0;4;3;3
08/07/2019;07:07:00;92;Acidente sem vítima;186;BR-101/ES;Norte;Colisão Traseira;2;1;0;0;0;0;1
08/07/2019;07:49:00;112;Acidente com vítima;149;BR-101/ES;Norte;Colisão com ciclista;1;1;1;0;0;0;1
09/07/2019;18:09:00;367;Acidente com vítima;145;BR-101/ES;Norte;Capotamento;1;1;1;1;0;0;2
11/07/2019;04:11:00;46;Acidente com vítima;120;BR-101/ES;Sul;Tombamento;1;0;1;0;0;0;1
11/07/2019;09:29:00;137;Acidente sem vítima;271;BR-101/ES;Sul;Colisão Traseira;1;2;0;0;0;0;1
11/07/2019;10:04:00;146;Acidente sem vítima;266;BR-101/ES;Norte;Colisão Lateral;1;2;0;0;0;0;1
12/07/2019;05:08:00;75;Acidente sem vítima;241;BR-101/ES;Sul;Colisão Traseira;1;1;0;0;0;0;1
12/07/2019;15:06:00;317;Acidente com vítima;176;BR-101/ES;Sul;Colisão Lateral;1;1;0;1;0;0;2
12/07/2019;15:40:00;327;Acidente com vítima;145;BR-101/ES;Sul;Colisão Traseira;1;1;1;0;0;0;1
12/07/2019;19:14:00;396;Acidente sem vítima;294;BR-101/ES;Norte;Colisão Traseira;3;5;0;0;0;0;1
15/07/2019;08:08:00;106;Acidente sem vítima;299,7;BR-101/ES;Norte;Colisão Traseira;1;2;0;0;0;0;1
15/07/2019;13:15:00;228;Acidente com vítima;222;BR-101/ES;Norte;Engavetamento;2;3;4;0;0;0;1
15/07/2019;18:34:00;337;Acidente com vítima;35;BR-101/ES;Sul;Colisão Transversal;1;1;0;1;0;0;2
15/07/2019;20:27:00;360;Acidente sem vítima;447;BR-101/ES;Norte;Colisão Lateral;1;2;0;0;0;0;1
16/07/2019;21:31:00;385;Acidente sem vítima;262;BR-101/ES;Norte;Colisão Lateral;1;2;0;0;0;0;1
17/07/2019;13:08:00;277;Acidente sem vítima;368;BR-101/ES;Sul;Tombamento;1;3;0;0;0;0;1
18/07/2019;13:01:00;202;Acidente com vítima;411;BR-101/ES;Sul;Colisão Lateral;1;1;0;6;0;0;2
19/07/2019;01:39:00;34;Acidente sem vítima;266;BR-101/ES;Sul;Colisão Transversal;1;2;0;0;0;0;1
19/07/2019;10:49:00;187;Acidente com vítima;269,4;BR-101/ES;Sul;Colisão Transversal;1;2;0;4;0;0;2
19/07/2019;19:03:00;350;Acidente sem vítima;270;BR-101/ES;Norte;Colisão Lateral;1;2;0;0;0;0;1
20/07/2019;13:32:00;226;Acidente sem vítima;264;BR-101/ES;Sul;Colisão Traseira;1;4;0;0;0;0;1
20/07/2019;14:20:00;236;Acidente sem vítima;269;BR-101/ES;Sul;Colisão Traseira;1;2;0;0;0;0;1
20/07/2019;18:33:00;310;Acidente sem vítima;301;BR-101/ES;Sul;Colisão Lateral;1;1;0;0;0;0;1
21/07/2019;01:48:00;36;Acidente sem vítima;4;BR-101/ES;Norte;Atropelamento de Bovino;1;1;0;0;0;0;1
21/07/2019;14:21:00;234;Acidente sem vítima;254;BR-101/ES;Sul;Colisão Traseira;1;2;0;0;0;0;1
22/07/2019;04:51:00;60;Acidente sem vítima;110;BR-101/ES;Sul;Colisão Traseira;1;2;0;0;0;0;1
23/07/2019;07:39:00;91;Acidente sem vítima;301;BR-101/ES;Norte;Colisão Lateral;1;2;0;0;0;0;1
23/07/2019;08:40:00;126;Acidente sem vítima;254,8;BR-101/ES;Sul;Engavetamento;1;5;0;0;0;0;1
23/07/2019;09:04:00;134;Acidente sem vítima;254,8;BR-101/ES;Sul;Engavetamento;2;6;0;0;0;0;1
24/07/2019;12:01:00;227;Acidente sem vítima;262;BR-101/ES;Sul;Colisão Transversal;1;2;0;0;0;0;1
25/07/2019;15:22:00;263;Acidente com vítima;228;BR-101/ES;Sul;Engavetamento;1;2;1;0;0;0;1
25/07/2019;18:07:00;309;Acidente com morte;233,8;BR-101/ES;Norte;Colisão Frontal;1;2;0;0;0;1;3
25/07/2019;19:00:00;320;Acidente com vítima;66;BR-101/ES;Sul;Colisão Lateral;1;2;2;0;0;0;1
25/07/2019;20:54:00;335;Atropelamento sem morte;66;BR-101/ES;Sul;Atropelamento;1;1;0;0;1;0;2
26/07/2019;18:40:00;380;Atropelamento sem morte;308;BR-101/ES;Norte;Atropelamento;1;1;1;0;0;0;1
27/07/2019;03:10:00;43;Acidente sem vítima;258;BR-101/ES;Sul;Colisão Traseira;1;2;0;0;0;0;1
27/07/2019;23:09:00;364;Acidente sem vítima;152;BR-101/ES;Sul;Colisão Traseira;2;2;0;0;0;0;1
28/07/2019;19:09:00;319;Acidente com vítima;371;BR-101/ES;Sul;Colisão Lateral;1;0;2;0;0;0;1
29/07/2019;17:58:00;316;Acidente com vítima;264;BR-101/ES;Norte;Colisão Traseira;1;1;0;1;0;0;2
29/07/2019;19:50:00;339;Acidente com vítima;146;BR-101/ES;Norte;Colisão Lateral;1;3;1;0;0;0;1
30/07/2019;20:59:00;344;Acidente com vítima;357;BR-101/ES;Sul;Colisão Lateral;1;1;1;0;0;0;1
31/07/2019;22:39:00;401;Acidente com vítima;287;BR-101/ES;Norte;Colisão Lateral;1;0;0;1;0;0;2
02/09/2019;09:18:00;142;Acidente sem vítima;330,9;BR-101/ES;Sul;Colisão Traseira;1;5;0;0;0;0;1
03/09/2019;09:16:00;165;Acidente com vítima;299;BR-101/ES;Sul;Colisão com ciclista;1;2;0;1;0;0;2
03/09/2019;10:17:00;183;Acidente sem vítima;411;BR-101/ES;Norte;Colisão Traseira;1;2;0;0;0;0;1
03/09/2019;18:35:00;372;Acidente sem vítima;277;BR-101/ES;Norte;Colisão Traseira;1;3;0;0;0;0;1
03/09/2019;20:07:00;391;Acidente sem vítima;289;BR-101/ES;Norte;Colisão Lateral;1;1;0;0;0;0;1