data;horario;n_da_ocorrencia;tipo_de_ocorrencia;km;trecho;sentido;tipo_de_acidente;caminhao;ilesos;levemente_feridos;moderadamente_feridos;gravemente_feridos;mortos;3
27/02/2020;19:13:00;358;Acidente sem vítima;172;BR-101/ES;Sul;Colisão Traseira;1;4;0;0;0;0;1
28/02/2020;18:28:00;308;Acidente com vítima;204;BR-101/ES;Norte;Colisão Transversal;1;4;1;0;0;0;1
29/02/2020;11:25:00;195;Acidente com vítima;109,8;BR-101/ES;Norte;Saída de Pista;1;0;2;1;0;0;2
01/04/2020;13:34:00;219;Acidente com vítima;186;BR-101/ES;Sul;Colisão Lateral;1;1;1;0;0;0;1
01/04/2020;18:02:00;280;Acidente sem vítima;258;BR-101/ES;Sul;Colisão Traseira;1;2;0;0;0;0;1
01/04/2020;19:47:00;297;Acidente com vítima;201,5;BR-101/ES;Norte;Saída de Pista;1;0;2;1;0;0;2
04/04/2020;21:52:00;307;Acidente sem vítima;147;BR-101/ES;Sul;Colisão Transversal;1;2;0;0;0;0;1
06/04/2020;07:24:00;82;Acidente sem vítima;293,3;BR-101/ES;Norte;Saída de Pista;1;1;0;0;0;0;1
06/04/2020;08:06:00;95;Acidente com vítima;145;BR-101/ES;Norte;Colisão Traseira;1;1;1;0;0;0;1
06/04/2020;08:52:00;106;Acidente sem vítima;15,3;BR-101/ES;Norte;Colisão Transversal;1;3;0;0;0;0;1
06/04/2020;21:29:00;286;Acidente sem vítima;269;BR-101/ES;Norte;Colisão Lateral;1;2;0;0;0;0;1
07/04/2020;07:52:00;91;Acidente com vítima;387,2;BR-101/ES;Norte;Tombamento;1;2;0;1;0;0;2
07/04/2020;10:20:00;138;Acidente sem vítima;386;BR-101/ES;Sul;Engavetamento;2;3;0;0;0;0;1
07/04/2020;17:53:00;275;Acidente com morte;270,59;BR-101/ES;Sul;Queda de Moto;1;1;0;0;0;1;3
08/04/2020;14:26:00;239;Acidente sem vítima;266,3;BR-101/ES;Norte;Colisão Traseira;1;2;0;0;0;0;1
09/04/2020;19:03:00;280;Acidente sem vítima;162;BR-101/ES;Sul;Colisão Traseira;1;3;0;0;0;0;1
10/04/2020;20:46:00;280;Acidente com morte;129,2;BR-101/ES;Sul;Colisão Frontal;1;4;0;1;0;1;3
12/04/2020;02:38:00;34;Atropelamento sem morte;149;BR-101/ES;Norte;Atropelamento e Fuga;1;1;0;2;0;0;2
14/04/2020;22:19:00;322;Acidente com vítima;361,3;BR-101/ES;Norte;Tombamento;1;0;1;0;0;0;1
15/04/2020;09:52:00;130;Acidente sem vítima;273;BR-101/ES;Sul;Colisão Lateral;1;4;0;0;0;0;1
15/04/2020;12:31:00;195;Acidente com vítima;361,5;BR-101/ES;Sul;Colisão Traseira;1;2;0;1;0;0;2
16/04/2020;09:57:00;161;Acidente sem vítima;132,6;BR-101/ES;Sul;Colisão Traseira;1;2;0;0;0;0;1
17/04/2020;06:21:00;92;Acidente com vítima;298;BR-101/ES;Norte;Colisão Lateral;1;1;0;1;0;0;2
17/04/2020;18:25:00;292;Acidente sem vítima;395,4;BR-101/ES;Sul;Colisão Transversal;1;6;0;0;0;0;1
19/04/2020;11:31:00;123;Acidente com morte;248;BR-101/ES;Sul;Colisão Frontal;1;2;1;3;0;1;3
22/04/2020;09:45:00;112;Acidente sem vítima;267;BR-101/ES;Norte;Engavetamento;3;7;0;0;0;0;1
22/04/2020;14:38:00;211;Acidente sem vítima;283;BR-101/ES;Norte;Colisão Lateral;1;2;0;0;0;0;1
22/04/2020;16:48:00;241;Acidente com morte;84;BR-101/ES;Norte;Colisão Frontal;1;0;0;1;1;2;3
23/04/2020;07:58:00;89;Acidente com vítima;271;BR-101/ES;Sul;Colisão Traseira;1;1;0;1;0;0;2
24/04/2020;09:16:00;127;Acidente com morte;328,7;BR-101/ES;Norte;Colisão Frontal;1;1;0;0;0;1;3
24/04/2020;16:33:00;257;Acidente sem vítima;405;BR-101/ES;Norte;Saída de Pista;1;1;0;0;0;0;1
24/04/2020;16:47:00;261;Acidente sem vítima;262,6;BR-101/ES;Sul;Colisão Traseira;1;2;0;0;0;0;1
25/04/2020;19:33:00;259;Acidente com morte;372;BR-101/ES;Norte;Colisão Frontal;1;3;0;0;0;1;3
26/04/2020;20:56:00;216;Acidente sem vítima;404;BR-101/ES;Norte;Colisão Transversal;1;2;0;0;0;0;1
27/04/2020;15:39:00;231;Acidente sem vítima;171,7;BR-101/ES;Norte;Colisão Traseira;1;2;0;0;0;0;1
02/05/2020;23:21:00;311;Acidente com morte;146,4;BR-101/ES;Norte;Colisão Transversal;1;1;0;0;1;1;3
02/05/2020;23:46:00;317;Acidente com vítima;147;BR-101/ES;Norte;Colisão Frontal;1;1;0;0;1;0;2
03/05/2020;20:23:00;263;Acidente com vítima;180;BR-101/ES;Sul;Colisão Traseira;1;1;0;1;0;0;2
04/05/2020;06:50:00;75;Acidente com vítima;270,8;BR-101/ES;Norte;Colisão Lateral;1;1;1;1;0;0;2
04/05/2020;18:38:00;298;Acidente com morte;949,3;BR-101/BA;Norte;Colisão Traseira;1;2;0;0;0;1;3
05/05/2020;11:32:00;195;Acidente sem vítima;87,3;BR-101/ES;Norte;Colisão Traseira;1;3;0;0;0;0;1
05/05/2020;18:06:00;333;Acidente sem vítima;222;BR-101/ES;Sul;Choque com Objeto Fixo;1;1;0;0;0;0;1
06/05/2020;22:11:00;316;Acidente com vítima;267,8;BR-101/ES;Sul;Colisão Transversal;1;1;0;1;0;0;2
07/05/2020;06:56:00;87;Acidente com vítima;29,5;BR-101/ES;Norte;Choque com Objeto Fixo;1;0;0;1;0;0;2
09/05/2020;23:07:00;292;Acidente sem vítima;336;BR-101/ES;Norte;Colisão Lateral;1;2;0;0;0;0;1
13/05/2020;11:22:00;166;Acidente com vítima;50,7;BR-101/ES;Norte;Colisão Traseira;1;2;1;0;0;0;1
14/05/2020;07:32:00;96;Acidente sem vítima;265;BR-101/ES;Sul;Colisão Traseira;1;2;0;0;0;0;1
14/05/2020;22:19:00;340;Acidente sem vítima;262,9;BR-101/ES;Norte;Colisão Lateral;1;3;0;0;0;0;1
15/05/2020;04:54:00;69;Acidente sem vítima;436,5;BR-101/ES;Sul;Saída de Pista;1;2;0;0;0;0;1
15/05/2020;07:58:00;101;Acidente sem vítima;202;BR-101/ES;Norte;Tombamento;1;1;0;0;0;0;1
15/05/2020;12:36:00;213;Acidente sem vítima;332;BR-101/ES;Sul;Saída de Pista;1;1;0;0;0;0;1
16/05/2020;17:50:00;247;Acidente com vítima;324,6;BR-101/ES;Norte;Colisão Traseira;1;1;0;0;1;0;2
18/05/2020;19:05:00;294;Acidente sem vítima;211;BR-101/ES;Norte;Colisão Traseira;2;2;0;0;0;0;1
19/05/2020;05:52:00;73;Acidente sem vítima;288,4;BR-101/ES;Norte;Colisão Traseira;1;2;0;0;0;0;1
19/05/2020;10:09:00;137;Acidente sem vítima;294;BR-101/ES;Norte;Engavetamento;1;3;0;0;0;0;1
19/05/2020;14:17:00;233;Acidente sem vítima;380;BR-101/ES;Norte;Colisão Lateral;2;5;0;0;0;0;1
19/05/2020;19:49:00;311;Acidente com vítima;293;BR-101/ES;Norte;Colisão com ciclista;1;2;0;1;0;0;2
20/05/2020;14:26:00;222;Acidente com vítima;382;BR-101/ES;Sul;Colisão Traseira;1;1;0;1;0;0;2
20/05/2020;18:26:00;281;Acidente sem vítima;203;BR-101/ES;Norte;Colisão Traseira;1;2;0;0;0;0;1
21/05/2020;11:17:00;156;Acidente sem vítima;266,2;BR-101/ES;Sul;Colisão Traseira;1;1;0;0;0;0;1
21/05/2020;15:24:00;227;Acidente com morte;940;BR-101/BA;Norte;Colisão Traseira;2;0;1;0;0;1;3
21/05/2020;20:57:00;289;Acidente com vítima;276;BR-101/ES;Sul;Colisão Traseira;1;1;0;1;0;0;2
21/05/2020;21:02:00;290;Acidente com vítima;299;BR-101/ES;Norte;Tombamento;1;1;0;1;0;0;2
23/05/2020;10:16:00;123;Acidente sem vítima;270;BR-101/ES;Sul;Colisão Traseira;1;8;0;0;0;0;1
24/05/2020;05:23:00;48;Acidente sem vítima;66;BR-101/ES;Sul;Choque com Veículo Estacionado;1;4;0;0;0;0;1
25/05/2020;01:48:00;24;Acidente sem vítima;305,2;BR-101/ES;Norte;Tombamento;1;1;0;0;0;0;1
25/05/2020;06:18:00;68;Acidente sem vítima;371;BR-101/ES;Sul;Saída de Pista;1;1;0;0;0;0;1
25/05/2020;22:59:00;306;Acidente sem vítima;226;BR-101/ES;Sul;Atropelamento de Bovino;1;1;0;0;0;0;1
26/05/2020;10:26:00;179;Acidente sem vítima;221;BR-101/ES;Sul;Colisão Lateral;1;4;0;0;0;0;1
26/05/2020;21:59:00;367;Acidente com morte;249,2;BR-101/ES;Sul;Colisão Frontal;1;1;0;0;0;1;3
28/05/2020;06:51:00;86;Acidente sem vítima;269;BR-101/ES;Sul;Engavetamento;1;3;0;0;0;0;1
28/05/2020;11:49:00;205;Acidente sem vítima;294;BR-101/ES;Norte;Colisão Traseira;1;5;0;0;0;0;1
29/05/2020;18:23:00;288;Acidente sem vítima;273;BR-101/ES;Sul;Colisão Traseira;1;6;0;0;0;0;1
31/05/2020;03:33:00;51;Atropelamento com morte;66;BR-101/ES;Sul;Atropelamento;1;2;0;1;0;1;3
31/05/2020;20:27:00;264;Acidente sem vítima;36;BR-101/ES;Sul;Colisão Traseira;1;2;0;0;0;0;1
02/06/2020;10:23:00;136;Acidente com vítima;267;BR-101/ES;Norte;Colisão Lateral;1;2;0;1;0;0;2
02/06/2020;11:49:00;169;Acidente sem vítima;213;BR-101/ES;Norte;Engavetamento;1;3;0;0;0;0;1
05/06/2020;17:16:00;338;Acidente sem vítima;339;BR-101/ES;Sul;Engavetamento;2;12;0;0;0;0;1
06/06/2020;04:40:00;53;Acidente sem vítima;165;BR-101/ES;Sul;Colisão Traseira;1;2;0;0;0;0;1
06/06/2020;19:36:00;287;Atropelamento com morte;172,8;BR-101/ES;Norte;Atropelamento e Fuga;1;3;0;0;0;1;3
08/06/2020;14:04:00;256;Acidente sem vítima;213;BR-101/ES;Sul;Colisão Lateral;1;3;0;0;0;0;1
09/06/2020;01:00:00;13;Acidente com vítima;460;BR-101/ES;Sul;Saída de Pista;1;0;1;0;0;0;1
12/06/2020;13:47:00;224;Acidente sem vítima;321,8;BR-101/ES;Sul;Tombamento;1;2;0;0;0;0;1
13/06/2020;11:50:00;167;Acidente com vítima;148,7;BR-101/ES;Sul;Colisão com ciclista;1;1;1;0;0;0;1
15/06/2020;15:21:00;236;Acidente sem vítima;371;BR-101/ES;Sul;Colisão Transversal;1;3;0;0;0;0;1
15/06/2020;17:00:00;253;Acidente sem vítima;16,5;BR-101/ES;Sul;Colisão Lateral;1;6;0;0;0;0;1
16/06/2020;00:25:00;9;Acidente sem vítima;368,95;BR-101/ES;Sul;Tombamento;1;1;0;0;0;0;1
16/06/2020;00:45:00;16;Acidente sem vítima;369;BR-101/ES;Norte;Veículo em Chamas;1;1;0;0;0;0;1
16/06/2020;07:14:00;104;Acidente sem vítima;283,9;BR-101/ES;Norte;Saída de Pista;1;1;0;0;0;0;1
17/06/2020;03:55:00;37;Acidente sem vítima;244;BR-101/ES;Sul;Colisão Lateral;2;2;0;0;0;0;1
17/06/2020;08:03:00;93;Acidente sem vítima;289;BR-101/ES;Norte;Colisão Traseira;1;1;0;0;0;0;1
18/06/2020;17:48:00;268;Acidente sem vítima;173;BR-101/ES;Norte;Choque;1;5;0;0;0;0;1
19/06/2020;09:33:00;163;Acidente sem vítima;90,8;BR-101/ES;Norte;Colisão Traseira;1;2;0;0;0;0;1
19/06/2020;15:56:00;292;Acidente sem vítima;254,5;BR-101/ES;Sul;Colisão Traseira;1;1;0;0;0;0;1
20/06/2020;19:46:00;284;Acidente com morte;28,3;BR-101/ES;Norte;Colisão Frontal;1;1;0;0;0;1;3
22/06/2020;03:39:00;35;Acidente com vítima;443,8;BR-101/ES;Sul;Choque com Objeto Fixo;1;0;1;0;0;0;1
22/06/2020;07:08:00;87;Acidente com vítima;266,2;BR-101/ES;Norte;Colisão Transversal;1;1;2;0;0;0;1
25/06/2020;10:45:00;155;Acidente sem vítima;329;BR-101/ES;Norte;Colisão Traseira;1;3;0;0;0;0;1
26/06/2020;15:24:00;230;Acidente com vítima;144,8;BR-101/ES;Sul;Colisão Traseira;1;1;1;0;0;0;1
26/06/2020;16:37:00;254;Acidente sem vítima;125,9;BR-101/ES;Sul;Colisão Traseira;1;4;0;0;0;0;1
26/06/2020;21:42:00;323;Acidente sem vítima;264;BR-101/ES;Sul;Atropelamento de Equino;1;3;0;0;0;0;1
27/06/2020;12:31:00;206;Acidente com vítima;283,8;BR-101/ES;Norte;Colisão Traseira;1;2;1;0;0;0;1
29/06/2020;07:10:00;77;Acidente com vítima;401;BR-101/ES;Norte;Saída de Pista;1;0;1;0;0;0;1
29/06/2020;07:38:00;81;Acidente com vítima;294,5;BR-101/ES;Norte;Colisão Traseira;1;1;0;1;0;0;2
29/06/2020;09:16:00;111;Acidente sem vítima;15,7;BR-101/ES;Sul;Colisão Transversal;1;2;0;0;0;0;1
29/06/2020;21:08:00;284;Acidente sem vítima;222;BR-101/ES;Sul;Choque com Objeto Fixo;1;1;0;0;0;0;1
30/06/2020;17:28:00;266;Acidente sem vítima;271;BR-101/ES;Norte;Colisão Lateral;1;2;0;0;0;0;1
01/07/2020;15:58:00;304;Acidente sem vítima;211,3;BR-101/ES;Sul;Choque com Objeto Fixo;1;2;0;0;0;0;1
02/07/2020;08:02:00;129;Acidente sem vítima;291,9;BR-101/ES;Norte;Colisão Traseira;1;5;0;0;0;0;1
02/07/2020;11:30:00;228;Acidente sem vítima;291,9;BR-101/ES;Norte;Colisão Traseira;1;2;0;0;0;0;1
03/07/2020;09:55:00;149;Acidente sem vítima;273,8;BR-101/ES;Sul;Colisão Traseira;1;2;0;0;0;0;1
03/07/2020;11:48:00;202;Acidente sem vítima;147,5;BR-101/ES;Norte;Engavetamento;1;4;0;0;0;0;1
03/07/2020;22:20:00;390;Acidente com vítima;408;BR-101/ES;Sul;Capotamento;1;0;0;1;0;0;2
04/07/2020;01:09:00;27;Acidente sem vítima;442;BR-101/ES;Sul;Atropelamento de Bovino;1;1;0;0;0;0;1
04/07/2020;01:55:00;39;Acidente sem vítima;442;BR-101/ES;Sul;Colisão Lateral;1;1;0;0;0;0;1
04/07/2020;04:16:00;68;Acidente sem vítima;268;BR-101/ES;Norte;Colisão Traseira;1;2;0;0;0;0;1
04/07/2020;11:56:00;204;Acidente sem vítima;388,1;BR-101/ES;Sul;Saída de Pista;1;2;0;0;0;0;1
04/07/2020;18:27:00;313;Acidente com vítima;142,9;BR-101/ES;Sul;Colisão com ciclista;1;1;1;0;0;0;1
05/07/2020;19:47:00;301;Acidente sem vítima;229;BR-101/ES;Norte;Colisão Lateral;1;6;0;0;0;0;1
08/07/2020;19:16:00;374;Acidente com vítima;946;BR-101/BA;Sul;Saída de Pista;1;0;0;1;0;0;2
08/07/2020;19:42:00;379;Acidente com vítima;141;BR-101/ES;Norte;Colisão Transversal;1;1;1;0;0;0;1
08/07/2020;19:53:00;385;Acidente sem vítima;399;BR-101/ES;Norte;Choque com Veículo Estacionado;1;2;0;0;0;0;1
09/07/2020;06:32:00;75;Acidente sem vítima;223,3;BR-101/ES;Norte;Colisão Traseira;1;2;0;0;0;0;1
09/07/2020;10:40:00;155;Acidente sem vítima;321,3;BR-101/ES;Sul;Colisão Traseira;1;3;0;0;0;0;1
09/07/2020;16:32:00;303;Acidente sem vítima;241;BR-101/ES;Norte;Colisão Traseira;1;6;0;0;0;0;1
09/07/2020;19:58:00;356;Acidente com morte;93,7;BR-101/ES;Sul;Colisão Frontal;1;1;0;0;0;1;3
10/07/2020;01:53:00;69;Acidente com morte;227,1;BR-101/ES;Sul;Colisão Lateral;1;1;0;0;0;1;3
10/07/2020;14:46:00;276;Acidente sem vítima;297;BR-101/ES;Sul;Colisão Traseira;1;2;0;0;0;0;1
10/07/2020;18:47:00;343;Acidente sem vítima;244;BR-101/ES;Sul;Colisão Lateral;1;3;0;0;0;0;1
13/07/2020;04:29:00;88;Acidente com vítima;400,7;BR-101/ES;Sul;Saída de Pista;1;0;0;1;0;0;2
14/07/2020;00:10:00;5;Acidente sem vítima;286;BR-101/ES;Sul;Colisão Traseira;1;3;0;0;0;0;1
14/07/2020;15:52:00;310;Acidente com vítima;255;BR-101/ES;Sul;Colisão Traseira;1;2;0;1;0;0;2
15/07/2020;09:15:00;161;Acidente sem vítima;182,4;BR-101/ES;Sul;Colisão Traseira;1;3;0;0;0;0;1
15/07/2020;10:23:00;181;Acidente sem vítima;255;BR-101/ES;Norte;Engavetamento;2;5;0;0;0;0;1
17/07/2020;12:05:00;251;Acidente com vítima;262,2;BR-101/ES;Sul;Colisão Lateral;1;1;1;1;0;0;2
17/07/2020;18:35:00;355;Acidente com vítima;117,7;BR-101/ES;Norte;Colisão Transversal;1;2;1;0;0;0;1
17/07/2020;20:03:00;373;Acidente com vítima;137,1;BR-101/ES;Sul;Colisão Transversal;1;1;2;0;0;0;1
19/07/2020;15:39:00;211;Acidente sem vítima;152;BR-101/ES;Norte;Colisão Traseira;1;3;0;0;0;0;1
20/07/2020;08:44:00;128;Acidente com vítima;125,9;BR-101/ES;Sul;Colisão Lateral;1;1;0;0;1;0;2
21/07/2020;05:59:00;95;Acidente sem vítima;356,1;BR-101/ES;Sul;Colisão Frontal;2;4;0;0;0;0;1
21/07/2020;07:00:00;100;Acidente sem vítima;356,8;BR-101/ES;Norte;Engavetamento;1;5;0;0;0;0;1
21/07/2020;20:19:00;368;Acidente sem vítima;267;BR-101/ES;Sul;Colisão Transversal;1;2;0;0;0;0;1
21/07/2020;20:23:00;369;Acidente sem vítima;294,3;BR-101/ES;Sul;Engavetamento;2;3;0;0;0;0;1
22/07/2020;13:19:00;268;Acidente sem vítima;269;BR-101/ES;Sul;Colisão Lateral;1;3;0;0;0;0;1
22/07/2020;16:03:00;309;Acidente sem vítima;293;BR-101/ES;Norte;Colisão Lateral;1;2;0;0;0;0;1
23/07/2020;01:25:00;20;Acidente com vítima;18,5;BR-101/ES;Sul;Colisão Lateral;2;2;1;0;0;0;1
23/07/2020;07:31:00;100;Acidente sem vítima;16;BR-101/ES;Sul;Colisão Transversal;1;2;0;0;0;0;1
23/07/2020;13:35:00;254;Acidente sem vítima;188;BR-101/ES;Sul;Choque com Objeto Fixo;1;1;0;0;0;0;1
23/07/2020;13:42:00;259;Acidente com vítima;17,4;BR-101/ES;Norte;Colisão Frontal;1;1;0;0;1;0;2
23/07/2020;16:33:00;292;Acidente sem vítima;289,3;BR-101/ES;Norte;Saída de Pista;1;1;0;0;0;0;1
24/07/2020;00:20:00;7;Acidente sem vítima;273;BR-101/ES;Norte;Veículo em Chamas;1;1;0;0;0;0;1
24/07/2020;07:12:00;105;Acidente com vítima;100,3;BR-101/ES;Norte;Colisão Transversal;1;1;2;1;0;0;2
24/07/2020;07:45:00;119;Acidente sem vítima;266,3;BR-101/ES;Sul;Colisão Lateral;1;2;0;0;0;0;1
24/07/2020;14:53:00;292;Acidente sem vítima;295,5;BR-101/ES;Sul;Colisão Lateral;1;3;0;0;0;0;1
24/07/2020;16:18:00;319;Acidente sem vítima;253,3;BR-101/ES;Sul;Colisão Traseira;1;2;0;0;0;0;1
24/07/2020;16:32:00;325;Acidente sem vítima;241;BR-101/ES;Sul;Colisão Lateral;1;2;0;0;0;0;1
28/07/2020;06:42:00;94;Acidente sem vítima;364,4;BR-101/ES;Norte;Colisão Traseira;2;1;0;0;0;0;1
28/07/2020;14:43:00;288;Acidente sem vítima;264;BR-101/ES;Sul;Colisão Traseira;1;2;0;0;0;0;1
28/07/2020;15:35:00;306;Acidente com vítima;269,1;BR-101/ES;Norte;Engavetamento;2;2;0;2;0;0;2
29/07/2020;12:54:00;248;Acidente sem vítima;264,4;BR-101/ES;Norte;Colisão Transversal;1;4;0;0;0;0;1
30/07/2020;04:32:00;80;Acidente sem vítima;80;BR-101/ES;Sul;Atropelamento Animal;1;1;0;0;0;0;1
30/07/2020;08:28:00;128;Acidente sem vítima;293;BR-101/ES;Sul;Colisão Traseira;1;2;0;0;0;0;1
31/07/2020;03:42:00;52;Acidente sem vítima;260;BR-101/ES;Sul;Colisão Transversal;1;2;0;0;0;0;1
02/01/2020;11:16:00;188;Acidente sem vítima;945;BR-101/BA;Norte;Colisão Lateral;1;1;0;0;0;0;1
02/01/2020;22:53:00;405;Acidente com morte;435,5;BR-101/ES;Norte;Saída de Pista;1;0;0;1;0;1;3
03/01/2020;05:24:00;79;Acidente com vítima;264;BR-101/ES;Norte;Colisão Transversal;1;1;2;0;0;0;1
04/01/2020;15:05:00;271;Acidente com vítima;266;BR-101/ES;Sul;Colisão Lateral;1;1;0;1;1;0;2
04/01/2020;20:00:00;340;Acidente com vítima;361;BR-101/ES;Sul;Tombamento;1;0;2;0;0;0;1
06/01/2020;04:13:00;67;Acidente sem vítima;416;BR-101/ES;Norte;Atropelamento de Equino;1;1;0;0;0;0;1
06/01/2020;14:53:00;276;Acidente sem vítima;408;BR-101/ES;Norte;Colisão Traseira;1;2;0;0;0;0;1
07/01/2020;02:00:00;43;Acidente com vítima;142;BR-101/ES;Sul;Colisão Traseira;2;3;1;0;0;0;1
07/01/2020;12:44:00;212;Acidente sem vítima;186;BR-101/ES;Sul;Choque;1;2;0;0;0;0;1
08/01/2020;16:04:00;326;Acidente com vítima;289;BR-101/ES;Sul;Colisão Lateral;1;4;0;1;0;0;2
09/01/2020;10:25:00;185;Acidente sem vítima;340;BR-101/ES;Sul;Colisão Traseira;1;2;0;0;0;0;1
09/01/2020;16:18:00;323;Acidente com vítima;146;BR-101/ES;Sul;Colisão Traseira;1;1;1;0;0;0;1
09/01/2020;22:27:00;419;Acidente com morte;68;BR-101/ES;Sul;Colisão Frontal;2;0;0;0;1;1;3
09/01/2020;22:46:00;424;Acidente com vítima;421;BR-101/ES;Sul;Capotamento;1;0;0;1;0;0;2
10/01/2020;02:30:00;38;Acidente sem vítima;399;BR-101/ES;Sul;Colisão Traseira;1;2;0;0;0;0;1
10/01/2020;04:35:00;64;Acidente sem vítima;259;BR-101/ES;Sul;Atropelamento de Equino;1;2;0;0;0;0;1
10/01/2020;19:30:00;373;Acidente sem vítima;354,8;BR-101/ES;Sul;Veículo em Chamas;1;1;0;0;0;0;1
11/01/2020;02:24:00;46;Acidente sem vítima;448,5;BR-101/ES;Norte;Atropelamento de Bovino;1;1;0;0;0;0;1
11/01/2020;09:54:00;174;Acidente sem vítima;358;BR-101/ES;Sul;Colisão Lateral;2;2;0;0;0;0;1
11/01/2020;16:20:00;308;Acidente sem vítima;290;BR-101/ES;Sul;Colisão Traseira;1;2;0;0;0;0;1
12/01/2020;09:11:00;129;Acidente sem vítima;267;BR-101/ES;Sul;Engavetamento;1;4;0;0;0;0;1
13/01/2020;04:07:00;57;Atropelamento com morte;299;BR-101/ES;Norte;Atropelamento;1;1;0;0;0;1;3
13/01/2020;10:33:00;190;Acidente com vítima;289;BR-101/ES;Sul;Colisão Lateral;1;2;0;1;0;0;2
13/01/2020;15:46:00;317;Acidente sem vítima;266;BR-101/ES;Norte;Colisão Lateral;1;2;0;0;0;0;1
13/01/2020;21:33:00;399;Acidente sem vítima;264;BR-101/ES;Sul;Colisão Transversal;1;9;0;0;0;0;1
14/01/2020;05:05:00;73;Acidente com vítima;266,3;BR-101/ES;Sul;Colisão Transversal;1;0;3;2;0;0;2
14/01/2020;19:03:00;348;Acidente sem vítima;298;BR-101/ES;Norte;Colisão Traseira;2;2;0;0;0;0;1
15/01/2020;13:51:00;246;Acidente sem vítima;423,9;BR-101/ES;Norte;Colisão Lateral;1;1;0;0;0;0;1
16/01/2020;17:57:00;368;Acidente sem vítima;254;BR-101/ES;Norte;Colisão Traseira;1;2;0;0;0;0;1
17/01/2020;16:29:00;332;Acidente com vítima;360;BR-101/ES;Sul;Saída de Pista;1;0;1;1;0;0;2
18/01/2020;04:42:00;73;Acidente com vítima;295;BR-101/ES;Sul;Colisão Traseira;1;2;0;1;0;0;2
18/01/2020;15:46:00;268;Acidente sem vítima;222;BR-101/ES;Norte;Colisão Traseira;1;2;0;0;0;0;1
18/01/2020;16:05:00;274;Acidente com vítima;221;BR-101/ES;Norte;Colisão Traseira;1;1;0;0;1;0;2
19/01/2020;02:21:00;33;Acidente com vítima;430,2;BR-101/ES;Sul;Colisão Frontal;2;0;0;1;1;0;2
19/01/2020;19:12:00;299;Acidente sem vítima;0,8;BR-101/ES;Norte;Colisão Lateral;1;4;0;0;0;0;1
20/01/2020;03:13:00;63;Acidente sem vítima;233;BR-101/ES;Sul;Colisão Traseira;1;2;0;0;0;0;1
20/01/2020;07:22:00;106;Atropelamento sem morte;293;BR-101/ES;Norte;Atropelamento e Fuga;1;0;0;1;0;0;2
21/01/2020;11:51:00;204;Acidente com morte;260,5;BR-101/ES;Norte;Colisão Frontal;1;7;0;1;0;1;3
21/01/2020;19:11:00;318;Acidente com vítima;51;BR-101/ES;Sul;Colisão Traseira;1;2;0;1;0;0;2
22/01/2020;03:58:00;55;Acidente sem vítima;223,8;BR-101/ES;Sul;Tombamento;1;1;0;0;0;0;1
22/01/2020;15:30:00;319;Acidente sem vítima;320,8;BR-101/ES;Norte;Colisão Traseira;1;2;0;0;0;0;1
22/01/2020;19:40:00;386;Acidente sem vítima;361;BR-101/ES;Sul;Saída de Pista;1;1;0;0;0;0;1
23/01/2020;03:24:00;77;Acidente sem vítima;211;BR-101/ES;Norte;Saída de Pista;1;1;0;0;0;0;1
23/01/2020;05:34:00;100;Acidente sem vítima;255;BR-101/ES;Norte;Colisão Transversal;1;2;0;0;0;0;1
23/01/2020;15:03:00;277;Acidente sem vítima;152;BR-101/ES;Sul;Engavetamento;1;4;0;0;0;0;1
24/01/2020;11:23:00;176;Acidente sem vítima;292;BR-101/ES;Norte;Colisão Lateral;2;3;0;0;0;0;1
24/01/2020;12:00:00;186;Acidente sem vítima;267,7;BR-101/ES;Norte;Colisão Traseira;1;2;0;0;0;0;1
24/01/2020;14:44:00;239;Acidente sem vítima;293;BR-101/ES;Sul;Colisão Traseira;1;5;0;0;0;0;1
24/01/2020;16:04:00;266;Acidente sem vítima;228;BR-101/ES;Norte;Saída de Pista;1;2;0;0;0;0;1
24/01/2020;19:10:00;311;Acidente sem vítima;321;BR-101/ES;Sul;Engavetamento;1;5;0;0;0;0;1
24/01/2020;20:13:00;337;Acidente sem vítima;461;BR-101/ES;Sul;Choque com Veículo Estacionado;3;3;0;0;0;0;1
27/01/2020;09:32:00;158;Acidente sem vítima;266,4;BR-101/ES;Sul;Colisão Lateral;1;1;0;0;0;0;1
28/01/2020;21:27:00;406;Acidente sem vítima;220;BR-101/ES;Sul;Saída de Pista;1;1;0;0;0;0;1
29/01/2020;11:17:00;210;Acidente sem vítima;269;BR-101/ES;Sul;Colisão Traseira;1;5;0;0;0;0;1
29/01/2020;11:34:00;217;Acidente sem vítima;383;BR-101/ES;Sul;Colisão Traseira;1;1;0;0;0;0;1
29/01/2020;19:38:00;391;Acidente com vítima;166;BR-101/ES;Sul;Colisão Traseira;1;1;0;1;0;0;2