data;horario;n_da_ocorrencia;tipo_de_ocorrencia;km;trecho;sentido;tipo_de_acidente;caminhao;ilesos;levemente_feridos;moderadamente_feridos;gravemente_feridos;mortos;3
30/01/2020;13:37:00;272;Acidente com vítima;415,7;BR-101/ES;Sul;Colisão Lateral;2;2;0;1;0;0;2
31/01/2020;03:55:00;80;Acidente com vítima;32,4;BR-101/ES;Sul;Colisão Traseira;1;3;0;1;0;0;2
31/01/2020;06:07:00;106;Acidente sem vítima;258;BR-101/ES;Sul;Engavetamento;1;5;0;0;0;0;1
11/11/2013;00:18:00;3;Acidente com vítima;103;BR-101/ES;Norte;Tombamento;1;0;1;0;0;0;1
11/11/2013;09:18:00;53;Acidente com Morte;305;BR-101/ES;Sul;Colisão Frontal;1;1;0;0;0;1;3
11/11/2013;18:50:00;132;Acidente sem Vítima;312;BR-101/ES;Norte;Colisão;1;0;0;0;0;0;1
12/11/2013;09:01:00;218;Acidente sem Vítima;298,5;BR-101/ES;Norte;Colisão;1;0;0;0;0;0;1
12/11/2013;16:09:00;279;Acidente com vítima;405;BR-101/ES;Sul;Colisão;1;0;1;1;0;0;2
13/11/2013;17:54:00;501;Acidente sem Vítima;391;BR-101/ES;Norte;Colisão Traseira;1;5;0;0;0;0;1
13/11/2013;08:50:00;417;Acidente com vítima;431;BR-101/ES;Norte;Colisão;1;0;0;1;0;0;2
15/11/2013;17:52:00;938;Acidente com vítima;139;BR-101/ES;Norte;Colisão;1;1;0;1;0;0;2
15/11/2013;15:33:00;923;Acidente sem Vítima;189;BR-101/ES;Norte;Choque;1;1;0;0;0;0;1
15/11/2013;16:43:00;930;Acidente sem Vítima;381,5;BR-101/ES;Norte;Engavetamento;1;0;0;0;0;0;1
15/11/2013;04:46:00;813;Acidente sem Vítima;424;BR-101/ES;Sul;Choque com Objeto Fixo;1;1;0;0;0;0;1
16/11/2013;23:44:00;1220;Acidente sem Vítima;62;BR-101/ES;Norte;Colisão Lateral;1;0;0;0;0;0;1
18/11/2013;17:37:00;1619;Acidente sem Vítima;242;BR-101/ES;Norte;Colisão;1;0;0;0;0;0;1
19/11/2013;11:33:00;111;Acidente sem Vítima;255;BR-101/ES;Norte;Colisão Traseira;1;0;0;0;0;0;1
19/11/2013;11:37:00;112;Acidente sem Vítima;268;BR-101/ES;Norte;Colisão Traseira;1;0;0;0;0;0;1
19/11/2013;16:46:00;163;Acidente sem Vítima;325;BR-101/ES;Sul;Colisão Traseira;2;0;0;0;0;0;1
20/11/2013;12:21:00;106;Acidente sem Vítima;186,5;BR-101/ES;Norte;Colisão;1;4;0;0;0;0;1
20/11/2013;12:19:00;105;Acidente sem Vítima;265;BR-101/ES;Sul;Colisão;1;0;0;0;0;0;1
20/11/2013;18:53:00;168;Acidente sem Vítima;312;BR-101/ES;Norte;Colisão;1;7;0;0;0;0;1
20/11/2013;17:28:00;158;Acidente sem Vítima;396;BR-101/ES;Norte;Colisão Traseira;1;0;0;0;0;0;1
20/11/2013;21:15:00;188;Acidente com vítima;436;BR-101/ES;Norte;Colisão Lateral;2;0;4;0;1;0;2
20/11/2013;18:10:00;162;Acidente sem Vítima;455;BR-101/ES;Sul;Colisão;1;0;0;0;0;0;1
21/11/2013;15:08:00;121;Acidente com vítima;108;BR-101/ES;Sul;Tombamento;1;0;1;0;0;0;1
22/11/2013;17:04:00;197;Acidente com vítima;213;BR-101/ES;Sul;Colisão Frontal;1;1;3;0;1;0;2
22/11/2013;14:34:00;170;Acidente sem Vítima;221,5;BR-101/ES;Norte;Colisão;1;2;0;0;0;0;1
23/11/2013;07:02:00;76;Acidente com Morte;56,5;BR-101/ES;Norte;Colisão Frontal;1;0;0;0;0;1;3
23/11/2013;15:31:00;153;Acidente sem Vítima;390;BR-101/ES;Norte;Engavetamento;1;4;0;0;0;0;1
23/11/2013;15:58:00;160;Acidente sem Vítima;455;BR-101/ES;Sul;Choque;1;0;0;0;0;0;1
24/11/2013;12:48:00;107;Acidente com vítima;335;BR-101/ES;Norte;Colisão;1;0;1;2;0;0;2
24/11/2013;15:24:00;126;Acidente sem Vítima;430;BR-101/ES;Norte;Capotamento;1;0;0;0;0;0;1
25/11/2013;05:33:00;34;Acidente sem Vítima;146;BR-101/ES;Sul;Colisão;1;0;0;0;0;0;1
25/11/2013;07:10:00;45;Acidente sem Vítima;148;BR-101/ES;Sul;Colisão Lateral;1;2;0;0;0;0;1
25/11/2013;12:22:00;96;Acidente sem Vítima;266,8;BR-101/ES;Sul;Colisão Traseira;1;2;0;0;0;0;1
25/11/2013;23:53:00;199;Acidente sem Vítima;368,2;BR-101/ES;Norte;Tombamento;1;3;0;0;0;0;1
26/11/2013;07:00:00;39;Acidente com vítima;141;BR-101/ES;Norte;Colisão Frontal;1;0;2;0;0;0;1
26/11/2013;14:13:00;108;Acidente sem Vítima;145;BR-101/ES;Sul;Colisão Lateral;1;2;0;0;0;0;1
26/11/2013;13:02:00;98;Acidente sem Vítima;235;BR-101/ES;Norte;Colisão;1;1;0;0;0;0;1
26/11/2013;11:14:00;82;Acidente com vítima;242;BR-101/ES;Norte;Capotamento;1;1;1;0;0;0;1
26/11/2013;19:22:00;156;Acidente sem Vítima;267;BR-101/ES;Norte;Colisão;1;0;0;0;0;0;1
26/11/2013;12:25:00;91;Acidente sem Vítima;322;BR-101/ES;Sul;Colisão Lateral;2;2;0;0;0;0;1
26/11/2013;20:24:00;169;Acidente com Morte;448;BR-101/ES;Sul;Tombamento;1;0;0;0;0;1;3
27/11/2013;14:00:00;116;Acidente sem Vítima;220;BR-101/ES;Norte;Colisão;1;0;0;0;0;0;1
27/11/2013;05:50:00;55;Acidente sem Vítima;316;BR-101/ES;Norte;Tombamento;1;1;0;0;0;0;1
27/11/2013;14:51:00;124;Acidente com vítima;392;BR-101/ES;Norte;Engavetamento;1;6;1;0;0;0;1
27/11/2013;14:45:00;122;Acidente com Morte;436;BR-101/ES;Sul;Colisão Frontal;1;3;1;0;1;1;3
28/11/2013;07:02:00;53;Acidente sem Vítima;333;BR-101/ES;Sul;Tombamento;1;0;0;0;0;0;1
28/11/2013;21:12:00;190;Acidente sem Vítima;337;BR-101/ES;Sul;Saída de Pista;1;0;0;0;0;0;1
28/11/2013;14:26:00;128;Acidente sem Vítima;363;BR-101/ES;Sul;Saída de Pista;1;0;0;0;0;0;1
28/11/2013;03:28:00;25;Acidente sem Vítima;436;BR-101/ES;Sul;Colisão Frontal;1;0;0;0;0;0;1
29/11/2013;19:00:00;201;Acidente com Morte;72,8;BR-101/ES;Sul;Colisão Frontal;1;0;0;0;1;1;3
29/11/2013;20:58:00;221;Acidente sem Vítima;188;BR-101/ES;Sul;Atropelamento - Bovino;1;1;0;0;0;0;1
29/11/2013;23:47:00;250;Acidente sem Vítima;196;BR-101/ES;Norte;Colisão Lateral;1;0;0;0;0;0;1
29/11/2013;15:46:00;166;Acidente com vítima;208;BR-101/ES;Sul;Colisão Traseira;1;1;1;0;0;0;1
29/11/2013;17:01:00;181;Acidente sem Vítima;243;BR-101/ES;Norte;Colisão;1;0;0;0;0;0;1
29/11/2013;21:02:00;223;Acidente sem Vítima;295;BR-101/ES;Sul;Colisão Lateral;1;0;0;0;0;0;1
29/11/2013;13:12:00;132;Acidente sem Vítima;939,4;BR-101/BA;Norte;Tombamento;1;1;0;0;0;0;1
30/11/2013;11:39:00;102;Acidente com vítima;257;BR-101/ES;Sul;Colisão Traseira;1;1;1;0;0;0;1
30/11/2013;07:20:00;56;Acidente com vítima;335;BR-101/ES;Norte;Tombamento;1;0;2;0;0;0;1
01/12/2013;22:28:00;207;Acidente com vítima;420,2;BR-101/ES;Sul;Saída de Pista;1;0;1;0;0;0;1
02/12/2013;13:30:00;110;Acidente com vítima;143;BR-101/ES;Sul;Colisão Lateral;1;1;1;0;0;0;1
02/12/2013;08:55:00;44;Acidente com Morte;188;BR-101/ES;Sul;Colisão Frontal;2;2;0;0;0;1;3
02/12/2013;15:38:00;116;Acidente com Morte;363,4;BR-101/ES;Norte;Colisão;2;0;1;0;0;1;3
02/12/2013;15:42:00;117;Acidente com vítima;458;BR-101/ES;Norte;Colisão;2;0;2;0;0;0;1
03/12/2013;16:49:00;146;Acidente sem Vítima;157;BR-101/ES;Sul;Colisão Lateral;1;2;0;0;0;0;1
03/12/2013;19:54:00;172;Acidente sem Vítima;262;BR-101/ES;Norte;Colisão Traseira;1;0;0;0;0;0;1
03/12/2013;20:29:00;181;Acidente com vítima;369;BR-101/ES;Norte;Colisão Traseira;3;2;1;0;0;0;1
03/12/2013;12:29:00;109;Acidente sem Vítima;447;BR-101/ES;Sul;Engavetamento;2;0;0;0;0;0;1
03/12/2013;16:55:00;148;Acidente sem Vítima;450,1;BR-101/ES;Sul;Choque;1;1;0;0;0;0;1
04/12/2013;03:51:00;25;Acidente com Morte;360;BR-101/ES;Sul;Tombamento;1;0;0;0;0;1;3
05/12/2013;22:51:00;220;Acidente com vítima;452;BR-101/ES;Sul;Tombamento;1;0;1;0;0;0;1
05/12/2013;19:00:00;183;Acidente sem Vítima;944;BR-101/BA;Norte;Colisão;3;2;0;0;0;0;1
06/12/2013;15:31:00;145;Acidente com vítima;217;BR-101/ES;Sul;Colisão Lateral;1;1;2;0;0;0;1
06/12/2013;14:22:00;138;Acidente sem Vítima;228;BR-101/ES;Sul;Colisão Lateral;1;2;0;0;0;0;1
06/12/2013;05:57:00;41;Acidente sem Vítima;253;BR-101/ES;Norte;Colisão Lateral;1;2;0;0;0;0;1
06/12/2013;10:45:00;97;Acidente sem Vítima;360;BR-101/ES;Sul;Saída de Pista;1;0;0;0;0;0;1
08/12/2013;21:04:00;179;Atropelamento com Morte;296;BR-101/ES;Norte;Atropelamento;1;0;0;0;0;1;3
08/12/2013;12:02:00;103;Acidente sem Vítima;433;BR-101/ES;Sul;Tombamento;1;1;0;0;0;0;1
08/12/2013;18:03:00;153;Acidente com vítima;457,9;BR-101/ES;Sul;Tombamento;1;0;1;0;0;0;1
09/12/2013;13:07:00;131;Acidente com vítima;139;BR-101/ES;Sul;Colisão;1;1;1;0;0;0;1
09/12/2013;00:34:00;5;Acidente com vítima;148;BR-101/ES;Sul;Colisão;1;1;1;0;0;0;1
09/12/2013;18:50:00;190;Acidente sem Vítima;296;BR-101/ES;Sul;Colisão Lateral;1;2;0;0;0;0;1
10/12/2013;21:59:00;232;Acidente sem Vítima;160;BR-101/ES;Norte;Veículo em Chamas;1;1;0;0;0;0;1
10/12/2013;22:50:00;236;Acidente sem Vítima;264;BR-101/ES;Sul;Colisão Traseira;1;2;0;0;0;0;1
10/12/2013;04:00:00;33;Acidente sem Vítima;268;BR-101/ES;Norte;Colisão Lateral;2;2;0;0;0;0;1
10/12/2013;18:36:00;195;Acidente sem Vítima;295;BR-101/ES;Sul;Colisão Traseira;1;2;0;0;0;0;1
11/12/2013;07:41:00;47;Acidente com vítima;124;BR-101/ES;Norte;Engavetamento;1;1;2;0;0;0;1
11/12/2013;19:06:00;173;Acidente com vítima;239;BR-101/ES;Sul;Colisão Traseira;1;2;1;0;0;0;1
11/12/2013;20:30:00;191;Acidente com vítima;358;BR-101/ES;Sul;Colisão;1;0;1;0;0;0;1
11/12/2013;07:45:00;48;Acidente sem Vítima;431;BR-101/ES;Sul;Saída de Pista;1;1;0;0;0;0;1
12/12/2013;08:08:00;39;Acidente sem Vítima;168;BR-101/ES;Norte;Colisão Lateral;2;2;0;0;0;0;1
12/12/2013;07:59:00;37;Acidente com Morte;230;BR-101/ES;Norte;Colisão Lateral;1;0;0;0;0;2;3
12/12/2013;08:56:00;46;Acidente sem Vítima;255;BR-101/ES;Norte;Colisão Traseira;1;1;0;0;0;0;1
12/12/2013;15:14:00;108;Acidente sem Vítima;372;BR-101/ES;Sul;Engavetamento;3;0;0;0;0;0;1
12/12/2013;22:05:00;170;Acidente sem Vítima;434;BR-101/ES;Norte;Colisão Lateral;1;2;0;0;0;0;1
12/12/2013;08:32:00;44;Acidente sem Vítima;952;BR-101/BA;Norte;Atropelamento - Bovino;2;0;0;0;0;0;1
13/12/2013;05:19:00;43;Acidente sem Vítima;143,5;BR-101/ES;Norte;Colisão Lateral;2;2;0;0;0;0;1
13/12/2013;07:55:00;68;Acidente sem Vítima;259;BR-101/ES;Norte;Colisão Lateral;1;2;0;0;0;0;1
13/12/2013;00:23:00;4;Acidente sem Vítima;267;BR-101/ES;Sul;Choque com Objeto Fixo;1;0;0;0;0;0;1
14/12/2013;12:59:00;111;Acidente com vítima;253;BR-101/ES;Sul;Colisão Traseira;1;1;0;0;1;0;2
14/12/2013;13:36:00;116;Acidente sem Vítima;253;BR-101/ES;Sul;Colisão Lateral;1;0;0;0;0;0;1
14/12/2013;14:11:00;121;Acidente com vítima;405,5;BR-101/ES;Sul;Tombamento;2;0;1;0;0;0;1
15/12/2013;22:40:00;196;Acidente com vítima;242;BR-101/ES;Norte;Colisão Lateral;1;1;0;0;2;0;2
15/12/2013;17:07:00;136;Acidente sem Vítima;355;BR-101/ES;Norte;Saída de Pista;1;2;0;0;0;0;1
16/12/2013;17:12:00;170;Acidente sem Vítima;226;BR-101/ES;Sul;Saída de Pista;1;1;0;0;0;0;1
16/12/2013;17:09:00;169;Acidente com vítima;245;BR-101/ES;Sul;Colisão;1;3;1;0;0;0;1
16/12/2013;16:04:00;160;Acidente sem Vítima;305;BR-101/ES;Norte;Colisão Lateral;1;2;0;0;0;0;1
17/12/2013;18:02:00;171;Acidente sem Vítima;191;BR-101/ES;Norte;Colisão Lateral;1;2;0;0;0;0;1
17/12/2013;07:25:00;64;Acidente sem Vítima;374;BR-101/ES;Sul;Engavetamento;3;5;0;0;0;0;1
17/12/2013;17:20:00;162;Acidente sem Vítima;413;BR-101/ES;Sul;Colisão Traseira;1;2;0;0;0;0;1
17/12/2013;22:58:00;221;Acidente sem Vítima;424;BR-101/ES;Norte;Saída de Pista;1;1;0;0;0;0;1
18/12/2013;16:33:00;148;Acidente com vítima;32;BR-101/ES;Norte;Colisão;1;0;1;0;0;0;1
18/12/2013;18:00:00;162;Acidente sem Vítima;96,8;BR-101/ES;Sul;Colisão Lateral;2;0;0;0;0;0;1
18/12/2013;19:44:00;183;Acidente sem Vítima;136;BR-101/ES;Sul;Engavetamento;1;5;0;0;0;0;1
18/12/2013;13:48:00;131;Acidente com vítima;201;BR-101/ES;Norte;Colisão;1;0;0;1;0;0;2
18/12/2013;12:30:00;118;Acidente sem Vítima;325;BR-101/ES;Sul;Colisão Traseira;1;2;0;0;0;0;1
18/12/2013;08:28:00;65;Acidente sem Vítima;420;BR-101/ES;Norte;Tombamento;1;3;0;0;0;0;1
18/12/2013;06:32:00;50;Acidente sem Vítima;436;BR-101/ES;Norte;Colisão Lateral;1;0;0;0;0;0;1
19/12/2013;06:11:00;42;Acidente com vítima;141;BR-101/ES;Norte;Saída de Pista;1;0;1;0;0;0;1
19/12/2013;14:17:00;133;Acidente sem Vítima;149;BR-101/ES;Sul;Colisão Traseira;1;2;0;0;0;0;1
19/12/2013;18:51:00;179;Acidente sem Vítima;215;BR-101/ES;Sul;Saída de Pista;1;5;0;0;0;0;1
19/12/2013;05:55:00;39;Acidente sem Vítima;332;BR-101/ES;Sul;Colisão Lateral;1;2;0;0;0;0;1
19/12/2013;18:31:00;176;Acidente sem Vítima;356,5;BR-101/ES;Sul;Colisão Lateral;1;2;0;0;0;0;1
19/12/2013;06:11:00;41;Acidente sem Vítima;374,2;BR-101/ES;Sul;Colisão Traseira;4;3;0;0;0;0;1
19/12/2013;15:15:00;138;Acidente sem Vítima;435;BR-101/ES;Norte;Colisão Lateral;1;0;0;0;0;0;1
20/12/2013;13:44:00;133;Acidente com vítima;234;BR-101/ES;Sul;Colisão;2;3;1;0;0;0;1
20/12/2013;14:28:00;141;Acidente com vítima;370,2;BR-101/ES;Norte;Colisão Lateral;4;1;1;0;0;0;1
20/12/2013;19:20:00;179;Acidente sem Vítima;376;BR-101/ES;Norte;Colisão;2;6;0;0;0;0;1
20/12/2013;23:10:00;226;Acidente com vítima;416;BR-101/ES;Norte;Colisão;1;3;1;0;0;0;1
20/12/2013;15:36:00;149;Acidente sem Vítima;441;BR-101/ES;Sul;Colisão Lateral;2;2;0;0;0;0;1
20/12/2013;20:14:00;193;Acidente sem Vítima;457;BR-101/ES;Norte;Colisão;2;5;0;0;0;0;1
21/12/2013;08:20:00;75;Acidente sem Vítima;142;BR-101/ES;Norte;Colisão Traseira;1;2;0;0;0;0;1
21/12/2013;09:31:00;85;Acidente com vítima;354;BR-101/ES;Norte;Colisão Lateral;2;1;2;0;0;0;1
21/12/2013;06:15:00;55;Acidente sem Vítima;402;BR-101/ES;Norte;Colisão Lateral;2;2;0;0;0;0;1
21/12/2013;22:18:00;222;Atropelamento sem Morte;450;BR-101/ES;Sul;Atropelamento;1;2;0;1;0;0;2
22/12/2013;13:18:00;114;Acidente sem Vítima;61;BR-101/ES;Sul;Colisão Traseira;1;2;0;0;0;0;1
22/12/2013;12:37:00;110;Acidente sem Vítima;167;BR-101/ES;Sul;Colisão Traseira;1;2;0;0;0;0;1
22/12/2013;15:24:00;136;Acidente sem Vítima;201;BR-101/ES;Norte;Colisão Traseira;1;2;0;0;0;0;1
22/12/2013;07:00:00;55;Acidente sem Vítima;353;BR-101/ES;Sul;Colisão Traseira;1;2;0;0;0;0;1
22/12/2013;18:24:00;183;Acidente sem Vítima;439;BR-101/ES;Norte;Tombamento;1;1;0;0;0;0;1
23/12/2013;14:52:00;116;Acidente sem Vítima;63;BR-101/ES;Norte;Engavetamento;1;8;0;0;0;0;1
23/12/2013;21:25:00;189;Acidente com vítima;242;BR-101/ES;Norte;Colisão Traseira;2;2;1;0;0;0;1
23/12/2013;10:18:00;68;Acidente sem Vítima;398,1;BR-101/ES;Sul;Saída de Pista;1;1;0;0;0;0;1
24/12/2013;20:39:00;211;Acidente sem Vítima;160;BR-101/ES;Norte;Colisão Lateral;1;3;0;0;0;0;1
24/12/2013;04:52:00;61;Acidente sem Vítima;164;BR-101/ES;Norte;Saída de Pista;1;1;0;0;0;0;1
24/12/2013;00:36:00;10;Acidente com vítima;411;BR-101/ES;Norte;Tombamento;1;1;1;0;0;0;1
26/12/2013;07:41:00;58;Acidente sem Vítima;445;BR-101/ES;Norte;Saída de Pista;1;0;0;0;0;0;1
27/12/2013;15:37:00;143;Acidente sem Vítima;205;BR-101/ES;Norte;Colisão Lateral;2;3;0;0;0;0;1
27/12/2013;21:21:00;217;Acidente sem Vítima;375;BR-101/ES;Norte;Saída de Pista;1;1;0;0;0;0;1
28/12/2013;13:51:00;134;Acidente com vítima;303;BR-101/ES;Sul;Engavetamento;1;5;2;0;0;0;1
29/12/2013;08:21:00;82;Acidente com Morte;140,7;BR-101/ES;Sul;Colisão Traseira;3;1;0;0;0;1;3
29/12/2013;01:25:00;20;Acidente sem Vítima;168;BR-101/ES;Sul;Colisão Traseira;1;3;0;0;0;0;1
30/12/2013;13:23:00;126;Acidente com vítima;148;BR-101/ES;Norte;Colisão Lateral;1;2;0;1;0;0;2
30/12/2013;18:42:00;186;Acidente sem Vítima;265;BR-101/ES;Sul;Colisão Lateral;1;3;0;0;0;0;1
30/12/2013;14:39:00;140;Acidente com vítima;448;BR-101/ES;Norte;Saída de Pista;1;0;1;0;0;0;1
30/12/2013;00:19:00;1;Acidente com vítima;947;BR-101/BA;Sul;Choque com Objeto Fixo;1;1;2;0;0;0;1
31/12/2013;08:50:00;98;Acidente sem Vítima;97,9;BR-101/ES;Norte;Tombamento;1;1;0;0;0;0;1
31/12/2013;19:20:00;217;Acidente com vítima;202;BR-101/ES;Norte;Colisão Frontal;2;1;1;0;0;0;1
31/12/2013;14:12:00;173;Acidente sem Vítima;300;BR-101/ES;Norte;Colisão Traseira;1;1;0;0;0;0;1
02/01/2014;17:35:00;172;Acidente sem Vítima;147;BR-101/ES;Norte;Colisão Lateral;1;2;0;0;0;0;1
02/01/2014;15:50:00;151;Acidente com vítima;154;BR-101/ES;Norte;Engavetamento;2;1;3;0;0;0;1
02/01/2014;12:57:00;131;Acidente com vítima;240;BR-101/ES;Sul;Colisão Lateral;1;4;2;0;0;0;1
03/01/2014;02:14:00;33;Acidente com Morte;41,7;BR-101/ES;Norte;Colisão Frontal;1;1;1;0;0;4;3
03/01/2014;03:33:00;43;Acidente com vítima;42;BR-101/ES;Norte;Colisão Traseira;5;1;1;0;0;0;1
03/01/2014;15:19:00;150;Acidente sem Vítima;163;BR-101/ES;Sul;Colisão Lateral;2;2;0;0;0;0;1
03/01/2014;09:51:00;104;Acidente com vítima;217;BR-101/ES;Norte;Choque com Objeto Fixo;2;0;0;1;0;0;2
03/01/2014;12:27:00;128;Acidente sem Vítima;221;BR-101/ES;Norte;Colisão Traseira;1;3;0;0;0;0;1
03/01/2014;12:15:00;126;Acidente sem Vítima;330;BR-101/ES;Norte;Tombamento;2;0;0;0;0;0;1
04/01/2014;16:57:00;144;Acidente sem Vítima;49;BR-101/ES;Sul;Colisão;2;3;0;0;0;0;1
04/01/2014;13:12:00;113;Acidente sem Vítima;114;BR-101/ES;Sul;Colisão Traseira;1;2;0;0;0;0;1
05/01/2014;16:52:00;156;Acidente com vítima;122;BR-101/ES;Norte;Colisão Frontal;4;3;1;2;0;0;2
06/01/2014;10:54:00;119;Acidente com vítima;58,5;BR-101/ES;Sul;Colisão Traseira;1;1;2;0;0;0;1
06/01/2014;18:28:00;214;Acidente com vítima;141;BR-101/ES;Norte;Colisão Lateral;1;1;1;0;0;0;1
06/01/2014;17:41:00;203;Acidente com vítima;201;BR-101/ES;Norte;Colisão Frontal;2;1;1;0;0;0;1
06/01/2014;08:05:00;78;Acidente sem Vítima;259;BR-101/ES;Sul;Engavetamento;1;2;0;0;0;0;1
06/01/2014;05:27:00;52;Acidente sem Vítima;436;BR-101/ES;Norte;Veículo em Chamas;2;2;0;0;0;0;1
07/01/2014;23:18:00;188;Acidente sem Vítima;8;BR-101/ES;Sul;Tombamento;1;1;0;0;0;0;1
07/01/2014;14:45:00;104;Acidente com vítima;210;BR-101/ES;Norte;Colisão Frontal;4;5;3;0;0;0;1
07/01/2014;15:04:00;113;Acidente sem Vítima;390;BR-101/ES;Norte;Colisão Traseira;1;2;0;0;0;0;1
08/01/2014;09:51:00;85;Acidente sem Vítima;8,3;BR-101/ES;Norte;Veículo em Chamas;1;0;0;0;0;0;1
08/01/2014;17:45:00;171;Acidente sem Vítima;209;BR-101/ES;Norte;Colisão Lateral;1;2;0;0;0;0;1
08/01/2014;11:54:00;97;Acidente sem Vítima;247;BR-101/ES;Norte;Colisão Lateral;2;2;0;0;0;0;1
08/01/2014;16:58:00;165;Acidente sem Vítima;263,8;BR-101/ES;Norte;Colisão Lateral;2;2;0;0;0;0;1
08/01/2014;13:01:00;116;Acidente sem Vítima;307;BR-101/ES;Norte;Engavetamento;2;2;0;0;0;0;1
08/01/2014;08:46:00;73;Acidente sem Vítima;374;BR-101/ES;Sul;Engavetamento;1;2;0;0;0;0;1
08/01/2014;18:55:00;183;Acidente sem Vítima;385;BR-101/ES;Sul;Colisão;2;1;0;0;0;0;1
09/01/2014;13:03:00;157;Acidente sem Vítima;148;BR-101/ES;Norte;Colisão Lateral;1;1;0;0;0;0;1
09/01/2014;22:58:00;263;Acidente sem Vítima;166;BR-101/ES;Norte;Colisão;2;3;0;0;0;0;1
09/01/2014;14:20:00;174;Acidente com vítima;194;BR-101/ES;Norte;Engavetamento;2;2;2;0;0;0;1
09/01/2014;08:04:00;80;Acidente sem Vítima;211;BR-101/ES;Sul;Saída de Pista;1;1;0;0;0;0;1
09/01/2014;10:56:00;123;Acidente com vítima;211;BR-101/ES;Sul;Colisão Frontal;1;1;1;0;0;0;1
09/01/2014;21:39:00;248;Acidente com vítima;258;BR-101/ES;Norte;Tombamento;2;0;1;0;0;0;1
09/01/2014;09:09:00;97;Acidente sem Vítima;259;BR-101/ES;Norte;Colisão Traseira;1;2;0;0;0;0;1
09/01/2014;08:12:00;86;Acidente sem Vítima;265;BR-101/ES;Sul;Colisão;1;0;0;0;0;0;1
10/01/2014;14:27:00;175;Acidente com vítima;14;BR-101/ES;Norte;Tombamento;1;0;1;0;0;0;1
10/01/2014;21:23:00;260;Acidente sem Vítima;101;BR-101/ES;Norte;Colisão Traseira;1;3;0;0;0;0;1
10/01/2014;18:20:00;216;Acidente com vítima;168;BR-101/ES;Norte;Saída de Pista;1;1;2;0;0;0;1
10/01/2014;13:46:00;164;Acidente sem Vítima;230;BR-101/ES;Sul;Tombamento;1;1;0;0;0;0;1
10/01/2014;16:23:00;197;Acidente com vítima;246;BR-101/ES;Norte;Colisão Frontal;3;2;1;0;0;0;1
10/01/2014;14:58:00;179;Acidente sem Vítima;311,9;BR-101/ES;Sul;Engavetamento;3;4;0;0;0;0;1
10/01/2014;15:29:00;184;Acidente sem Vítima;376;BR-101/ES;Sul;Colisão Traseira;2;2;0;0;0;0;1
11/01/2014;10:55:00;148;Acidente sem Vítima;65,9;BR-101/ES;Norte;Colisão Traseira;2;2;0;0;0;0;1
11/01/2014;08:33:00;115;Acidente com Morte;174;BR-101/ES;Sul;Colisão Frontal;1;1;0;0;0;1;3
11/01/2014;01:17:00;17;Acidente sem Vítima;238;BR-101/ES;Norte;Colisão Lateral;1;5;0;0;0;0;1
11/01/2014;09:16:00;127;Acidente com vítima;455;BR-101/ES;Sul;Colisão Lateral;3;2;0;1;0;0;2
13/01/2014;17:19:00;173;Acidente com Morte;128;BR-101/ES;Sul;Colisão Frontal;3;1;0;0;0;1;3
13/01/2014;19:30:00;205;Acidente sem Vítima;144;BR-101/ES;Norte;Colisão Lateral;1;1;0;0;0;0;1
13/01/2014;12:42:00;140;Acidente sem Vítima;260;BR-101/ES;Norte;Colisão Transversal;1;2;0;0;0;0;1
13/01/2014;10:17:00;89;Acidente com vítima;302;BR-101/ES;Sul;Colisão Lateral;1;0;0;1;0;0;2
13/01/2014;18:01:00;184;Acidente sem Vítima;327;BR-101/ES;Sul;Engavetamento;3;3;0;0;0;0;1
14/01/2014;20:28:00;316;Acidente sem Vítima;251;BR-101/ES;Sul;Colisão Traseira;2;5;0;0;0;0;1
14/01/2014;10:26:00;165;Acidente sem Vítima;261;BR-101/ES;Sul;Colisão Lateral;1;2;0;0;0;0;1
14/01/2014;18:54:00;287;Acidente sem Vítima;263;BR-101/ES;Sul;Colisão Lateral;1;0;0;0;0;0;1
14/01/2014;16:48:00;262;Acidente sem Vítima;267;BR-101/ES;Norte;Colisão;1;2;0;0;0;0;1
14/01/2014;16:44:00;261;Acidente sem Vítima;436;BR-101/ES;Norte;Saída de Pista;1;2;0;0;0;0;1
15/01/2014;00:47:00;18;Acidente sem Vítima;150,5;BR-101/ES;Norte;Atropelamento - Bubalino;3;2;0;0;0;0;1
15/01/2014;14:57:00;192;Acidente sem Vítima;373;BR-101/ES;Sul;Engavetamento;3;3;0;0;0;0;1
16/01/2014;10:24:00;156;Acidente sem Vítima;19;BR-101/ES;Norte;Veículo em Chamas;1;1;0;0;0;0;1
16/01/2014;19:45:00;318;Acidente com vítima;167;BR-101/ES;Norte;Queda de Moto;2;1;1;0;0;0;1
16/01/2014;06:27:00;105;Acidente sem Vítima;204;BR-101/ES;Norte;Colisão Lateral;1;2;0;0;0;0;1
16/01/2014;23:18:00;368;Acidente com vítima;213;BR-101/ES;Sul;Colisão Lateral;3;2;1;0;0;0;1
16/01/2014;11:23:00;174;Acidente sem Vítima;410;BR-101/ES;Norte;Colisão Lateral;1;2;0;0;0;0;1
17/01/2014;15:27:00;312;Acidente com vítima;14;BR-101/ES;Norte;Tombamento;2;0;2;0;1;0;2
17/01/2014;15:52:00;320;Acidente sem Vítima;141;BR-101/ES;Norte;Colisão Traseira;1;3;0;0;0;0;1
17/01/2014;09:41:00;190;Acidente sem Vítima;206;BR-101/ES;Sul;Colisão Traseira;1;4;0;0;0;0;1