data;horario;n_da_ocorrencia;tipo_de_ocorrencia;km;trecho;sentido;tipo_de_acidente;caminhao;ilesos;levemente_feridos;moderadamente_feridos;gravemente_feridos;mortos;3
17/01/2014;12:37:00;251;Acidente sem Vítima;258;BR-101/ES;Norte;Capotamento;2;3;0;0;0;0;1
17/01/2014;11:02:00;215;Acidente sem Vítima;260;BR-101/ES;Sul;Colisão Lateral;1;2;0;0;0;0;1
18/01/2014;21:55:00;421;Acidente com vítima;16;BR-101/ES;Norte;Tombamento;1;0;2;0;0;0;1
18/01/2014;12:23:00;269;Acidente com vítima;20,6;BR-101/ES;Norte;Colisão;1;0;1;0;0;0;1
18/01/2014;09:31:00;195;Acidente sem Vítima;66;BR-101/ES;Sul;Colisão Traseira;2;2;0;0;0;0;1
18/01/2014;18:06:00;363;Acidente sem Vítima;188;BR-101/ES;Sul;Colisão;2;2;0;0;0;0;1
18/01/2014;10:12:00;209;Acidente sem Vítima;267;BR-101/ES;Sul;Colisão Traseira;1;2;0;0;0;0;1
18/01/2014;13:04:00;286;Acidente com vítima;362,3;BR-101/ES;Norte;Capotamento;2;1;1;0;0;0;1
18/01/2014;11:36:00;244;Acidente com vítima;954;BR-101/BA;Norte;Colisão Traseira;1;3;2;0;0;0;1
19/01/2014;18:24:00;273;Acidente sem Vítima;150;BR-101/ES;Sul;Colisão Traseira;1;2;0;0;0;0;1
20/01/2014;12:55:00;216;Acidente com vítima;4,7;BR-101/ES;Sul;Tombamento;1;0;1;0;0;0;1
20/01/2014;16:50:00;260;Acidente sem Vítima;124;BR-101/ES;Norte;Colisão Lateral;3;2;0;0;0;0;1
20/01/2014;14:08:00;231;Acidente com vítima;126;BR-101/ES;Sul;Colisão;1;1;0;0;1;0;2
20/01/2014;01:10:00;11;Acidente sem Vítima;140;BR-101/ES;Norte;Colisão Traseira;1;1;0;0;0;0;1
20/01/2014;09:56:00;149;Acidente com vítima;145;BR-101/ES;Norte;Colisão Traseira;2;3;0;1;0;0;2
20/01/2014;17:54:00;272;Acidente sem Vítima;268;BR-101/ES;Norte;Colisão Lateral;1;2;0;0;0;0;1
21/01/2014;10:16:00;140;Acidente sem Vítima;268;BR-101/ES;Norte;Colisão;1;3;0;0;0;0;1
21/01/2014;22:14:00;345;Acidente sem Vítima;306;BR-101/ES;Norte;Colisão Lateral;2;5;0;0;0;0;1
22/01/2014;07:35:00;136;Acidente sem Vítima;265;BR-101/ES;Sul;Veículo em Chamas;1;0;0;0;0;0;1
22/01/2014;05:52:00;114;Acidente sem Vítima;373,5;BR-101/ES;Norte;Colisão Lateral;2;2;0;0;0;0;1
22/01/2014;13:12:00;260;Acidente com vítima;431;BR-101/ES;Sul;Saída de Pista;3;2;2;0;0;0;1
22/01/2014;12:08:00;236;Acidente sem Vítima;439;BR-101/ES;Sul;Colisão Lateral;1;2;0;0;0;0;1
23/01/2014;15:28:00;258;Acidente sem Vítima;102;BR-101/ES;Sul;Colisão Transversal;1;6;0;0;0;0;1
23/01/2014;19:06:00;323;Acidente sem Vítima;297;BR-101/ES;Norte;Colisão Lateral;2;3;0;0;0;0;1
24/01/2014;15:54:00;266;Acidente sem Vítima;139;BR-101/ES;Norte;Colisão Traseira;2;2;0;0;0;0;1
24/01/2014;14:10:00;251;Acidente com vítima;205;BR-101/ES;Norte;Colisão Lateral;1;1;0;0;1;0;2
24/01/2014;11:53:00;204;Acidente sem Vítima;245;BR-101/ES;Sul;Colisão Traseira;1;2;0;0;0;0;1
24/01/2014;12:32:00;218;Acidente sem Vítima;261;BR-101/ES;Sul;Colisão Traseira;1;2;0;0;0;0;1
24/01/2014;13:05:00;235;Acidente sem Vítima;335;BR-101/ES;Sul;Tombamento;1;1;0;0;0;0;1
24/01/2014;19:26:00;319;Acidente com vítima;431;BR-101/ES;Norte;Tombamento;2;0;1;0;0;0;1
25/01/2014;03:58:00;70;Acidente sem Vítima;262;BR-101/ES;Norte;Colisão Lateral;2;2;0;0;0;0;1
25/01/2014;22:51:00;389;Acidente com Morte;369;BR-101/ES;Norte;Colisão Lateral;2;1;0;0;0;2;3
26/01/2014;09:34:00;177;Acidente com vítima;163;BR-101/ES;Norte;Saída de Pista;1;0;1;0;0;0;1
26/01/2014;22:53:00;411;Acidente sem Vítima;267,8;BR-101/ES;Sul;Colisão Traseira;1;2;0;0;0;0;1
27/01/2014;09:19:00;163;Acidente sem Vítima;311;BR-101/ES;Norte;Colisão Lateral;1;1;0;0;0;0;1
28/01/2014;17:23:00;352;Acidente com vítima;142;BR-101/ES;Sul;Colisão Traseira;1;2;1;0;0;0;1
28/01/2014;06:47:00;74;Acidente com vítima;172;BR-101/ES;Norte;Colisão;1;1;1;0;0;0;1
28/01/2014;11:56:00;254;Acidente sem Vítima;213;BR-101/ES;Norte;Colisão Traseira;2;2;0;0;0;0;1
28/01/2014;12:34:00;269;Acidente sem Vítima;230;BR-101/ES;Norte;Colisão Traseira;1;2;0;0;0;0;1
28/01/2014;15:17:00;317;Acidente sem Vítima;247;BR-101/ES;Norte;Veículo em Chamas;2;0;0;0;0;0;1
28/01/2014;10:15:00;195;Acidente sem Vítima;268;BR-101/ES;Sul;Colisão Lateral;1;0;0;0;0;0;1
28/01/2014;21:11:00;435;Acidente sem Vítima;269,5;BR-101/ES;Sul;Engavetamento;1;7;0;0;0;0;1
29/01/2014;18:24:00;383;Acidente com Morte;260;BR-101/ES;Norte;Queda de Moto;1;0;0;0;0;1;3
29/01/2014;15:39:00;329;Acidente sem Vítima;269;BR-101/ES;Norte;Colisão Lateral;2;1;0;0;0;0;1
29/01/2014;13:35:00;296;Acidente sem Vítima;270;BR-101/ES;Norte;Colisão Lateral;1;2;0;0;0;0;1
29/01/2014;12:06:00;237;Acidente sem Vítima;345;BR-101/ES;Sul;Engavetamento;3;4;0;0;0;0;1
30/01/2014;11:20:00;277;Acidente sem Vítima;263;BR-101/ES;Sul;Colisão Traseira;1;2;0;0;0;0;1
30/01/2014;14:20:00;336;Acidente sem Vítima;350;BR-101/ES;Sul;Engavetamento;3;3;0;0;0;0;1
31/01/2014;09:20:00;163;Acidente com vítima;110,3;BR-101/ES;Sul;Colisão Traseira;1;2;2;0;0;0;1
31/01/2014;10:41:00;176;Acidente com vítima;123,5;BR-101/ES;Norte;Colisão Traseira;2;0;0;1;0;0;2
31/01/2014;13:11:00;234;Acidente sem Vítima;242;BR-101/ES;Sul;Engavetamento;2;3;0;0;0;0;1
31/01/2014;10:33:00;175;Acidente sem Vítima;263;BR-101/ES;Norte;Engavetamento;1;3;0;0;0;0;1
31/01/2014;22:23:00;414;Acidente com vítima;264;BR-101/ES;Sul;Colisão Traseira;1;3;2;0;0;0;1
31/01/2014;17:28:00;304;Acidente com vítima;265;BR-101/ES;Sul;Colisão Traseira;2;1;2;0;0;0;1
31/01/2014;09:21:00;164;Acidente sem Vítima;270;BR-101/ES;Norte;Colisão Lateral;1;2;0;0;0;0;1
31/01/2014;01:38:00;42;Acidente sem Vítima;302,5;BR-101/ES;Norte;Veículo em Chamas;1;2;0;0;0;0;1
31/01/2014;15:02:00;261;Acidente sem Vítima;377;BR-101/ES;Norte;Colisão Traseira;1;3;0;0;0;0;1
31/01/2014;15:40:00;273;Acidente sem Vítima;392;BR-101/ES;Sul;Colisão Traseira;1;4;0;0;0;0;1
31/01/2014;09:26:00;167;Acidente com vítima;407,5;BR-101/ES;Sul;Tombamento;2;0;1;1;0;0;2
01/02/2014;13:42:00;241;Acidente sem Vítima;341,5;BR-101/ES;Norte;Colisão Traseira;2;2;0;0;0;0;1
02/02/2014;07:28:00;125;Acidente sem Vítima;67,7;BR-101/ES;Sul;Colisão Lateral;1;6;0;0;0;0;1
02/02/2014;02:22:00;57;Acidente sem Vítima;265;BR-101/ES;Sul;Choque com Objeto Fixo;4;1;0;0;0;0;1
02/02/2014;12:11:00;228;Acidente sem Vítima;311;BR-101/ES;Sul;Colisão Lateral;1;2;0;0;0;0;1
03/02/2014;15:23:00;234;Acidente sem Vítima;16;BR-101/ES;Sul;Colisão Lateral;1;3;0;0;0;0;1
03/02/2014;19:07:00;293;Acidente com Morte;184;BR-101/ES;Sul;Tombamento;1;0;0;0;0;1;3
03/02/2014;05:17:00;89;Acidente sem Vítima;312,5;BR-101/ES;Norte;Tombamento;2;2;0;0;0;0;1
03/02/2014;08:11:00;134;Acidente com vítima;391;BR-101/ES;Norte;Tombamento;1;0;1;0;0;0;1
03/02/2014;15:24:00;235;Acidente com vítima;431;BR-101/ES;Sul;Tombamento;1;0;1;0;0;0;1
04/02/2014;22:20:00;434;Acidente com Morte;129;BR-101/ES;Sul;Colisão Traseira;2;1;0;0;0;1;3
04/02/2014;13:34:00;270;Acidente sem Vítima;254;BR-101/ES;Sul;Colisão Traseira;1;2;0;0;0;0;1
04/02/2014;10:15:00;196;Acidente sem Vítima;311;BR-101/ES;Sul;Colisão Traseira;1;1;0;0;0;0;1
04/02/2014;03:05:00;59;Acidente sem Vítima;314;BR-101/ES;Norte;Saída de Pista;2;1;0;0;0;0;1
05/02/2014;21:32:00;342;Acidente com vítima;136;BR-101/ES;Norte;Colisão Frontal;2;2;1;0;0;0;1
05/02/2014;09:01:00;102;Acidente com vítima;143;BR-101/ES;Norte;Colisão Lateral;1;1;1;0;0;0;1
05/02/2014;21:43:00;343;Acidente com vítima;323;BR-101/ES;Norte;Colisão Frontal;2;0;2;0;0;0;1
05/02/2014;06:39:00;61;Acidente com vítima;354,8;BR-101/ES;Sul;Colisão Lateral;1;1;1;1;0;0;2
05/02/2014;23:47:00;359;Acidente com vítima;407,8;BR-101/ES;Sul;Tombamento;1;0;1;0;0;0;1
05/02/2014;07:04:00;68;Acidente sem Vítima;439;BR-101/ES;Norte;Colisão Traseira;2;2;0;0;0;0;1
06/02/2014;06:03:00;48;Acidente com vítima;23,5;BR-101/ES;Norte;Colisão Traseira;2;0;0;1;0;0;2
06/02/2014;16:42:00;312;Acidente com Morte;43;BR-101/ES;Norte;Colisão Frontal;4;3;0;0;0;6;3
06/02/2014;07:11:00;57;Acidente sem Vítima;270;BR-101/ES;Sul;Colisão Lateral;1;2;0;0;0;0;1
07/02/2014;19:25:00;507;Acidente com vítima;146;BR-101/ES;Sul;Colisão Lateral;3;1;1;0;0;0;1
07/02/2014;10:31:00;274;Acidente sem Vítima;230;BR-101/ES;Norte;Colisão Traseira;1;3;0;0;0;0;1
07/02/2014;17:48:00;455;Acidente sem Vítima;269;BR-101/ES;Sul;Colisão Lateral;1;1;0;0;0;0;1
07/02/2014;14:37:00;387;Acidente sem Vítima;335;BR-101/ES;Norte;Tombamento;2;1;0;0;0;0;1
08/02/2014;20:51:00;454;Acidente sem Vítima;1,2;BR-101/ES;Sul;Tombamento;1;1;0;0;0;0;1
08/02/2014;11:06:00;190;Acidente sem Vítima;6,6;BR-101/ES;Sul;Colisão Lateral;1;4;0;0;0;0;1
08/02/2014;14:08:00;271;Acidente sem Vítima;198,5;BR-101/ES;Norte;Capotamento;1;1;0;0;0;0;1
08/02/2014;08:01:00;131;Acidente sem Vítima;266;BR-101/ES;Sul;Colisão Lateral;1;2;0;0;0;0;1
09/02/2014;00:11:00;4;Acidente sem Vítima;1,2;BR-101/ES;Sul;Tombamento;1;0;0;0;0;0;1
09/02/2014;18:30:00;373;Acidente com vítima;145;BR-101/ES;Norte;Colisão Lateral;1;0;0;1;0;0;2
09/02/2014;08:05:00;143;Acidente com vítima;232;BR-101/ES;Sul;Saída de Pista;1;0;1;0;0;0;1
09/02/2014;05:39:00;117;Acidente com vítima;261;BR-101/ES;Norte;Colisão Transversal;2;1;0;0;1;0;2
10/02/2014;02:00:00;49;Acidente com vítima;151;BR-101/ES;Sul;Colisão Lateral;3;1;0;1;0;0;2
10/02/2014;08:34:00;206;Acidente com vítima;198;BR-101/ES;Sul;Colisão Lateral;1;1;0;0;1;0;2
10/02/2014;15:33:00;425;Acidente sem Vítima;264;BR-101/ES;Sul;Colisão Lateral;2;2;0;0;0;0;1
10/02/2014;12:20:00;349;Acidente sem Vítima;266;BR-101/ES;Sul;Colisão Transversal;1;2;0;0;0;0;1
10/02/2014;13:46:00;397;Acidente sem Vítima;270;BR-101/ES;Sul;Colisão Traseira;1;3;0;0;0;0;1
10/02/2014;14:01:00;405;Acidente sem Vítima;308,9;BR-101/ES;Norte;Colisão Traseira;2;2;0;0;0;0;1
10/02/2014;18:25:00;474;Acidente sem Vítima;354;BR-101/ES;Norte;Veículo em Chamas;1;1;0;0;0;0;1
10/02/2014;11:39:00;323;Acidente com Morte;436;BR-101/ES;Norte;Colisão Lateral;1;1;1;0;0;1;3
11/02/2014;08:31:00;245;Acidente sem Vítima;149;BR-101/ES;Norte;Colisão Traseira;1;2;0;0;0;0;1
11/02/2014;13:47:00;411;Acidente sem Vítima;266,5;BR-101/ES;Sul;Colisão;2;2;0;0;0;0;1
11/02/2014;18:05:00;480;Acidente com Morte;267;BR-101/ES;Norte;Colisão Traseira;1;0;0;0;0;1;3
11/02/2014;21:39:00;526;Acidente com vítima;269;BR-101/ES;Sul;Colisão Lateral;1;2;0;1;0;0;2
12/02/2014;11:36:00;295;Acidente sem Vítima;120;BR-101/ES;Sul;Colisão Traseira;4;2;0;0;0;0;1
12/02/2014;11:41:00;299;Acidente sem Vítima;122;BR-101/ES;Sul;Colisão Traseira;1;2;0;0;0;0;1
12/02/2014;07:15:00;140;Acidente sem Vítima;213;BR-101/ES;Sul;Saída de Pista;2;1;0;0;0;0;1
12/02/2014;14:06:00;392;Acidente com vítima;267;BR-101/ES;Norte;Colisão Traseira;2;0;0;1;0;0;2
12/02/2014;04:14:00;101;Acidente sem Vítima;331,5;BR-101/ES;Norte;Choque com Objeto Fixo;1;1;0;0;0;0;1
12/02/2014;18:27:00;495;Acidente sem Vítima;451;BR-101/ES;Sul;Colisão Traseira;3;3;0;0;0;0;1
13/02/2014;17:39:00;421;Acidente sem Vítima;266;BR-101/ES;Sul;Abalroamento - Mesmo Sentido;1;2;0;0;0;0;1
13/02/2014;17:16:00;413;Acidente sem Vítima;380;BR-101/ES;Norte;Veículo em Chamas;2;1;0;0;0;0;1
13/02/2014;12:27:00;316;Acidente sem Vítima;389;BR-101/ES;Norte;Colisão Traseira;1;2;0;0;0;0;1
13/02/2014;08:27:00;141;Acidente com vítima;392;BR-101/ES;Sul;Tombamento;1;0;1;0;0;0;1
13/02/2014;13:13:00;329;Acidente sem Vítima;395;BR-101/ES;Norte;Colisão Traseira;2;2;0;0;0;0;1
14/02/2014;15:47:00;410;Acidente com vítima;17;BR-101/ES;Sul;Tombamento;4;0;0;1;0;0;2
14/02/2014;16:34:00;441;Acidente sem Vítima;149;BR-101/ES;Sul;Colisão Lateral;1;3;0;0;0;0;1
14/02/2014;12:24:00;339;Acidente sem Vítima;195,5;BR-101/ES;Norte;Choque com Objeto Fixo;1;2;0;0;0;0;1
14/02/2014;17:40:00;467;Acidente sem Vítima;265;BR-101/ES;Norte;Colisão Traseira;2;2;0;0;0;0;1
14/02/2014;18:56:00;492;Acidente com Morte;355;BR-101/ES;Sul;Colisão Frontal;3;2;0;0;0;1;3
14/02/2014;16:33:00;440;Acidente sem Vítima;414;BR-101/ES;Sul;Colisão Lateral;2;2;0;0;0;0;1
14/02/2014;13:41:00;367;Acidente com vítima;420;BR-101/ES;Sul;Colisão Lateral;1;1;3;2;0;0;2
15/02/2014;10:53:00;369;Acidente sem Vítima;211;BR-101/ES;Norte;Colisão Traseira;2;6;0;0;0;0;1
15/02/2014;13:08:00;450;Acidente com vítima;305;BR-101/ES;Sul;Tombamento;1;1;1;0;0;0;1
15/02/2014;11:50:00;409;Acidente sem Vítima;357;BR-101/ES;Sul;Abalroamento - Mesmo Sentido;1;0;0;0;0;0;1
16/02/2014;15:45:00;354;Acidente sem Vítima;61;BR-101/ES;Norte;Colisão Traseira;1;4;0;0;0;0;1
17/02/2014;22:18:00;470;Acidente sem Vítima;249;BR-101/ES;Norte;Saída de Pista;2;1;0;0;0;0;1
17/02/2014;15:51:00;340;Acidente sem Vítima;257;BR-101/ES;Sul;Colisão Frontal;2;3;0;0;0;0;1
17/02/2014;23:56:00;493;Acidente sem Vítima;268;BR-101/ES;Sul;Choque com Objeto Fixo;2;1;0;0;0;0;1
17/02/2014;17:33:00;347;Acidente sem Vítima;329;BR-101/ES;Norte;Tombamento;1;2;0;0;0;0;1
17/02/2014;18:32:00;369;Acidente sem Vítima;368;BR-101/ES;Sul;Saída de Pista;1;1;0;0;0;0;1
17/02/2014;18:45:00;373;Acidente sem Vítima;375;BR-101/ES;Sul;Engavetamento;4;3;0;0;0;0;1
17/02/2014;17:38:00;348;Acidente com vítima;400;BR-101/ES;Sul;Saída de Pista;1;0;1;0;0;0;1
17/02/2014;16:17:00;343;Acidente com vítima;431;BR-101/ES;Norte;Colisão Frontal;2;0;0;2;0;0;2
17/02/2014;20:42:00;424;Acidente sem Vítima;439;BR-101/ES;Norte;Saída de Pista;1;1;0;0;0;0;1
17/02/2014;18:55:00;376;Acidente sem Vítima;450;BR-101/ES;Sul;Engavetamento;6;4;0;0;0;0;1
17/02/2014;03:12:00;114;Acidente sem Vítima;945;BR-101/BA;Norte;Atropelamento - Animal;1;1;0;0;0;0;1
18/02/2014;18:30:00;458;Acidente com Morte;110;BR-101/ES;Norte;Tombamento;1;1;0;0;0;1;3
18/02/2014;17:13:00;443;Acidente sem Vítima;188;BR-101/ES;Norte;Saída de Pista;1;2;0;0;0;0;1
18/02/2014;10:10:00;297;Acidente com vítima;359;BR-101/ES;Sul;Colisão Frontal;3;2;1;0;0;0;1
18/02/2014;08:09:00;219;Acidente sem Vítima;359,5;BR-101/ES;Sul;Tombamento;1;1;0;0;0;0;1
18/02/2014;09:30:00;271;Acidente com Morte;440;BR-101/ES;Norte;Colisão Frontal;1;0;0;1;0;2;3
19/02/2014;16:32:00;450;Acidente sem Vítima;67;BR-101/ES;Norte;Saída de Pista;1;1;0;0;0;0;1
19/02/2014;18:41:00;482;Acidente sem Vítima;73;BR-101/ES;Norte;Atropelamento - Equino;2;2;0;0;0;0;1
19/02/2014;14:54:00;414;Atropelamento sem Morte;167;BR-101/ES;Norte;Atropelamento;1;1;0;0;1;0;2
19/02/2014;15:11:00;419;Acidente sem Vítima;266;BR-101/ES;Sul;Colisão Lateral;1;2;0;0;0;0;1
19/02/2014;08:11:00;182;Acidente com vítima;312;BR-101/ES;Sul;Saída de Pista;1;0;1;0;0;0;1
20/02/2014;13:45:00;407;Acidente com vítima;143;BR-101/ES;Sul;Colisão;1;1;1;0;0;0;1
20/02/2014;11:45:00;370;Acidente sem Vítima;262;BR-101/ES;Sul;Colisão Lateral;1;2;0;0;0;0;1
20/02/2014;08:24:00;242;Acidente sem Vítima;270;BR-101/ES;Sul;Colisão;1;2;0;0;0;0;1
20/02/2014;11:49:00;371;Acidente sem Vítima;299;BR-101/ES;Sul;Colisão Traseira;1;1;0;0;0;0;1
20/02/2014;16:39:00;465;Acidente com vítima;355;BR-101/ES;Sul;Colisão Frontal;3;4;1;0;0;0;1
20/02/2014;08:30:00;248;Acidente sem Vítima;402;BR-101/ES;Norte;Tombamento;2;1;0;0;0;0;1
21/02/2014;13:52:00;295;Acidente sem Vítima;142;BR-101/ES;Norte;Colisão Lateral;1;5;0;0;0;0;1
21/02/2014;13:07:00;278;Acidente sem Vítima;219;BR-101/ES;Sul;Saída de Pista;1;1;0;0;0;0;1
21/02/2014;20:19:00;439;Acidente com vítima;226;BR-101/ES;Sul;Colisão Transversal;3;1;1;0;0;0;1
21/02/2014;06:49:00;90;Acidente sem Vítima;262;BR-101/ES;Sul;Colisão Traseira;1;4;0;0;0;0;1
21/02/2014;11:03:00;235;Acidente com vítima;271;BR-101/ES;Sul;Choque com Objeto Fixo;1;1;1;0;0;0;1
21/02/2014;14:32:00;306;Acidente sem Vítima;379;BR-101/ES;Norte;Engavetamento;3;3;0;0;0;0;1
21/02/2014;11:40:00;259;Acidente com vítima;448;BR-101/ES;Sul;Tombamento;1;0;1;0;0;0;1
22/02/2014;07:19:00;93;Acidente com vítima;80;BR-101/ES;Norte;Colisão Traseira;3;2;1;0;0;0;1
22/02/2014;19:01:00;406;Acidente com Morte;171;BR-101/ES;Sul;Colisão Frontal;1;1;1;0;0;1;3
22/02/2014;09:39:00;158;Atropelamento sem Morte;334;BR-101/ES;Sul;Atropelamento;1;1;0;0;1;0;2
23/02/2014;21:35:00;615;Acidente com Morte;37;BR-101/ES;Sul;Colisão Frontal;3;0;0;1;0;1;3
23/02/2014;22:01:00;620;Acidente sem Vítima;260;BR-101/ES;Sul;Colisão Lateral;1;0;0;0;0;0;1
23/02/2014;12:32:00;401;Acidente sem Vítima;264;BR-101/ES;Sul;Colisão Transversal;1;2;0;0;0;0;1
23/02/2014;15:51:00;462;Acidente sem Vítima;393;BR-101/ES;Norte;Colisão Lateral;2;2;0;0;0;0;1
24/02/2014;02:57:00;109;Acidente com vítima;123;BR-101/ES;Sul;Colisão Frontal;2;0;2;0;0;0;1
24/02/2014;07:55:00;185;Acidente sem Vítima;126;BR-101/ES;Sul;Colisão Lateral;1;2;0;0;0;0;1
24/02/2014;10:34:00;231;Acidente sem Vítima;264;BR-101/ES;Norte;Colisão Lateral;1;2;0;0;0;0;1
24/02/2014;17:15:00;399;Acidente sem Vítima;268;BR-101/ES;Norte;Colisão;2;2;0;0;0;0;1
24/02/2014;11:49:00;278;Acidente sem Vítima;316;BR-101/ES;Sul;Colisão;1;2;0;0;0;0;1
24/02/2014;22:14:00;537;Acidente sem Vítima;355;BR-101/ES;Sul;Atropelamento - Animal;1;1;0;0;0;0;1
25/02/2014;09:32:00;247;Acidente com vítima;40;BR-101/ES;Sul;Colisão Traseira;2;2;2;0;0;0;1
25/02/2014;01:51:00;66;Acidente sem Vítima;235;BR-101/ES;Sul;Atropelamento - Bovino;1;1;0;0;0;0;1
25/02/2014;05:53:00;175;Acidente sem Vítima;265;BR-101/ES;Sul;Colisão Traseira;2;2;0;0;0;0;1
25/02/2014;15:35:00;390;Acidente sem Vítima;269;BR-101/ES;Sul;Colisão Lateral;2;2;0;0;0;0;1
26/02/2014;12:48:00;388;Acidente sem Vítima;264;BR-101/ES;Norte;Colisão Traseira;1;2;0;0;0;0;1
26/02/2014;01:09:00;36;Acidente sem Vítima;337;BR-101/ES;Norte;Atropelamento - Bovino;1;1;0;0;0;0;1
26/02/2014;04:03:00;125;Acidente com vítima;385;BR-101/ES;Norte;Abalroamento - Sentido Oposto;2;1;2;0;0;0;1
27/02/2014;19:04:00;553;Acidente com vítima;73;BR-101/ES;Norte;Colisão Lateral;1;2;2;0;0;0;1
27/02/2014;20:29:00;587;Acidente com vítima;90;BR-101/ES;Norte;Engavetamento;2;0;2;0;0;0;1
27/02/2014;12:57:00;417;Acidente com vítima;137;BR-101/ES;Norte;Engavetamento;1;3;1;0;0;0;1
27/02/2014;22:37:00;618;Acidente com vítima;264;BR-101/ES;Norte;Colisão Lateral;1;1;1;0;0;0;1
27/02/2014;11:58:00;399;Acidente com Morte;269;BR-101/ES;Norte;Colisão Traseira;1;2;0;0;0;1;3
27/02/2014;05:29:00;171;Acidente com vítima;418;BR-101/ES;Norte;Saída de Pista;1;0;1;0;0;0;1
28/02/2014;15:57:00;448;Acidente com vítima;14,5;BR-101/ES;Sul;Colisão Frontal;1;0;1;3;0;0;2
28/02/2014;08:21:00;223;Acidente com vítima;112;BR-101/ES;Norte;Colisão Lateral;1;1;1;0;0;0;1
28/02/2014;05:49:00;153;Acidente sem Vítima;315;BR-101/ES;Sul;Veículo em Chamas;2;0;0;0;0;0;1
28/02/2014;18:18:00;510;Acidente com vítima;340;BR-101/ES;Sul;Engavetamento;2;10;3;0;0;0;1
28/02/2014;23:05:00;606;Acidente sem Vítima;385;BR-101/ES;Norte;Engavetamento;1;12;0;0;0;0;1
28/02/2014;23:28:00;616;Acidente sem Vítima;387;BR-101/ES;Norte;Engavetamento;1;4;0;0;0;0;1
01/03/2014;16:15:00;369;Acidente sem Vítima;107,5;BR-101/ES;Sul;Colisão Traseira;1;6;0;0;0;0;1
01/03/2014;06:35:00;98;Acidente com vítima;173;BR-101/ES;Norte;Colisão Lateral;1;4;1;0;0;0;1
01/03/2014;04:16:00;68;Acidente com vítima;264;BR-101/ES;Sul;Colisão Traseira;1;2;1;0;0;0;1
01/03/2014;13:25:00;292;Acidente sem Vítima;338;BR-101/ES;Sul;Saída de Pista;1;1;0;0;0;0;1
01/03/2014;07:53:00;125;Acidente com vítima;455;BR-101/ES;Sul;Colisão Traseira;1;2;1;0;0;0;1
02/03/2014;09:37:00;162;Acidente sem Vítima;244;BR-101/ES;Norte;Colisão Lateral;1;1;0;0;0;0;1
02/03/2014;10:52:00;199;Acidente sem Vítima;268;BR-101/ES;Sul;Colisão Lateral;1;2;0;0;0;0;1
02/03/2014;07:08:00;86;Acidente com morte;270;BR-101/ES;Norte;Colisão Traseira;1;2;1;0;0;1;3
05/03/2014;13:20:00;332;Acidente com vítima;125;BR-101/ES;Norte;Engavetamento;1;5;1;1;1;0;2
05/03/2014;16:28:00;388;Acidente sem Vítima;307;BR-101/ES;Norte;Colisão Traseira;2;2;0;0;0;0;1
05/03/2014;06:22:00;179;Acidente com vítima;388,4;BR-101/ES;Norte;Tombamento;2;0;0;1;0;0;2
06/03/2014;14:29:00;419;Acidente com vítima;57;BR-101/ES;Sul;Tombamento;2;4;2;0;0;0;1
06/03/2014;08:16:00;196;Acidente sem Vítima;148;BR-101/ES;Norte;Tombamento;1;1;0;0;0;0;1
06/03/2014;07:01:00;159;Acidente com Morte;162;BR-101/ES;Norte;Colisão Frontal;1;1;0;0;0;1;3
06/03/2014;13:52:00;404;Acidente com Morte;417;BR-101/ES;Norte;Saída de Pista;1;0;1;0;0;0;1
07/03/2014;19:28:00;494;Acidente com vítima;258;BR-101/ES;Norte;Choque com Objeto Fixo;2;0;1;0;0;0;1
07/03/2014;23:26:00;550;Acidente sem Vítima;335;BR-101/ES;Norte;Tombamento;1;1;0;0;0;0;1
07/03/2014;08:32:00;216;Acidente com vítima;450;BR-101/ES;Sul;Tombamento;1;0;3;0;0;0;1
07/03/2014;09:35:00;247;Acidente sem Vítima;946,1;BR-101/BA;Norte;Colisão Traseira;1;2;0;0;0;0;1
08/03/2014;05:49:00;114;Acidente sem Vítima;318,5;BR-101/ES;Norte;Colisão Lateral;1;2;0;0;0;0;1
08/03/2014;20:52:00;565;Acidente com morte;408;BR-101/ES;Sul;Tombamento;2;0;1;0;0;1;3
09/03/2014;12:03:00;275;Acidente sem Vítima;258;BR-101/ES;Sul;Colisão Traseira;1;2;0;0;0;0;1
09/03/2014;08:39:00;153;Acidente com vítima;326;BR-101/ES;Sul;Colisão Frontal;1;1;2;0;0;0;1
09/03/2014;12:46:00;296;Acidente sem Vítima;376;BR-101/ES;Sul;Colisão Traseira;2;2;0;0;0;0;1
10/03/2014;07:11:00;86;Acidente sem Vítima;254;BR-101/ES;Sul;Colisão Traseira;1;3;0;0;0;0;1
10/03/2014;16:43:00;422;Acidente sem Vítima;269;BR-101/ES;Norte;Colisão Lateral;1;5;0;0;0;0;1
10/03/2014;22:22:00;577;Acidente sem Vítima;270;BR-101/ES;Norte;Colisão Lateral;1;2;0;0;0;0;1
10/03/2014;12:28:00;327;Acidente sem Vítima;302;BR-101/ES;Sul;Colisão Lateral;2;2;0;0;0;0;1
11/03/2014;15:59:00;532;Acidente sem Vítima;100;BR-101/ES;Sul;Colisão Traseira;1;4;0;0;0;0;1
11/03/2014;15:23:00;517;Acidente sem Vítima;143,5;BR-101/ES;Norte;Colisão Lateral;1;3;0;0;0;0;1