data;horario;n_da_ocorrencia;tipo_de_ocorrencia;km;trecho;sentido;tipo_de_acidente;caminhao;ilesos;levemente_feridos;moderadamente_feridos;gravemente_feridos;mortos;3
11/03/2014;14:51:00;508;Acidente sem Vítima;329;BR-101/ES;Norte;Tombamento;1;1;0;0;0;0;1
12/03/2014;23:12:00;586;Acidente com vítima;208;BR-101/ES;Sul;Abalroamento - Sentido Oposto;2;0;1;0;0;0;1
12/03/2014;17:56:00;475;Acidente sem Vítima;264;BR-101/ES;Norte;Abalroamento - Transversal;2;2;0;0;0;0;1
12/03/2014;06:05:00;163;Acidente sem Vítima;298;BR-101/ES;Norte;Colisão Traseira;1;2;0;0;0;0;1
13/03/2014;19:26:00;471;Acidente com Morte;171;BR-101/ES;Sul;Saída de Pista;1;0;0;0;0;0;1
13/03/2014;05:55:00;160;Acidente com vítima;244;BR-101/ES;Norte;Colisão Traseira;1;1;2;0;0;0;1
13/03/2014;13:43:00;340;Acidente sem Vítima;267;BR-101/ES;Norte;Colisão Traseira;2;1;0;0;0;0;1
13/03/2014;15:08:00;360;Acidente sem Vítima;270;BR-101/ES;Sul;Abalroamento - Mesmo Sentido;2;2;0;0;0;0;1
13/03/2014;11:03:00;263;Acidente com Morte;368,5;BR-101/ES;Norte;Saída de Pista;1;3;1;0;0;0;1
14/03/2014;07:51:00;179;Atropelamento sem Morte;67;BR-101/ES;Norte;Atropelamento;1;1;0;0;0;0;1
14/03/2014;18:58:00;452;Acidente com vítima;186;BR-101/ES;Sul;Capotamento;1;1;1;1;0;0;2
14/03/2014;02:15:00;78;Acidente sem Vítima;447;BR-101/ES;Norte;Saída de Pista;1;1;0;0;0;0;1
14/03/2014;21:29:00;515;Acidente sem Vítima;450;BR-101/ES;Sul;Colisão;1;1;0;0;0;0;1
15/03/2014;10:49:00;278;Acidente sem Vítima;124;BR-101/ES;Norte;Colisão Traseira;2;4;0;0;0;0;1
15/03/2014;09:36:00;238;Acidente sem Vítima;270;BR-101/ES;Norte;Colisão Traseira;1;2;0;0;0;0;1
15/03/2014;16:52:00;463;Acidente sem Vítima;298;BR-101/ES;Sul;Engavetamento;1;3;0;0;0;0;1
15/03/2014;08:49:00;217;Acidente sem Vítima;365;BR-101/ES;Sul;Engavetamento;1;4;0;0;0;0;1
15/03/2014;10:23:00;269;Acidente sem Vítima;368;BR-101/ES;Norte;Colisão Lateral;1;2;0;0;0;0;1
15/03/2014;07:33:00;160;Acidente sem Vítima;432,5;BR-101/ES;Sul;Saída de Pista;1;4;0;0;0;0;1
16/03/2014;07:59:00;161;Acidente sem Vítima;149;BR-101/ES;Sul;Colisão Traseira;1;3;0;0;0;0;1
16/03/2014;19:25:00;495;Acidente sem Vítima;270;BR-101/ES;Sul;Engavetamento;3;4;0;0;0;0;1
17/03/2014;08:12:00;138;Acidente sem Vítima;147;BR-101/ES;Norte;Colisão Transversal;1;3;0;0;0;0;1
17/03/2014;14:16:00;366;Acidente com vítima;218;BR-101/ES;Sul;Colisão Frontal;1;1;2;0;0;0;1
17/03/2014;11:56:00;281;Acidente com morte;266;BR-101/ES;Sul;Colisão Lateral;1;2;0;0;0;2;3
17/03/2014;16:01:00;390;Acidente com vítima;266;BR-101/ES;Norte;Colisão Traseira;2;2;1;0;0;0;1
17/03/2014;08:44:00;164;Acidente sem Vítima;298;BR-101/ES;Sul;Colisão Lateral;2;2;0;0;0;0;1
17/03/2014;14:56:00;378;Acidente sem Vítima;335;BR-101/ES;Norte;Tombamento;1;1;0;0;0;0;1
17/03/2014;21:52:00;532;Atropelamento com Morte;956,3;BR-101/BA;Norte;Atropelamento;1;0;0;0;0;0;1
18/03/2014;16:30:00;456;Acidente sem Vítima;162;BR-101/ES;Sul;Abalroamento - Mesmo Sentido;1;0;0;0;0;0;1
18/03/2014;09:12:00;208;Acidente sem Vítima;264;BR-101/ES;Sul;Colisão Traseira;1;0;0;0;0;0;1
18/03/2014;14:55:00;421;Acidente com vítima;267,5;BR-101/ES;Sul;Colisão Traseira;1;2;0;1;0;0;2
19/03/2014;07:55:00;187;Acidente sem Vítima;265;BR-101/ES;Sul;Colisão Traseira;1;3;0;0;0;0;1
19/03/2014;11:50:00;366;Acidente sem Vítima;266;BR-101/ES;Sul;Colisão Traseira;1;2;0;0;0;0;1
19/03/2014;12:22:00;387;Acidente sem Vítima;268;BR-101/ES;Sul;Colisão Lateral;1;2;0;0;0;0;1
19/03/2014;08:04:00;193;Acidente sem Vítima;299;BR-101/ES;Sul;Colisão Traseira;1;3;0;0;0;0;1
20/03/2014;10:06:00;245;Acidente sem Vítima;37;BR-101/ES;Norte;Colisão Lateral;1;2;0;0;0;0;1
20/03/2014;13:39:00;343;Acidente sem Vítima;270;BR-101/ES;Norte;Colisão Lateral;1;2;0;0;0;0;1
21/03/2014;22:54:00;489;Acidente sem Vítima;42;BR-101/ES;Norte;Colisão Lateral;2;2;0;0;0;0;1
21/03/2014;15:00:00;326;Acidente sem Vítima;150;BR-101/ES;Norte;Colisão Traseira;1;2;0;0;0;0;1
21/03/2014;16:00:00;343;Acidente sem Vítima;150;BR-101/ES;Norte;Engavetamento;1;3;0;0;0;0;1
21/03/2014;17:39:00;387;Acidente sem Vítima;225;BR-101/ES;Sul;Tombamento;2;1;0;0;0;0;1
21/03/2014;16:03:00;346;Acidente com vítima;228;BR-101/ES;Sul;Colisão Traseira;2;1;1;0;0;0;1
21/03/2014;17:07:00;374;Acidente sem Vítima;270;BR-101/ES;Norte;Abalroamento - Mesmo Sentido;2;2;0;0;0;0;1
21/03/2014;05:25:00;143;Acidente com Morte;313;BR-101/ES;Sul;Colisão Frontal;1;2;0;1;0;0;2
21/03/2014;18:42:00;404;Atropelamento sem Morte;376;BR-101/ES;Norte;Atropelamento;2;2;1;0;0;0;1
22/03/2014;02:44:00;51;Acidente sem Vítima;148;BR-101/ES;Sul;Colisão Traseira;2;1;0;0;0;0;1
23/03/2014;15:08:00;427;Acidente sem Vítima;148;BR-101/ES;Sul;Colisão Traseira;3;3;0;0;0;0;1
23/03/2014;16:19:00;455;Acidente sem Vítima;148;BR-101/ES;Norte;Colisão Traseira;1;2;0;0;0;0;1
23/03/2014;11:06:00;308;Acidente com vítima;262;BR-101/ES;Sul;Abalroamento - Mesmo Sentido;1;2;1;0;0;0;1
24/03/2014;19:23:00;518;Acidente sem Vítima;130;BR-101/ES;Sul;Engavetamento;1;3;0;0;0;0;1
24/03/2014;00:18:00;5;Acidente com Morte;163;BR-101/ES;Norte;Colisão Traseira;1;1;0;0;0;0;1
24/03/2014;05:17:00;124;Acidente sem Vítima;212;BR-101/ES;Sul;Saída de Pista;1;1;0;0;0;0;1
24/03/2014;18:49:00;508;Acidente sem Vítima;305;BR-101/ES;Sul;Tombamento;1;1;0;0;0;0;1
25/03/2014;09:44:00;202;Acidente sem Vítima;47;BR-101/ES;Norte;Colisão Traseira;1;3;0;0;0;0;1
25/03/2014;16:46:00;352;Acidente sem Vítima;68;BR-101/ES;Sul;Colisão Lateral;2;3;0;0;0;0;1
25/03/2014;07:52:00;125;Acidente com vítima;102;BR-101/ES;Sul;Colisão Traseira;2;1;1;0;0;0;1
25/03/2014;14:37:00;317;Acidente com vítima;249,5;BR-101/ES;Sul;Colisão Traseira;3;1;1;0;0;0;1
25/03/2014;15:18:00;326;Acidente sem Vítima;250;BR-101/ES;Norte;Colisão Lateral;1;2;0;0;0;0;1
25/03/2014;22:26:00;479;Acidente sem Vítima;259;BR-101/ES;Norte;Queda de Moto;1;2;0;0;0;0;1
25/03/2014;18:10:00;379;Acidente sem Vítima;423;BR-101/ES;Norte;Saída de Pista;1;1;0;0;0;0;1
25/03/2014;18:07:00;378;Acidente com vítima;434;BR-101/ES;Sul;Saída de Pista;1;0;0;1;0;0;2
25/03/2014;00:06:00;2;Acidente com Morte;458;BR-101/ES;Sul;Colisão Frontal;3;0;0;1;0;0;2
26/03/2014;13:50:00;263;Acidente sem Vítima;258;BR-101/ES;Norte;Colisão Traseira;1;2;0;0;0;0;1
26/03/2014;19:13:00;353;Acidente sem Vítima;267;BR-101/ES;Sul;Colisão Lateral;2;2;0;0;0;0;1
26/03/2014;12:17:00;231;Acidente com vítima;351;BR-101/ES;Norte;Colisão Frontal;1;2;1;0;0;0;1
26/03/2014;12:29:00;235;Acidente com vítima;379;BR-101/ES;Sul;Colisão Frontal;1;1;0;1;0;0;2
26/03/2014;16:46:00;317;Acidente com vítima;408;BR-101/ES;Sul;Saída de Pista;1;0;0;1;0;0;2
26/03/2014;15:33:00;295;Acidente com morte;457;BR-101/ES;Sul;Colisão Lateral;3;2;0;0;0;1;3
27/03/2014;16:08:00;381;Acidente sem Vítima;297;BR-101/ES;Sul;Colisão Lateral;2;3;0;0;0;0;1
27/03/2014;10:19:00;251;Acidente sem Vítima;299;BR-101/ES;Sul;Colisão Traseira;2;3;0;0;0;0;1
27/03/2014;22:17:00;508;Acidente sem Vítima;338;BR-101/ES;Sul;Saída de Pista;3;3;0;0;0;0;1
27/03/2014;06:52:00;128;Acidente sem Vítima;448;BR-101/ES;Sul;Colisão Traseira;4;3;0;0;0;0;1
27/03/2014;20:49:00;482;Acidente sem Vítima;450;BR-101/ES;Sul;Choque;4;5;0;0;0;0;1
28/03/2014;08:57:00;155;Atropelamento sem Morte;66;BR-101/ES;Sul;Atropelamento;1;1;0;1;0;0;2
28/03/2014;21:52:00;431;Acidente com Morte;135,5;BR-101/ES;Sul;Saída de Pista;1;1;0;1;0;;2
28/03/2014;13:08:00;280;Acidente sem Vítima;170;BR-101/ES;Norte;Abalroamento - Mesmo Sentido;2;2;0;0;0;0;1
28/03/2014;17:29:00;353;Acidente sem Vítima;222;BR-101/ES;Sul;Engavetamento;2;6;0;0;0;;1
28/03/2014;17:42:00;359;Acidente sem Vítima;227;BR-101/ES;Sul;Engavetamento;2;3;0;0;0;;1
28/03/2014;17:06:00;345;Acidente sem Vítima;228;BR-101/ES;Sul;Engavetamento;1;4;0;0;0;;1
28/03/2014;12:42:00;269;Acidente sem Vítima;266;BR-101/ES;Norte;Colisão Lateral;1;2;0;0;0;0;1
28/03/2014;07:15:00;112;Acidente sem Vítima;337;BR-101/ES;Norte;Colisão Lateral;1;2;0;0;0;0;1
28/03/2014;19:35:00;391;Acidente com vítima;436;BR-101/ES;Sul;Saída de Pista;2;0;1;0;0;;1
28/03/2014;14:42:00;309;Acidente sem Vítima;438;BR-101/ES;Sul;Colisão Lateral;1;3;0;0;0;0;1
29/03/2014;13:58:00;308;Acidente com vítima;38;BR-101/ES;Sul;Tombamento;2;2;1;0;0;;1
29/03/2014;20:59:00;456;Acidente sem Vítima;119,5;BR-101/ES;Norte;Choque;2;32;0;0;0;;1
29/03/2014;09:08:00;171;Acidente sem Vítima;270;BR-101/ES;Norte;Colisão Lateral;1;2;0;0;0;;1
29/03/2014;02:23:00;46;Acidente sem Vítima;354,8;BR-101/ES;Norte;Choque com Objeto Fixo;1;2;0;0;0;;1
29/03/2014;08:36:00;153;Acidente com vítima;435,5;BR-101/ES;Sul;Saída de Pista;2;0;1;0;0;;1
31/03/2014;17:14:00;429;Acidente sem Vítima;205;BR-101/ES;Sul;Colisão Traseira;1;1;0;0;0;;1
31/03/2014;18:00:00;443;Acidente sem Vítima;241;BR-101/ES;Norte;Colisão Frontal;2;2;0;0;0;;1
31/03/2014;08:05:00;170;Acidente sem Vítima;245;BR-101/ES;Norte;Saída de Pista;1;1;0;0;0;;1
31/03/2014;10:42:00;274;Acidente com vítima;253,5;BR-101/ES;Sul;Colisão Lateral;1;1;2;0;0;;1
01/04/2014;01:40:00;40;Acidente sem Vítima;137;BR-101/ES;Sul;Saída de Pista;1;1;0;0;0;0;1
01/04/2014;07:45:00;177;Acidente sem Vítima;229,9;BR-101/ES;Sul;Engavetamento;1;3;0;0;0;0;1
01/04/2014;13:33:00;369;Acidente com vítima;236;BR-101/ES;Norte;Saída de Pista;2;2;0;0;1;0;2
01/04/2014;11:49:00;327;Acidente sem Vítima;262;BR-101/ES;Norte;Colisão Traseira;1;2;0;0;0;0;1
01/04/2014;13:27:00;366;Acidente sem Vítima;316;BR-101/ES;Norte;Saída de Pista;2;1;0;0;0;0;1
01/04/2014;14:39:00;388;Acidente sem Vítima;374;BR-101/ES;Sul;Colisão Traseira;4;2;0;0;0;0;1
01/04/2014;10:06:00;273;Acidente sem Vítima;382;BR-101/ES;Norte;Saída de Pista;1;1;0;0;0;0;1
01/04/2014;09:42:00;247;Acidente sem Vítima;413,5;BR-101/ES;Sul;Atropelamento - Bovino;1;0;0;0;0;0;1
01/04/2014;17:39:00;447;Acidente sem Vítima;457;BR-101/ES;Norte;Saída de Pista;1;1;0;0;0;0;1
02/04/2014;13:54:00;347;Acidente com vítima;236;BR-101/ES;Sul;Saída de Pista;2;0;1;0;0;0;1
02/04/2014;19:17:00;443;Acidente sem Vítima;267;BR-101/ES;Sul;Engavetamento;1;3;0;0;0;0;1
02/04/2014;17:31:00;416;Acidente sem Vítima;370;BR-101/ES;Sul;Saída de Pista;2;1;0;0;0;0;1
03/04/2014;14:59:00;319;Acidente sem Vítima;102;BR-101/ES;Sul;Colisão Traseira;1;5;0;0;0;0;1
03/04/2014;15:14:00;323;Acidente com Morte;221;BR-101/ES;Sul;Colisão Frontal;2;0;0;0;1;1;3
03/04/2014;11:20:00;228;Acidente sem Vítima;262;BR-101/ES;Norte;Colisão Lateral;1;2;0;0;0;0;1
03/04/2014;07:11:00;106;Acidente sem Vítima;265;BR-101/ES;Norte;Colisão Lateral;1;2;0;0;0;0;1
03/04/2014;18:07:00;371;Acidente com vítima;268;BR-101/ES;Sul;Colisão Traseira;1;1;0;1;0;0;2
03/04/2014;17:22:00;359;Acidente com vítima;369;BR-101/ES;Norte;Saída de Pista;1;1;0;0;2;0;2
03/04/2014;18:48:00;382;Acidente sem Vítima;371;BR-101/ES;Norte;Colisão Traseira;1;0;0;0;0;0;1
03/04/2014;07:51:00;123;Acidente sem Vítima;373;BR-101/ES;Sul;Veículo em Chamas;2;1;0;0;0;0;1
03/04/2014;13:25:00;278;Acidente sem Vítima;396;BR-101/ES;Sul;Queda de Moto;1;3;0;0;0;0;1
03/04/2014;03:01:00;56;Acidente sem Vítima;949;BR-101/BA;Sul;Veículo em Chamas;1;0;0;0;0;0;1
03/04/2014;18:21:00;374;Acidente sem Vítima;950;BR-101/BA;Sul;Colisão Traseira;1;4;0;0;0;0;1
04/04/2014;08:27:00;173;Acidente sem Vítima;144;BR-101/ES;Norte;Colisão Lateral;1;1;0;0;0;0;1
04/04/2014;19:36:00;484;Acidente sem Vítima;237;BR-101/ES;Sul;Saída de Pista;1;2;0;0;0;0;1
04/04/2014;19:31:00;481;Acidente sem Vítima;270;BR-101/ES;Sul;Colisão Traseira;2;2;0;0;0;0;1
04/04/2014;19:18:00;478;Acidente com vítima;316;BR-101/ES;Norte;Colisão Frontal;1;3;1;0;0;0;1
04/04/2014;11:43:00;318;Acidente sem Vítima;316,4;BR-101/ES;Sul;Saída de Pista;1;1;0;0;0;0;1
04/04/2014;09:54:00;249;Acidente com vítima;400;BR-101/ES;Sul;Colisão Transversal;1;0;1;0;0;0;1
04/04/2014;11:46:00;319;Acidente sem Vítima;400;BR-101/ES;Sul;Saída de Pista;1;0;0;0;0;0;1
04/04/2014;10:25:00;281;Acidente com vítima;408;BR-101/ES;Norte;Tombamento;1;1;1;0;1;0;2
05/04/2014;13:41:00;265;Acidente sem Vítima;93;BR-101/ES;Sul;Colisão Traseira;2;2;0;0;0;0;1
05/04/2014;11:01:00;197;Acidente sem Vítima;230;BR-101/ES;Norte;Colisão Traseira;1;2;0;0;0;0;1
05/04/2014;08:38:00;155;Acidente sem Vítima;261;BR-101/ES;Sul;Engavetamento;1;3;0;0;0;0;1
05/04/2014;08:49:00;157;Acidente sem Vítima;266;BR-101/ES;Sul;Colisão Traseira;1;2;0;0;0;0;1
05/04/2014;14:07:00;270;Acidente sem Vítima;268;BR-101/ES;Sul;Colisão Traseira;1;3;0;0;0;0;1
05/04/2014;06:18:00;117;Acidente com Morte;423;BR-101/ES;Norte;Colisão Frontal;1;1;0;0;0;3;3
06/04/2014;15:52:00;293;Acidente sem Vítima;269;BR-101/ES;Norte;Colisão Lateral;2;2;0;0;0;0;1
06/04/2014;11:40:00;229;Acidente sem Vítima;305;BR-101/ES;Sul;Colisão Lateral;1;2;0;0;0;0;1
06/04/2014;14:20:00;277;Acidente com vítima;327,5;BR-101/ES;Sul;Tombamento;1;1;1;0;0;0;1
06/04/2014;12:31:00;246;Acidente sem Vítima;393;BR-101/ES;Sul;Tombamento;3;1;0;0;0;0;1
07/04/2014;17:51:00;414;Acidente com vítima;239;BR-101/ES;Sul;Colisão Traseira;2;1;0;1;0;0;2
07/04/2014;14:44:00;364;Acidente com vítima;261;BR-101/ES;Sul;Colisão Frontal;1;2;0;0;1;0;2
08/04/2014;14:48:00;352;Acidente com vítima;329,9;BR-101/ES;Sul;Colisão Lateral;1;1;1;0;0;0;1
08/04/2014;21:26:00;473;Acidente sem Vítima;448;BR-101/ES;Sul;Colisão Traseira;5;3;0;0;0;0;1
09/04/2014;20:41:00;470;Acidente sem Vítima;205,8;BR-101/ES;Sul;Abalroamento - Sentido Oposto;3;4;0;0;0;0;1
09/04/2014;15:45:00;372;Acidente sem Vítima;270;BR-101/ES;Norte;Engavetamento;2;3;0;0;0;0;1
09/04/2014;12:07:00;293;Acidente com vítima;385;BR-101/ES;Norte;Saída de Pista;1;0;1;0;0;0;1
11/04/2014;15:29:00;328;Acidente com vítima;160;BR-101/ES;Sul;Engavetamento;4;4;1;0;0;0;1
11/04/2014;23:33:00;535;Acidente sem Vítima;171;BR-101/ES;Norte;Choque;2;1;0;0;0;0;1
11/04/2014;15:09:00;316;Acidente sem Vítima;268;BR-101/ES;Norte;Colisão Lateral;1;2;0;0;0;0;1
12/04/2014;09:02:00;208;Acidente com vítima;132;BR-101/ES;Norte;Colisão Frontal;1;1;2;0;0;0;1
12/04/2014;19:40:00;488;Acidente com Morte;176;BR-101/ES;Sul;Colisão Frontal;4;1;0;0;0;1;3
12/04/2014;06:44:00;143;Acidente com vítima;368;BR-101/ES;Sul;Abalroamento - Sentido Oposto;1;1;1;0;0;0;1
12/04/2014;13:38:00;341;Acidente sem Vítima;946,2;BR-101/BA;Norte;Choque com Objeto Fixo;1;1;0;0;0;0;1
13/04/2014;08:14:00;154;Acidente sem Vítima;262;BR-101/ES;Norte;Colisão Lateral;1;2;0;0;0;0;1
15/04/2014;08:54:00;199;Acidente sem Vítima;61;BR-101/ES;Norte;Colisão Traseira;1;2;0;0;0;0;1
15/04/2014;08:46:00;191;Acidente sem Vítima;148;BR-101/ES;Sul;Colisão Lateral;1;2;0;0;0;0;1
15/04/2014;10:18:00;251;Acidente sem Vítima;149;BR-101/ES;Norte;Colisão Traseira;2;3;0;0;0;0;1
15/04/2014;14:28:00;355;Acidente sem Vítima;254,5;BR-101/ES;Sul;Saída de Pista;1;1;0;0;0;0;1
15/04/2014;19:40:00;471;Acidente sem Vítima;267;BR-101/ES;Sul;Colisão Lateral;1;2;0;0;0;0;1
15/04/2014;12:59:00;319;Acidente sem Vítima;317;BR-101/ES;Norte;Saída de Pista;1;1;0;0;0;0;1
15/04/2014;08:46:00;192;Acidente sem Vítima;374;BR-101/ES;Sul;Engavetamento;3;0;0;0;0;0;1
15/04/2014;07:45:00;145;Acidente sem Vítima;450;BR-101/ES;Sul;Colisão Lateral;2;2;0;0;0;0;1
15/04/2014;08:23:00;180;Acidente com vítima;458;BR-101/ES;Norte;Colisão Lateral;2;1;1;0;0;0;1
16/04/2014;14:43:00;390;Acidente sem Vítima;171,2;BR-101/ES;Sul;Choque com Objeto Fixo;2;0;0;0;0;0;1
16/04/2014;08:03:00;183;Acidente sem Vítima;202;BR-101/ES;Norte;Colisão Traseira;1;2;0;0;0;0;1
16/04/2014;04:57:00;108;Acidente sem Vítima;268;BR-101/ES;Norte;Colisão Lateral;1;5;0;0;0;0;1
16/04/2014;06:01:00;134;Acidente sem Vítima;270;BR-101/ES;Norte;Colisão Lateral;2;2;0;0;0;0;1
16/04/2014;07:01:00;152;Acidente com vítima;299;BR-101/ES;Norte;Engavetamento;1;3;1;0;0;0;1
16/04/2014;19:09:00;468;Acidente sem Vítima;378;BR-101/ES;Sul;Colisão Lateral;1;4;0;0;0;0;1
17/04/2014;17:19:00;393;Acidente com vítima;69;BR-101/ES;Norte;Engavetamento;1;12;3;0;0;0;1
17/04/2014;13:23:00;316;Acidente sem Vítima;141;BR-101/ES;Sul;Colisão Traseira;1;3;0;0;0;0;1
17/04/2014;20:08:00;439;Atropelamento com Morte;142;BR-101/ES;Norte;Atropelamento;2;1;0;0;0;1;3
17/04/2014;08:00:00;188;Acidente sem Vítima;233;BR-101/ES;Norte;Colisão Frontal;1;3;0;0;0;0;1
17/04/2014;17:38:00;399;Acidente com Morte;249;BR-101/ES;Norte;Colisão Frontal;2;2;0;2;0;3;3
17/04/2014;09:22:00;244;Acidente sem Vítima;264,8;BR-101/ES;Norte;Colisão Traseira;1;2;0;0;0;0;1
17/04/2014;12:22:00;304;Acidente sem Vítima;271;BR-101/ES;Sul;Colisão Traseira;1;2;0;0;0;0;1
17/04/2014;07:31:00;168;Acidente sem Vítima;297,1;BR-101/ES;Sul;Colisão Traseira;1;2;0;0;0;0;1
17/04/2014;05:38:00;133;Acidente sem Vítima;300,5;BR-101/ES;Sul;Colisão Lateral;1;3;0;0;0;0;1
17/04/2014;00:30:00;22;Acidente sem Vítima;383;BR-101/ES;Norte;Atropelamento - Bovino;1;0;0;0;0;0;1
17/04/2014;11:01:00;266;Acidente sem Vítima;400;BR-101/ES;Norte;Saída de Pista;1;2;0;0;0;0;1
18/04/2014;02:01:00;23;Acidente sem Vítima;98;BR-101/ES;Norte;Atropelamento - Animal;1;0;0;0;0;0;1
18/04/2014;13:48:00;315;Acidente com vítima;130;BR-101/ES;Sul;Colisão Traseira;3;2;0;1;0;0;2
18/04/2014;20:50:00;488;Acidente com vítima;176;BR-101/ES;Norte;Colisão Frontal;1;1;0;1;0;0;2
18/04/2014;03:38:00;56;Acidente com vítima;948;BR-101/BA;Norte;Colisão Traseira;1;0;3;2;0;0;2
21/04/2014;21:37:00;443;Acidente sem Vítima;40;BR-101/ES;Sul;Abalroamento - Mesmo Sentido;1;2;0;0;0;0;1
21/04/2014;11:26:00;205;Acidente sem Vítima;211;BR-101/ES;Norte;Engavetamento;1;14;0;0;0;0;1
21/04/2014;15:35:00;298;Acidente sem Vítima;240;BR-101/ES;Sul;Saída de Pista;2;2;0;0;0;0;1
21/04/2014;18:32:00;349;Acidente sem Vítima;269;BR-101/ES;Sul;Abalroamento - Mesmo Sentido;2;2;0;0;0;0;1
21/04/2014;16:41:00;316;Acidente sem Vítima;270;BR-101/ES;Norte;Colisão Lateral;2;4;0;0;0;0;1
21/04/2014;20:28:00;412;Acidente com vítima;298;BR-101/ES;Norte;Abalroamento - Mesmo Sentido;2;2;1;0;0;0;1
22/04/2014;15:49:00;390;Acidente sem Vítima;253;BR-101/ES;Sul;Colisão Traseira;3;3;0;0;0;0;1
22/04/2014;12:04:00;280;Acidente sem Vítima;266;BR-101/ES;Norte;Colisão Lateral;1;2;0;0;0;0;1
22/04/2014;12:55:00;304;Acidente sem Vítima;401;BR-101/ES;Sul;Colisão Traseira;2;2;0;0;0;0;1
23/04/2014;13:59:00;325;Acidente sem Vítima;270;BR-101/ES;Norte;Colisão Lateral;1;2;0;0;0;0;1
23/04/2014;04:10:00;91;Acidente sem Vítima;302;BR-101/ES;Sul;Tombamento;2;1;0;0;0;0;1
23/04/2014;16:24:00;364;Acidente sem Vítima;354;BR-101/ES;Sul;Colisão Traseira;2;2;0;0;0;0;1
24/04/2014;18:16:00;428;Acidente sem Vítima;219;BR-101/ES;Norte;Colisão Traseira;3;3;0;0;0;0;1
24/04/2014;19:00:00;448;Acidente sem Vítima;315;BR-101/ES;Sul;Colisão Traseira;1;4;0;0;0;0;1
25/04/2014;15:40:00;347;Acidente sem Vítima;269;BR-101/ES;Norte;Abalroamento - Mesmo Sentido;1;2;0;0;0;0;1
25/04/2014;04:14:00;66;Acidente sem Vítima;270;BR-101/ES;Norte;Colisão Lateral;2;2;0;0;0;0;1
25/04/2014;07:13:00;110;Acidente sem Vítima;321;BR-101/ES;Norte;Colisão Traseira;2;2;0;0;0;0;1
26/04/2014;10:10:00;178;Acidente sem Vítima;376;BR-101/ES;Sul;Colisão Lateral;1;2;0;0;0;0;1
27/04/2014;21:51:00;455;Acidente sem Vítima;43;BR-101/ES;Norte;Veículo em Chamas;2;1;0;0;0;0;1
27/04/2014;18:23:00;381;Acidente com vítima;146;BR-101/ES;Sul;Colisão Traseira;1;1;2;0;0;0;1
27/04/2014;13:02:00;265;Acidente com vítima;427;BR-101/ES;Norte;Saída de Pista;1;0;1;0;0;0;1
27/04/2014;13:21:00;272;Acidente com vítima;946;BR-101/BA;Norte;Colisão Lateral;3;1;2;0;0;0;1
28/04/2014;21:46:00;505;Acidente sem Vítima;66;BR-101/ES;Sul;Colisão Lateral;2;2;0;0;0;0;1
28/04/2014;13:29:00;325;Acidente com vítima;128;BR-101/ES;Norte;Colisão Lateral;1;2;1;0;0;0;1
28/04/2014;15:07:00;355;Acidente sem Vítima;221;BR-101/ES;Norte;Colisão Traseira;3;7;0;0;0;0;1
28/04/2014;10:00:00;222;Acidente sem Vítima;270;BR-101/ES;Norte;Colisão Lateral;1;2;0;0;0;0;1
28/04/2014;02:33:00;74;Acidente sem Vítima;396;BR-101/ES;Norte;Atropelamento - Equino;1;1;0;0;0;0;1
29/04/2014;10:22:00;196;Acidente sem Vítima;144;BR-101/ES;Sul;Colisão Traseira;1;2;0;0;0;0;1
29/04/2014;23:23:00;460;Acidente sem Vítima;211,2;BR-101/ES;Norte;Saída de Pista;1;1;0;0;0;0;1
29/04/2014;14:42:00;287;Atropelamento sem Morte;267;BR-101/ES;Norte;Atropelamento;2;0;0;0;1;0;2
30/04/2014;21:38:00;436;Acidente sem Vítima;377;BR-101/ES;Sul;Choque com Veículo Estacionado;3;4;0;0;0;0;1
01/05/2014;19:02:00;420;Acidente sem Vítima;111;BR-101/ES;Norte;Colisão Traseira;1;2;0;0;0;0;1
01/05/2014;16:26:00;380;Acidente sem Vítima;235;BR-101/ES;Sul;Veículo em Chamas;1;0;0;0;0;0;1
01/05/2014;09:47:00;236;Acidente sem Vítima;393;BR-101/ES;Sul;Veículo em Chamas;1;1;0;0;0;0;1
02/05/2014;17:39:00;359;Acidente sem Vítima;17;BR-101/ES;Norte;Tombamento;1;1;0;0;0;0;1
02/05/2014;21:18:00;422;Acidente sem Vítima;119;BR-101/ES;Norte;Saída de Pista;1;2;0;0;0;0;1
02/05/2014;12:24:00;268;Acidente sem Vítima;233;BR-101/ES;Norte;Colisão Lateral;1;3;0;0;0;0;1
02/05/2014;16:35:00;348;Acidente sem Vítima;244;BR-101/ES;Sul;Colisão Traseira;3;2;0;0;0;0;1
02/05/2014;04:24:00;73;Acidente sem Vítima;264;BR-101/ES;Norte;Colisão Traseira;1;1;0;0;0;0;1
02/05/2014;14:45:00;323;Acidente sem Vítima;265,9;BR-101/ES;Sul;Colisão Traseira;1;2;0;0;0;0;1
02/05/2014;12:27:00;270;Acidente sem Vítima;269;BR-101/ES;Norte;Abalroamento - Mesmo Sentido;1;2;0;0;0;0;1
02/05/2014;20:07:00;403;Acidente com vítima;408;BR-101/ES;Norte;Tombamento;2;0;1;0;0;0;1
03/05/2014;04:35:00;80;Acidente sem Vítima;235;BR-101/ES;Norte;Veículo em Chamas;2;0;0;0;0;0;1