data;horario;n_da_ocorrencia;tipo_de_ocorrencia;km;trecho;sentido;tipo_de_acidente;caminhao;ilesos;levemente_feridos;moderadamente_feridos;gravemente_feridos;mortos;3
03/05/2014;09:04:00;167;Acidente sem Vítima;242;BR-101/ES;Sul;Colisão Lateral;1;2;0;0;0;0;1
03/05/2014;15:27:00;300;Acidente com vítima;260;BR-101/ES;Norte;Colisão Lateral;1;2;0;1;0;0;2
03/05/2014;01:26:00;41;Acidente sem Vítima;268;BR-101/ES;Sul;Abalroamento - Mesmo Sentido;1;1;0;0;0;0;1
03/05/2014;04:35:00;79;Acidente com vítima;362,5;BR-101/ES;Sul;Colisão Transversal;2;1;2;1;0;0;2
04/05/2014;16:51:00;294;Acidente sem Vítima;241;BR-101/ES;Sul;Abalroamento - Mesmo Sentido;2;2;0;0;0;0;1
04/05/2014;03:51:00;44;Acidente com Morte;266;BR-101/ES;Sul;Colisão Lateral;1;1;0;0;1;3;3
05/05/2014;14:51:00;262;Acidente com vítima;17;BR-101/ES;Norte;Tombamento;2;0;0;1;0;0;2
05/05/2014;19:52:00;361;Acidente sem Vítima;442,5;BR-101/ES;Sul;Colisão Frontal;2;2;0;0;0;0;1
06/05/2014;06:09:00;86;Acidente com vítima;180;BR-101/ES;Norte;Colisão Frontal;2;1;0;0;1;0;2
06/05/2014;11:19:00;209;Acidente sem Vítima;264;BR-101/ES;Norte;Colisão Lateral;2;2;0;0;0;0;1
06/05/2014;18:17:00;357;Acidente sem Vítima;268;BR-101/ES;Sul;Engavetamento;1;3;0;0;0;0;1
06/05/2014;10:48:00;193;Acidente sem Vítima;269;BR-101/ES;Norte;Colisão Traseira;1;2;0;0;0;0;1
06/05/2014;22:37:00;449;Acidente sem Vítima;269;BR-101/ES;Sul;Engavetamento;6;3;0;0;0;0;1
06/05/2014;15:03:00;288;Acidente com vítima;326;BR-101/ES;Sul;Tombamento;2;0;2;0;0;0;1
07/05/2014;12:40:00;233;Acidente com vítima;38;BR-101/ES;Norte;Colisão Lateral;2;0;0;2;0;0;2
07/05/2014;11:27:00;194;Acidente sem Vítima;266;BR-101/ES;Norte;Colisão Lateral;1;2;0;0;0;0;1
07/05/2014;07:50:00;104;Acidente com vítima;270;BR-101/ES;Norte;Colisão Transversal;1;3;1;0;0;0;1
07/05/2014;15:28:00;280;Acidente sem Vítima;360;BR-101/ES;Norte;Colisão Traseira;2;4;0;0;0;0;1
07/05/2014;07:46:00;101;Acidente com vítima;374;BR-101/ES;Sul;Colisão Frontal;1;1;1;0;1;0;2
08/05/2014;05:00:00;76;Acidente com vítima;90;BR-101/ES;Sul;Colisão Traseira;2;2;1;0;0;0;1
08/05/2014;16:29:00;307;Acidente sem Vítima;150;BR-101/ES;Sul;Colisão Traseira;1;4;0;0;0;0;1
08/05/2014;16:48:00;316;Acidente sem Vítima;268;BR-101/ES;Sul;Colisão Traseira;1;2;0;0;0;0;1
08/05/2014;08:17:00;104;Acidente sem Vítima;269;BR-101/ES;Sul;Abalroamento - Mesmo Sentido;1;2;0;0;0;0;1
08/05/2014;11:14:00;185;Acidente sem Vítima;297;BR-101/ES;Sul;Colisão Traseira;1;2;0;0;0;0;1
08/05/2014;22:04:00;437;Acidente com vítima;303;BR-101/ES;Norte;Choque com Objeto Fixo;2;0;1;0;0;0;1
08/05/2014;22:03:00;436;Acidente sem Vítima;343;BR-101/ES;Norte;Atropelamento - Bovino;2;1;0;0;0;0;1
08/05/2014;08:18:00;105;Acidente sem Vítima;360;BR-101/ES;Norte;Colisão Lateral;2;2;0;0;0;0;1
08/05/2014;10:08:00;151;Acidente com vítima;939;BR-101/BA;Norte;Colisão Lateral;1;2;1;0;0;0;1
09/05/2014;21:55:00;397;Acidente sem Vítima;74,8;BR-101/ES;Sul;Colisão Lateral;4;2;0;0;0;0;1
09/05/2014;18:17:00;322;Acidente com vítima;224;BR-101/ES;Norte;Colisão Traseira;1;2;2;0;0;0;1
09/05/2014;22:52:00;405;Acidente com vítima;260;BR-101/ES;Sul;Colisão Traseira;1;1;0;0;1;0;2
09/05/2014;15:06:00;286;Acidente sem Vítima;262;BR-101/ES;Norte;Engavetamento;2;4;0;0;0;0;1
09/05/2014;15:32:00;292;Acidente sem Vítima;262;BR-101/ES;Sul;Abalroamento - Mesmo Sentido;2;2;0;0;0;0;1
09/05/2014;18:18:00;323;Acidente sem Vítima;267;BR-101/ES;Norte;Colisão Traseira;1;2;0;0;0;0;1
09/05/2014;15:27:00;289;Acidente sem Vítima;268;BR-101/ES;Sul;Engavetamento;1;3;0;0;0;0;1
09/05/2014;19:23:00;343;Acidente com vítima;333,5;BR-101/ES;Norte;Saída de Pista;1;0;1;0;2;0;2
09/05/2014;21:47:00;394;Acidente sem Vítima;338,3;BR-101/ES;Sul;Engavetamento;3;5;0;0;0;0;1
10/05/2014;21:17:00;429;Acidente com vítima;268;BR-101/ES;Norte;Colisão Lateral;1;2;1;0;0;0;1
11/05/2014;09:40:00;155;Acidente sem Vítima;359;BR-101/ES;Sul;Saída de Pista;2;1;0;0;0;0;1
12/05/2014;15:57:00;324;Acidente com vítima;16;BR-101/ES;Norte;Colisão Lateral;1;1;1;0;0;0;1
12/05/2014;23:21:00;497;Acidente sem Vítima;127;BR-101/ES;Norte;Colisão Lateral;1;2;0;0;0;0;1
12/05/2014;08:36:00;136;Acidente sem Vítima;166;BR-101/ES;Norte;Colisão Lateral;1;8;0;0;0;0;1
12/05/2014;14:57:00;302;Acidente sem Vítima;209,3;BR-101/ES;Norte;Colisão Traseira;1;2;0;0;0;0;1
12/05/2014;18:35:00;392;Acidente sem Vítima;268;BR-101/ES;Sul;Colisão Lateral;2;2;0;0;0;0;1
12/05/2014;08:22:00;123;Acidente sem Vítima;299;BR-101/ES;Sul;Engavetamento;2;3;0;0;0;0;1
12/05/2014;22:23:00;489;Acidente sem Vítima;321;BR-101/ES;Sul;Choque com Objeto Fixo;2;0;0;0;0;0;1
13/05/2014;13:39:00;291;Acidente com vítima;266;BR-101/ES;Sul;Colisão Traseira;1;1;3;1;0;0;2
13/05/2014;22:59:00;510;Acidente sem Vítima;266;BR-101/ES;Sul;Colisão Traseira;3;2;0;0;0;0;1
13/05/2014;15:15:00;317;Acidente sem Vítima;268;BR-101/ES;Norte;Colisão Lateral;1;3;0;0;0;0;1
13/05/2014;15:52:00;330;Acidente sem Vítima;268;BR-101/ES;Norte;Colisão Lateral;2;2;0;0;0;0;1
13/05/2014;16:05:00;338;Acidente sem Vítima;268;BR-101/ES;Norte;Colisão Lateral;2;2;0;0;0;0;1
13/05/2014;10:28:00;191;Acidente sem Vítima;939,4;BR-101/BA;Norte;Colisão Lateral;1;2;0;0;0;0;1
14/05/2014;19:46:00;430;Acidente com vítima;136,9;BR-101/ES;Sul;Tombamento;1;0;1;0;0;0;1
14/05/2014;07:46:00;119;Acidente sem Vítima;175;BR-101/ES;Sul;Colisão Traseira;2;4;0;0;0;0;1
14/05/2014;09:34:00;171;Acidente sem Vítima;223;BR-101/ES;Norte;Colisão Lateral;1;2;0;0;0;0;1
14/05/2014;16:58:00;367;Acidente sem Vítima;257;BR-101/ES;Sul;Saída de Pista;2;1;0;0;0;0;1
14/05/2014;18:13:00;388;Acidente sem Vítima;270;BR-101/ES;Norte;Engavetamento;2;2;0;0;0;0;1
14/05/2014;11:04:00;212;Acidente sem Vítima;302;BR-101/ES;Norte;Colisão Traseira;2;2;0;0;0;0;1
14/05/2014;14:08:00;308;Acidente com vítima;313;BR-101/ES;Sul;Colisão Traseira;1;0;2;0;0;0;1
15/05/2014;23:09:00;420;Acidente sem Vítima;64;BR-101/ES;Norte;Colisão Frontal;2;2;0;0;0;0;1
15/05/2014;17:49:00;324;Acidente com vítima;139;BR-101/ES;Sul;Colisão Lateral;1;1;0;1;0;0;2
15/05/2014;19:41:00;357;Acidente com Morte;188;BR-101/ES;Norte;Colisão Lateral;1;2;0;1;0;1;3
15/05/2014;17:42:00;319;Acidente sem Vítima;264;BR-101/ES;Norte;Colisão Lateral;1;2;0;0;0;0;1
15/05/2014;20:07:00;368;Acidente sem Vítima;292;BR-101/ES;Sul;Colisão Lateral;1;2;0;0;0;0;1
15/05/2014;12:06:00;207;Atropelamento sem Morte;378;BR-101/ES;Sul;Atropelamento;1;1;1;0;0;0;1
16/05/2014;08:55:00;141;Acidente sem Vítima;129;BR-101/ES;Norte;Colisão Lateral;2;2;0;0;0;0;1
16/05/2014;17:18:00;353;Acidente sem Vítima;233;BR-101/ES;Norte;Colisão Lateral;3;6;0;0;0;0;1
16/05/2014;16:00:00;315;Acidente sem Vítima;247;BR-101/ES;Sul;Abalroamento - Sentido Oposto;2;3;0;0;0;0;1
16/05/2014;12:15:00;240;Acidente com vítima;248;BR-101/ES;Sul;Abalroamento - Mesmo Sentido;1;1;0;1;0;0;2
16/05/2014;21:28:00;435;Acidente sem Vítima;399;BR-101/ES;Sul;Colisão Lateral;1;7;0;0;0;0;1
16/05/2014;23:08:00;453;Acidente sem Vítima;451;BR-101/ES;Norte;Abalroamento - Sentido Oposto;4;2;0;0;0;0;1
17/05/2014;00:06:00;3;Acidente sem Vítima;217;BR-101/ES;Norte;Colisão Lateral;1;4;0;0;0;0;1
17/05/2014;12:00:00;220;Acidente com vítima;442;BR-101/ES;Norte;Colisão Transversal;1;0;0;2;0;0;2
18/05/2014;12:15:00;242;Acidente sem Vítima;1,2;BR-101/ES;Norte;Colisão Traseira;1;2;0;0;0;0;1
18/05/2014;17:58:00;346;Acidente com Morte;165;BR-101/ES;Norte;Colisão Frontal;1;2;0;2;0;2;3
18/05/2014;16:12:00;319;Acidente sem Vítima;440;BR-101/ES;Norte;Tombamento;2;1;0;0;0;0;1
19/05/2014;01:10:00;27;Acidente com vítima;135;BR-101/ES;Sul;Colisão Traseira;4;1;0;3;1;0;2
19/05/2014;09:11:00;158;Acidente sem Vítima;173;BR-101/ES;Norte;Engavetamento;1;2;0;0;0;0;1
19/05/2014;15:13:00;294;Acidente sem Vítima;270;BR-101/ES;Sul;Colisão Traseira;3;2;0;0;0;0;1
20/05/2014;07:10:00;94;Acidente com vítima;218;BR-101/ES;Norte;Colisão Traseira;1;2;2;0;0;0;1
20/05/2014;07:08:00;93;Acidente sem Vítima;237;BR-101/ES;Norte;Veículo em Chamas;2;0;0;0;0;0;1
20/05/2014;11:11:00;223;Acidente sem Vítima;388;BR-101/ES;Norte;Tombamento;1;1;0;0;0;0;1
20/05/2014;19:19:00;395;Acidente sem Vítima;388;BR-101/ES;Norte;Tombamento;1;1;0;0;0;0;1
21/05/2014;16:39:00;432;Acidente com vítima;94;BR-101/ES;Sul;Colisão Lateral;3;2;1;0;0;0;1
21/05/2014;13:56:00;376;Acidente sem Vítima;193,5;BR-101/ES;Norte;Veículo em Chamas;1;0;0;0;0;0;1
21/05/2014;18:15:00;458;Acidente sem Vítima;290;BR-101/ES;Norte;Colisão Lateral;1;5;0;0;0;0;1
22/05/2014;10:11:00;203;Acidente com vítima;265;BR-101/ES;Sul;Colisão Lateral;1;0;1;0;0;0;1
22/05/2014;14:38:00;335;Acidente com vítima;269;BR-101/ES;Sul;Colisão Lateral;1;2;0;1;0;0;2
22/05/2014;23:33:00;519;Acidente sem Vítima;269;BR-101/ES;Sul;Abalroamento - Mesmo Sentido;1;3;0;0;0;0;1
22/05/2014;18:20:00;414;Acidente sem Vítima;277;BR-101/ES;Sul;Colisão Lateral;1;2;0;0;0;0;1
22/05/2014;18:41:00;424;Acidente sem Vítima;277,6;BR-101/ES;Sul;Colisão Traseira;1;4;0;0;0;0;1
22/05/2014;15:44:00;354;Acidente sem Vítima;279;BR-101/ES;Sul;Colisão Transversal;4;2;0;0;0;0;1
22/05/2014;06:54:00;98;Acidente sem Vítima;302;BR-101/ES;Norte;Choque com Objeto Fixo;1;1;0;0;0;0;1
22/05/2014;09:25:00;182;Acidente sem Vítima;341,2;BR-101/ES;Norte;Saída de Pista;2;1;0;0;0;0;1
23/05/2014;22:17:00;443;Acidente com vítima;65;BR-101/ES;Sul;Colisão Traseira;1;3;3;0;0;0;1
23/05/2014;08:55:00;147;Acidente com vítima;66;BR-101/ES;Norte;Colisão Lateral;1;3;0;0;1;0;2
23/05/2014;19:46:00;388;Acidente com vítima;150;BR-101/ES;Sul;Colisão Traseira;1;0;1;0;0;0;1
23/05/2014;18:40:00;368;Acidente sem Vítima;203;BR-101/ES;Norte;Tombamento;1;1;0;0;0;0;1
23/05/2014;06:28:00;110;Acidente sem Vítima;376;BR-101/ES;Sul;Saída de Pista;1;1;0;0;0;0;1
23/05/2014;06:21:00;109;Acidente sem Vítima;388;BR-101/ES;Sul;Tombamento;1;3;0;0;0;0;1
23/05/2014;15:11:00;276;Acidente sem Vítima;445;BR-101/ES;Norte;Choque;2;2;0;0;0;0;1
24/05/2014;16:01:00;279;Acidente com vítima;3;BR-101/ES;Sul;Abalroamento - Mesmo Sentido;3;1;0;1;0;0;2
24/05/2014;04:35:00;58;Acidente com vítima;110;BR-101/ES;Sul;Engavetamento;6;2;1;0;1;0;2
24/05/2014;16:08:00;283;Acidente com vítima;145;BR-101/ES;Norte;Colisão Lateral;3;2;1;0;0;0;1
24/05/2014;10:48:00;159;Acidente sem Vítima;211;BR-101/ES;Sul;Colisão Frontal;2;2;0;0;0;0;1
24/05/2014;12:53:00;218;Acidente sem Vítima;267;BR-101/ES;Sul;Colisão Lateral;1;2;0;0;0;0;1
24/05/2014;11:47:00;196;Acidente sem Vítima;270;BR-101/ES;Sul;Abalroamento - Mesmo Sentido;1;2;0;0;0;0;1
24/05/2014;01:26:00;17;Acidente com vítima;292;BR-101/ES;Norte;Colisão Traseira;2;1;0;1;0;0;2
24/05/2014;19:15:00;342;Acidente com Morte;366;BR-101/ES;Norte;Colisão Frontal;1;2;0;0;0;1;3
24/05/2014;17:04:00;300;Acidente sem Vítima;401;BR-101/ES;Norte;Saída de Pista;2;1;0;0;0;0;1
24/05/2014;10:14:00;145;Acidente sem Vítima;421;BR-101/ES;Norte;Saída de Pista;1;2;0;0;0;0;1
24/05/2014;06:37:00;84;Acidente com vítima;427;BR-101/ES;Norte;Tombamento;1;1;0;1;0;0;2
26/05/2014;07:52:00;131;Acidente sem Vítima;263;BR-101/ES;Norte;Colisão Traseira;1;2;0;0;0;0;1
26/05/2014;02:31:00;34;Acidente sem Vítima;304;BR-101/ES;Sul;Tombamento;2;1;0;0;0;0;1
26/05/2014;07:40:00;122;Acidente sem Vítima;323;BR-101/ES;Norte;Colisão Traseira;2;0;0;0;0;0;1
26/05/2014;08:04:00;136;Acidente sem Vítima;325;BR-101/ES;Norte;Colisão Traseira;4;2;0;0;0;0;1
26/05/2014;15:36:00;333;Acidente sem Vítima;373;BR-101/ES;Sul;Colisão Traseira;2;2;0;0;0;0;1
27/05/2014;16:46:00;367;Acidente com vítima;138,6;BR-101/ES;Norte;Abalroamento - Mesmo Sentido;2;1;1;0;0;0;1
27/05/2014;09:18:00;196;Acidente sem Vítima;241;BR-101/ES;Sul;Colisão Traseira;2;3;0;0;0;0;1
27/05/2014;13:11:00;295;Acidente sem Vítima;242;BR-101/ES;Sul;Colisão Lateral;2;5;0;0;0;0;1
27/05/2014;07:21:00;128;Acidente sem Vítima;270;BR-101/ES;Sul;Colisão Traseira;2;2;0;0;0;0;1
27/05/2014;13:38:00;307;Acidente sem Vítima;297;BR-101/ES;Norte;Tombamento;1;1;0;0;0;0;1
27/05/2014;07:13:00;121;Acidente sem Vítima;438;BR-101/ES;Sul;Saída de Pista;1;3;0;0;0;0;1
27/05/2014;12:21:00;273;Acidente sem Vítima;953,6;BR-101/BA;Norte;Colisão Traseira;2;1;0;0;0;0;1
28/05/2014;10:50:00;205;Acidente sem Vítima;175;BR-101/ES;Sul;Engavetamento;1;3;0;0;0;0;1
28/05/2014;19:02:00;425;Acidente sem Vítima;260;BR-101/ES;Sul;Colisão Traseira;1;2;0;0;0;0;1
28/05/2014;12:18:00;267;Acidente sem Vítima;266;BR-101/ES;Sul;Colisão Lateral;2;2;0;0;0;0;1
28/05/2014;16:05:00;363;Acidente com vítima;267;BR-101/ES;Norte;Choque com Veículo Estacionado;1;1;0;1;0;0;2
28/05/2014;07:37:00;106;Acidente sem Vítima;291;BR-101/ES;Norte;Colisão Traseira;2;2;0;0;0;0;1
28/05/2014;20:12:00;461;Acidente com vítima;355;BR-101/ES;Sul;Tombamento;1;0;1;0;0;0;1
28/05/2014;19:22:00;433;Acidente com vítima;399;BR-101/ES;Norte;Colisão Lateral;2;2;1;0;0;0;1
29/05/2014;09:04:00;174;Acidente sem Vítima;61;BR-101/ES;Sul;Colisão Traseira;1;2;0;0;0;0;1
29/05/2014;05:23:00;83;Acidente sem Vítima;146;BR-101/ES;Sul;Colisão Lateral;3;2;0;0;0;0;1
29/05/2014;16:19:00;380;Acidente sem Vítima;247;BR-101/ES;Norte;Colisão Lateral;5;2;0;0;0;0;1
29/05/2014;08:52:00;164;Acidente sem Vítima;264;BR-101/ES;Norte;Colisão Lateral;1;2;0;0;0;0;1
29/05/2014;17:34:00;411;Acidente com vítima;285;BR-101/ES;Sul;Colisão Traseira;1;1;1;0;0;0;1
29/05/2014;22:35:00;517;Acidente com vítima;443;BR-101/ES;Norte;Saída de Pista;2;0;1;0;0;0;1
30/05/2014;05:59:00;104;Acidente sem Vítima;125;BR-101/ES;Sul;Colisão Traseira;2;3;0;0;0;0;1
30/05/2014;00:15:00;5;Acidente sem Vítima;265;BR-101/ES;Norte;Colisão Traseira;1;3;0;0;0;0;1
30/05/2014;07:02:00;122;Acidente sem Vítima;269;BR-101/ES;Sul;Colisão Lateral;1;3;0;0;0;0;1
30/05/2014;23:38:00;535;Acidente com vítima;388;BR-101/ES;Norte;Tombamento;2;0;2;0;0;0;1
31/05/2014;17:20:00;351;Acidente sem Vítima;25;BR-101/ES;Norte;Abalroamento - Sentido Oposto;2;5;0;0;0;0;1
31/05/2014;04:40:00;74;Acidente sem Vítima;142;BR-101/ES;Norte;Saída de Pista;1;1;0;0;0;0;1
31/05/2014;16:29:00;337;Acidente sem Vítima;214;BR-101/ES;Sul;Abalroamento - Mesmo Sentido;1;4;0;0;0;0;1
31/05/2014;11:26:00;194;Acidente com vítima;255;BR-101/ES;Norte;Colisão Lateral;1;2;1;0;0;0;1
31/05/2014;01:31:00;20;Acidente com vítima;408;BR-101/ES;Sul;Tombamento;1;0;1;0;0;0;1
01/06/2014;17:30:00;326;Acidente com Morte;939,4;BR-101/BA;Norte;Colisão Lateral;2;1;0;0;0;1;3
02/06/2014;06:48:00;90;Acidente sem Vítima;229;BR-101/ES;Norte;Colisão Lateral;1;7;0;0;0;0;1
02/06/2014;18:18:00;357;Acidente sem Vítima;265;BR-101/ES;Norte;Abalroamento - Mesmo Sentido;2;3;0;0;0;0;1
02/06/2014;12:59:00;249;Acidente sem Vítima;271;BR-101/ES;Sul;Choque com Objeto Fixo;1;0;0;0;0;0;1
02/06/2014;14:50:00;296;Acidente com vítima;274;BR-101/ES;Sul;Colisão Lateral;1;2;0;0;1;0;2
02/06/2014;21:34:00;424;Acidente com vítima;442;BR-101/ES;Norte;Colisão Frontal;1;0;1;0;0;0;1
03/06/2014;10:32:00;213;Acidente com vítima;132;BR-101/ES;Sul;Colisão Traseira;1;1;2;0;0;0;1
03/06/2014;11:27:00;245;Acidente sem Vítima;172;BR-101/ES;Norte;Colisão Traseira;2;2;0;0;0;0;1
03/06/2014;14:05:00;322;Acidente sem Vítima;214;BR-101/ES;Norte;Engavetamento;1;3;0;0;0;0;1
03/06/2014;07:49:00;113;Acidente sem Vítima;240;BR-101/ES;Norte;Saída de Pista;1;3;0;0;0;0;1
03/06/2014;17:38:00;394;Acidente sem Vítima;354;BR-101/ES;Norte;Colisão Lateral;3;4;0;0;0;0;1
04/06/2014;09:26:00;189;Acidente sem Vítima;91,2;BR-101/ES;Norte;Colisão Transversal;1;2;0;0;0;0;1
04/06/2014;08:16:00;141;Acidente sem Vítima;115;BR-101/ES;Norte;Colisão Lateral;1;2;0;0;0;0;1
04/06/2014;14:03:00;320;Acidente sem Vítima;171,7;BR-101/ES;Norte;Choque com Objeto Fixo;2;1;0;0;0;0;1
04/06/2014;16:14:00;373;Acidente com vítima;253;BR-101/ES;Norte;Colisão Lateral;2;2;1;0;0;0;1
04/06/2014;07:55:00;132;Acidente sem Vítima;269;BR-101/ES;Norte;Colisão Lateral;2;2;0;0;0;0;1
04/06/2014;06:54:00;99;Acidente sem Vítima;358;BR-101/ES;Sul;Colisão Traseira;2;3;0;0;0;0;1
04/06/2014;23:18:00;527;Acidente sem Vítima;384;BR-101/ES;Sul;Veículo em Chamas;2;0;0;0;0;0;1
05/06/2014;16:17:00;355;Acidente com vítima;238;BR-101/ES;Norte;Colisão Lateral;1;1;2;0;0;0;1
05/06/2014;20:23:00;437;Acidente sem Vítima;377;BR-101/ES;Norte;Engavetamento;1;4;0;0;0;0;1
05/06/2014;08:19:00;125;Acidente sem Vítima;946;BR-101/BA;Norte;Tombamento;2;1;0;0;0;0;1
06/06/2014;07:07:00;103;Acidente com vítima;15;BR-101/ES;Norte;Tombamento;1;0;1;0;0;0;1
06/06/2014;16:30:00;393;Acidente sem Vítima;86;BR-101/ES;Norte;Colisão Traseira;1;2;0;0;0;0;1
06/06/2014;12:46:00;295;Acidente sem Vítima;214;BR-101/ES;Norte;Colisão Traseira;1;2;0;0;0;0;1
06/06/2014;14:30:00;341;Acidente sem Vítima;229;BR-101/ES;Norte;Engavetamento;1;5;0;0;0;0;1
06/06/2014;20:15:00;465;Acidente sem Vítima;258;BR-101/ES;Sul;Colisão Lateral;3;1;0;0;0;0;1
06/06/2014;21:50:00;506;Acidente com vítima;270;BR-101/ES;Sul;Colisão Traseira;2;2;0;1;0;0;2
06/06/2014;00:36:00;9;Acidente sem Vítima;398;BR-101/ES;Norte;Colisão;2;2;0;0;0;0;1
07/06/2014;04:28:00;82;Acidente com Morte;133;BR-101/ES;Sul;Colisão Frontal;2;0;0;1;0;2;3
07/06/2014;01:05:00;26;Acidente com vítima;135;BR-101/ES;Norte;Colisão Lateral;3;1;1;1;0;0;2
07/06/2014;11:56:00;263;Acidente sem Vítima;145;BR-101/ES;Sul;Colisão Traseira;1;2;0;0;0;0;1
07/06/2014;10:40:00;228;Acidente sem Vítima;229,5;BR-101/ES;Norte;Colisão Traseira;1;1;0;0;0;0;1
07/06/2014;13:50:00;321;Acidente com Morte;238;BR-101/ES;Norte;Colisão Lateral;1;1;0;0;0;2;3
07/06/2014;04:24:00;81;Acidente sem Vítima;372,3;BR-101/ES;Norte;Choque com Veículo Estacionado;1;2;0;0;0;0;1
08/06/2014;22:20:00;459;Acidente sem Vítima;261;BR-101/ES;Sul;Colisão Traseira;1;3;0;0;0;0;1
09/06/2014;18:24:00;355;Acidente sem Vítima;268;BR-101/ES;Sul;Engavetamento;6;3;0;0;0;0;1
09/06/2014;16:04:00;311;Acidente sem Vítima;325;BR-101/ES;Norte;Colisão Traseira;2;2;0;0;0;0;1
09/06/2014;18:44:00;364;Acidente com Morte;458;BR-101/ES;Norte;Saída de Pista;2;1;0;0;0;2;3
10/06/2014;22:02:00;458;Acidente com vítima;163;BR-101/ES;Norte;Saída de Pista;2;0;1;0;0;0;1
10/06/2014;06:20:00;106;Acidente sem Vítima;175;BR-101/ES;Norte;Saída de Pista;3;1;0;0;0;0;1
10/06/2014;08:28:00;157;Acidente sem Vítima;298;BR-101/ES;Norte;Colisão Lateral;1;2;0;0;0;0;1
10/06/2014;03:30:00;54;Acidente sem Vítima;369;BR-101/ES;Sul;Abalroamento - Sentido Oposto;1;2;0;0;0;0;1
10/06/2014;14:36:00;337;Acidente sem Vítima;423;BR-101/ES;Norte;Saída de Pista;1;1;0;0;0;0;1
10/06/2014;16:17:00;355;Acidente com Morte;440;BR-101/ES;Norte;Colisão Frontal;1;3;0;0;0;3;3
11/06/2014;16:54:00;309;Acidente com Morte;29,9;BR-101/ES;Norte;Colisão Traseira;4;5;9;0;27;11;3
11/06/2014;18:31:00;338;Acidente sem Vítima;64;BR-101/ES;Norte;Colisão Lateral;1;3;0;0;0;0;1
11/06/2014;13:22:00;244;Acidente sem Vítima;171;BR-101/ES;Norte;Choque com Objeto Fixo;2;1;0;0;0;0;1
11/06/2014;06:53:00;83;Acidente sem Vítima;268;BR-101/ES;Sul;Colisão Lateral;1;2;0;0;0;0;1
11/06/2014;09:48:00;157;Acidente com vítima;277;BR-101/ES;Sul;Colisão Traseira;2;1;0;2;0;0;2
11/06/2014;23:30:00;436;Acidente sem Vítima;310;BR-101/ES;Norte;Colisão;2;1;0;0;0;0;1
11/06/2014;04:52:00;66;Acidente sem Vítima;359;BR-101/ES;Sul;Saída de Pista;1;1;0;0;0;0;1
11/06/2014;05:25:00;71;Acidente sem Vítima;374;BR-101/ES;Norte;Colisão Lateral;2;1;0;0;0;0;1
11/06/2014;10:03:00;162;Acidente sem Vítima;375;BR-101/ES;Norte;Saída de Pista;1;1;0;0;0;0;1
11/06/2014;11:07:00;180;Acidente sem Vítima;400;BR-101/ES;Sul;Saída de Pista;1;2;0;0;0;0;1
12/06/2014;06:21:00;97;Acidente sem Vítima;266;BR-101/ES;Norte;Engavetamento;2;4;0;0;0;0;1
12/06/2014;10:52:00;184;Acidente com vítima;269;BR-101/ES;Sul;Colisão Traseira;1;1;1;0;0;0;1
12/06/2014;06:28:00;100;Acidente sem Vítima;300;BR-101/ES;Norte;Saída de Pista;1;1;0;0;0;0;1
12/06/2014;04:41:00;75;Acidente sem Vítima;385;BR-101/ES;Sul;Tombamento;1;1;0;0;0;0;1
13/06/2014;15:13:00;289;Acidente com vítima;209;BR-101/ES;Norte;Colisão Lateral;2;2;1;0;0;0;1
13/06/2014;11:46:00;215;Acidente com vítima;213;BR-101/ES;Sul;Saída de Pista;1;2;1;0;0;0;1
13/06/2014;18:15:00;330;Acidente sem Vítima;264;BR-101/ES;Sul;Engavetamento;2;4;0;0;0;0;1
13/06/2014;09:13:00;151;Acidente sem Vítima;265;BR-101/ES;Sul;Colisão Traseira;1;2;0;0;0;0;1
13/06/2014;19:41:00;355;Acidente sem Vítima;291;BR-101/ES;Sul;Colisão Traseira;1;3;0;0;0;0;1
13/06/2014;12:00:00;222;Acidente sem Vítima;295;BR-101/ES;Norte;Tombamento;1;1;0;0;0;0;1
13/06/2014;08:23:00;129;Acidente sem Vítima;297;BR-101/ES;Sul;Colisão Lateral;1;2;0;0;0;0;1
13/06/2014;20:58:00;396;Acidente sem Vítima;301;BR-101/ES;Sul;Colisão Traseira;2;2;0;0;0;0;1
13/06/2014;15:31:00;297;Acidente sem Vítima;375;BR-101/ES;Norte;Colisão Lateral;3;3;0;0;0;0;1
13/06/2014;09:28:00;160;Acidente sem Vítima;398;BR-101/ES;Sul;Colisão Traseira;2;2;0;0;0;0;1
13/06/2014;16:23:00;305;Acidente com Morte;440,5;BR-101/ES;Sul;Colisão Frontal;1;0;1;0;0;2;3
14/06/2014;00:30:00;4;Acidente com vítima;66;BR-101/ES;Norte;Colisão Lateral;1;2;2;0;0;0;1
14/06/2014;14:52:00;310;Acidente sem Vítima;78;BR-101/ES;Norte;Colisão Traseira;3;5;0;0;0;0;1
14/06/2014;13:12:00;275;Acidente sem Vítima;137;BR-101/ES;Norte;Colisão Traseira;1;2;0;0;0;0;1
14/06/2014;10:54:00;199;Acidente sem Vítima;291;BR-101/ES;Sul;Colisão Lateral;1;3;0;0;0;0;1
14/06/2014;08:19:00;125;Acidente com vítima;350,5;BR-101/ES;Norte;Colisão Traseira;1;1;2;0;0;0;1