data;horario;n_da_ocorrencia;tipo_de_ocorrencia;km;trecho;sentido;tipo_de_acidente;caminhao;ilesos;levemente_feridos;moderadamente_feridos;gravemente_feridos;mortos;3
27/10/2014;10:41:00;128;Acidente sem Vítima;408;BR-101/ES;Sul;Tombamento;2;1;0;0;0;0;1
27/10/2014;17:59:00;274;Acidente sem Vítima;450;BR-101/ES;Sul;Queda de Moto;1;2;0;0;0;0;1
28/10/2014;14:07:00;213;Acidente com vítima;211;BR-101/ES;Norte;Colisão Lateral;2;4;1;0;0;0;1
28/10/2014;09:25:00;96;Acidente sem Vítima;242;BR-101/ES;Sul;Colisão Traseira;1;3;0;0;0;0;1
28/10/2014;13:31:00;197;Acidente sem Vítima;274;BR-101/ES;Norte;Engavetamento;5;5;0;0;0;0;1
28/10/2014;08:21:00;82;Acidente sem Vítima;291,3;BR-101/ES;Norte;Colisão Transversal;1;3;0;0;0;0;1
28/10/2014;12:35:00;171;Acidente com Morte;360,9;BR-101/ES;Norte;Choque;5;2;0;0;0;1;3
29/10/2014;11:39:00;170;Acidente sem Vítima;144;BR-101/ES;Norte;Colisão Traseira;4;2;0;0;0;0;1
29/10/2014;09:04:00;109;Acidente sem Vítima;147,3;BR-101/ES;Norte;Colisão Traseira;1;3;0;0;0;0;1
29/10/2014;18:31:00;310;Acidente sem Vítima;173;BR-101/ES;Norte;Colisão Transversal;4;4;0;0;0;0;1
29/10/2014;05:33:00;50;Acidente sem Vítima;206;BR-101/ES;Sul;Saída de Pista;1;1;0;0;0;0;1
29/10/2014;12:07:00;183;Acidente sem Vítima;228;BR-101/ES;Sul;Colisão Traseira;1;1;0;0;0;0;1
29/10/2014;11:41:00;171;Acidente sem Vítima;266;BR-101/ES;Norte;Tombamento;2;1;0;0;0;0;1
29/10/2014;10:14:00;135;Acidente sem Vítima;267;BR-101/ES;Sul;Colisão Traseira;1;3;0;0;0;0;1
29/10/2014;07:15:00;72;Acidente sem Vítima;296;BR-101/ES;Sul;Colisão Lateral;1;2;0;0;0;0;1
29/10/2014;22:13:00;385;Acidente com vítima;298;BR-101/ES;Sul;Colisão Lateral;1;1;1;0;0;0;1
29/10/2014;16:31:00;265;Acidente com vítima;457;BR-101/ES;Norte;Colisão Transversal;1;1;1;0;0;0;1
30/10/2014;02:27:00;29;Acidente com vítima;23;BR-101/ES;Sul;Colisão Frontal;3;1;0;1;0;0;2
30/10/2014;00:15:00;5;Acidente com vítima;147;BR-101/ES;Norte;Queda de Moto;1;0;1;0;0;0;1
30/10/2014;23:25:00;339;Acidente sem Vítima;218;BR-101/ES;Sul;Saída de Pista;1;1;0;0;0;0;1
30/10/2014;17:17:00;252;Acidente com Morte;253;BR-101/ES;Norte;Colisão Lateral;1;1;1;0;0;2;3
31/10/2014;23:44:00;371;Acidente sem Vítima;214;BR-101/ES;Sul;Choque com Objeto Fixo;1;1;0;0;0;0;1
31/10/2014;08:28:00;94;Acidente sem Vítima;291;BR-101/ES;Sul;Engavetamento;2;3;0;0;0;0;1
31/10/2014;08:17:00;87;Acidente sem Vítima;303;BR-101/ES;Sul;Colisão Traseira;2;3;0;0;0;0;1
31/10/2014;12:03:00;171;Acidente sem Vítima;399;BR-101/ES;Norte;Abalroamento - Mesmo Sentido;5;2;0;0;0;0;1
01/11/2014;00:24:00;4;Acidente com vítima;265;BR-101/ES;Sul;Saída de Pista;1;2;1;1;0;0;2
01/11/2014;10:45:00;135;Acidente com vítima;326;BR-101/ES;Sul;Colisão Transversal;2;1;1;1;0;0;2
02/11/2014;16:32:00;212;Acidente sem Vítima;38;BR-101/ES;Norte;Choque com Objeto Fixo;1;2;0;0;0;0;1
02/11/2014;05:42:00;46;Acidente com vítima;299;BR-101/ES;Sul;Colisão Traseira;2;2;1;1;0;0;2
02/11/2014;06:07:00;48;Acidente com Morte;424;BR-101/ES;Norte;Colisão Frontal;1;1;0;0;0;2;3
03/11/2014;21:19:00;381;Acidente com vítima;12;BR-101/ES;Sul;Colisão Lateral;2;1;0;1;0;0;2
03/11/2014;08:55:00;102;Acidente sem Vítima;23;BR-101/ES;Sul;Engavetamento;4;7;0;0;0;0;1
03/11/2014;06:57:00;53;Acidente sem Vítima;255;BR-101/ES;Norte;Engavetamento;1;6;0;0;0;0;1
03/11/2014;21:13:00;380;Acidente sem Vítima;264;BR-101/ES;Norte;Colisão Traseira;2;2;0;0;0;0;1
03/11/2014;03:51:00;34;Acidente sem Vítima;269;BR-101/ES;Sul;Colisão Traseira;2;2;0;0;0;0;1
03/11/2014;08:35:00;96;Acidente com vítima;270;BR-101/ES;Norte;Colisão Lateral;2;1;1;0;0;0;1
03/11/2014;06:19:00;51;Acidente com vítima;374;BR-101/ES;Sul;Colisão Lateral;1;2;0;1;0;0;2
03/11/2014;07:11:00;57;Acidente com vítima;376;BR-101/ES;Norte;Colisão Transversal;3;1;1;0;0;0;1
05/11/2014;18:43:00;324;Acidente sem Vítima;19;BR-101/ES;Norte;Saída de Pista;1;2;0;0;0;0;1
05/11/2014;11:04:00;152;Acidente sem Vítima;144;BR-101/ES;Sul;Colisão Transversal;1;2;0;0;0;0;1
05/11/2014;17:32:00;301;Acidente sem Vítima;264;BR-101/ES;Norte;Colisão Lateral;1;2;0;0;0;0;1
05/11/2014;12:49:00;209;Acidente sem Vítima;269;BR-101/ES;Norte;Colisão Lateral;2;2;0;0;0;0;1
05/11/2014;18:14:00;319;Acidente sem Vítima;270;BR-101/ES;Norte;Colisão Lateral;1;2;0;0;0;0;1
05/11/2014;10:36:00;138;Acidente sem Vítima;298;BR-101/ES;Sul;Colisão Traseira;2;2;0;0;0;0;1
05/11/2014;19:03:00;329;Acidente com Morte;300;BR-101/ES;Sul;Colisão Traseira;2;1;0;0;1;2;3
05/11/2014;18:01:00;314;Acidente sem Vítima;304;BR-101/ES;Sul;Colisão Traseira;2;3;0;0;0;0;1
06/11/2014;21:10:00;370;Atropelamento sem Morte;66;BR-101/ES;Norte;Atropelamento;1;1;1;0;0;0;1
06/11/2014;05:34:00;53;Acidente sem Vítima;125;BR-101/ES;Norte;Colisão Traseira;1;4;0;0;0;0;1
06/11/2014;18:59:00;331;Acidente sem Vítima;147;BR-101/ES;Sul;Colisão Traseira;1;2;0;0;0;0;1
06/11/2014;16:01:00;269;Acidente sem Vítima;233;BR-101/ES;Norte;Colisão Lateral;3;3;0;0;0;0;1
06/11/2014;00:16:00;4;Acidente com vítima;266;BR-101/ES;Sul;Colisão Traseira;1;0;1;0;1;0;2
06/11/2014;11:00:00;156;Acidente sem Vítima;270;BR-101/ES;Norte;Colisão Lateral;3;2;0;0;0;0;1
06/11/2014;13:56:00;231;Acidente sem Vítima;285;BR-101/ES;Norte;Colisão Traseira;1;2;0;0;0;0;1
06/11/2014;23:55:00;409;Acidente sem Vítima;302;BR-101/ES;Sul;Colisão Lateral;1;3;0;0;0;0;1
06/11/2014;05:51:00;55;Acidente com vítima;318;BR-101/ES;Norte;Saída de Pista;1;0;1;0;0;0;1
07/11/2014;17:08:00;242;Acidente sem Vítima;127;BR-101/ES;Sul;Engavetamento;1;6;0;0;0;0;1
07/11/2014;14:03:00;200;Acidente sem Vítima;131;BR-101/ES;Norte;Choque com Objeto Fixo;1;2;0;0;0;0;1
07/11/2014;18:06:00;260;Acidente sem Vítima;270;BR-101/ES;Norte;Abalroamento - Mesmo Sentido;2;2;0;0;0;0;1
07/11/2014;18:09:00;263;Acidente sem Vítima;293;BR-101/ES;Sul;Colisão Lateral;1;3;0;0;0;0;1
07/11/2014;13:46:00;195;Acidente sem Vítima;299;BR-101/ES;Norte;Colisão Traseira;1;3;0;0;0;0;1
07/11/2014;07:55:00;71;Acidente com vítima;368,5;BR-101/ES;Sul;Colisão Lateral;2;1;1;0;0;0;1
07/11/2014;18:42:00;267;Acidente sem Vítima;388;BR-101/ES;Norte;Colisão Traseira;2;6;0;0;0;0;1
08/11/2014;15:01:00;217;Acidente com vítima;265;BR-101/ES;Norte;Colisão Lateral;1;0;1;0;0;0;1
08/11/2014;13:15:00;200;Acidente sem Vítima;296;BR-101/ES;Norte;Colisão Lateral;1;3;0;0;0;0;1
08/11/2014;19:00:00;283;Acidente sem Vítima;442;BR-101/ES;Norte;Veículo em Chamas;2;1;0;0;0;0;1
08/11/2014;04:20:00;49;Acidente com vítima;947,9;BR-101/BA;Sul;Colisão Traseira;1;1;0;0;1;0;2
09/11/2014;19:23:00;265;Acidente sem Vítima;147;BR-101/ES;Sul;Colisão Transversal;1;3;0;0;0;0;1
09/11/2014;12:39:00;174;Atropelamento sem Morte;206;BR-101/ES;Norte;Atropelamento;2;1;0;0;1;0;2
09/11/2014;12:24:00;167;Acidente sem Vítima;335;BR-101/ES;Sul;Tombamento;2;1;0;0;0;0;1
10/11/2014;06:07:00;42;Acidente sem Vítima;188;BR-101/ES;Sul;Colisão Lateral;7;3;0;0;0;0;1
10/11/2014;15:25:00;201;Acidente com Morte;215,6;BR-101/ES;Sul;Colisão Lateral;2;3;0;0;0;1;3
10/11/2014;00:04:00;1;Acidente com Morte;230,8;BR-101/ES;Norte;Colisão Frontal;2;4;0;1;0;2;3
10/11/2014;11:31:00;133;Acidente sem Vítima;241;BR-101/ES;Norte;Colisão Lateral;4;3;0;0;0;0;1
10/11/2014;16:34:00;213;Acidente sem Vítima;265;BR-101/ES;Norte;Tombamento;1;1;0;0;0;0;1
10/11/2014;12:47:00;165;Acidente com vítima;291;BR-101/ES;Sul;Colisão Traseira;2;1;0;1;0;0;2
11/11/2014;12:45:00;176;Acidente com vítima;37;BR-101/ES;Norte;Colisão Transversal;1;1;1;0;0;0;1
11/11/2014;16:54:00;236;Acidente com vítima;237;BR-101/ES;Norte;Tombamento;1;1;1;0;0;0;1
11/11/2014;16:21:00;227;Acidente sem Vítima;261;BR-101/ES;Sul;Colisão Traseira;2;2;0;0;0;0;1
11/11/2014;20:35:00;300;Acidente com Morte;268;BR-101/ES;Sul;Colisão Lateral;1;1;0;1;0;1;3
11/11/2014;11:15:00;146;Acidente com vítima;270;BR-101/ES;Sul;Colisão Transversal;2;3;1;0;0;0;1
11/11/2014;21:35:00;318;Acidente sem Vítima;277;BR-101/ES;Sul;Tombamento;1;1;0;0;0;0;1
12/11/2014;18:03:00;285;Acidente sem Vítima;69;BR-101/ES;Norte;Colisão Traseira;1;5;0;0;0;0;1
12/11/2014;07:49:00;81;Acidente com vítima;149;BR-101/ES;Sul;Queda de Moto;1;1;1;0;0;0;1
12/11/2014;09:37:00;124;Acidente sem Vítima;176;BR-101/ES;Sul;Colisão Traseira;1;4;0;0;0;0;1
12/11/2014;20:27:00;327;Acidente com vítima;269;BR-101/ES;Norte;Choque com Veículo Estacionado;1;1;1;0;0;0;1
12/11/2014;00:03:00;1;Acidente com vítima;318;BR-101/ES;Sul;Colisão Frontal;3;0;2;1;0;0;2
12/11/2014;10:09:00;136;Acidente sem Vítima;399;BR-101/ES;Norte;Colisão Traseira;3;2;0;0;0;0;1
12/11/2014;12:04:00;179;Acidente com vítima;413;BR-101/ES;Norte;Colisão Traseira;2;1;1;0;0;0;1
12/11/2014;13:39:00;211;Acidente com vítima;458;BR-101/ES;Norte;Tombamento;1;0;1;0;0;0;1
13/11/2014;18:04:00;301;Acidente com vítima;37;BR-101/ES;Sul;Saída de Pista;1;1;1;0;0;0;1
13/11/2014;09:22:00;123;Acidente sem Vítima;108;BR-101/ES;Norte;Veículo em Chamas;2;1;0;0;0;0;1
13/11/2014;11:59:00;191;Acidente sem Vítima;228;BR-101/ES;Sul;Saída de Pista;1;2;0;0;0;0;1
13/11/2014;20:35:00;340;Acidente sem Vítima;237;BR-101/ES;Sul;Choque;2;2;0;0;0;0;1
13/11/2014;18:13:00;304;Acidente sem Vítima;262;BR-101/ES;Norte;Colisão Traseira;1;3;0;0;0;0;1
13/11/2014;06:31:00;66;Acidente sem Vítima;266;BR-101/ES;Sul;Colisão Lateral;1;2;0;0;0;0;1
13/11/2014;23:09:00;368;Acidente sem Vítima;268;BR-101/ES;Sul;Engavetamento;1;5;0;0;0;0;1
13/11/2014;08:24:00;102;Acidente sem Vítima;270,5;BR-101/ES;Sul;Colisão Traseira;4;2;0;0;0;0;1
13/11/2014;16:14:00;276;Acidente com vítima;285;BR-101/ES;Sul;Colisão Traseira;1;3;1;0;0;0;1
13/11/2014;14:56:00;254;Acidente sem Vítima;287;BR-101/ES;Sul;Saída de Pista;4;4;0;0;0;0;1
13/11/2014;15:56:00;270;Acidente sem Vítima;329;BR-101/ES;Norte;Saída de Pista;1;2;0;0;0;0;1
13/11/2014;14:52:00;253;Acidente sem Vítima;337;BR-101/ES;Norte;Saída de Pista;1;1;0;0;0;0;1
13/11/2014;07:13:00;74;Acidente sem Vítima;349;BR-101/ES;Sul;Tombamento;2;1;0;0;0;0;1
13/11/2014;12:01:00;193;Acidente sem Vítima;366,2;BR-101/ES;Norte;Saída de Pista;2;1;0;0;0;0;1
13/11/2014;16:13:00;275;Acidente com vítima;438;BR-101/ES;Sul;Saída de Pista;1;0;4;0;0;0;1
13/11/2014;20:54:00;346;Acidente sem Vítima;448;BR-101/ES;Norte;Tombamento;1;1;0;0;0;0;1
13/11/2014;18:09:00;303;Acidente com vítima;460;BR-101/ES;Sul;Colisão Lateral;2;3;1;0;0;0;1
14/11/2014;09:38:00;91;Acidente sem Vítima;107;BR-101/ES;Sul;Colisão Traseira;1;4;0;0;0;0;1
14/11/2014;23:48:00;311;Acidente sem Vítima;266;BR-101/ES;Norte;Colisão Lateral;1;2;0;0;0;0;1
14/11/2014;18:33:00;240;Acidente sem Vítima;270;BR-101/ES;Sul;Colisão Traseira;1;2;0;0;0;0;1
14/11/2014;11:16:00;125;Acidente sem Vítima;282;BR-101/ES;Norte;Choque com Objeto Fixo;2;4;0;0;0;0;1
14/11/2014;07:41:00;66;Acidente sem Vítima;293;BR-101/ES;Norte;Colisão Traseira;1;2;0;0;0;0;1
14/11/2014;16:16:00;204;Acidente sem Vítima;394;BR-101/ES;Norte;Colisão Lateral;4;7;0;0;0;0;1
14/11/2014;08:24:00;75;Acidente com vítima;401;BR-101/ES;Norte;Colisão Transversal;5;0;3;1;0;0;2
14/11/2014;03:29:00;27;Acidente sem Vítima;444;BR-101/ES;Norte;Colisão Frontal;4;3;0;0;0;0;1
14/11/2014;21:10:00;286;Acidente sem Vítima;946,4;BR-101/BA;Norte;Colisão Lateral;3;2;0;0;0;0;1
15/11/2014;23:23:00;308;Acidente sem Vítima;269;BR-101/ES;Sul;Colisão Lateral;1;2;0;0;0;0;1
15/11/2014;11:30:00;155;Acidente sem Vítima;293;BR-101/ES;Norte;Colisão Traseira;1;2;0;0;0;0;1
15/11/2014;01:38:00;17;Acidente sem Vítima;337;BR-101/ES;Sul;Colisão Lateral;1;4;0;0;0;0;1
15/11/2014;09:37:00;106;Acidente sem Vítima;399;BR-101/ES;Sul;Colisão Traseira;6;2;0;0;0;0;1
15/11/2014;01:20:00;13;Acidente com Morte;401;BR-101/ES;Norte;Queda de Moto;2;1;0;0;0;1;3
17/11/2014;17:24:00;254;Acidente com vítima;154;BR-101/ES;Norte;Colisão Traseira;1;1;2;0;0;0;1
17/11/2014;16:26:00;235;Acidente sem Vítima;179;BR-101/ES;Norte;Abalroamento - Mesmo Sentido;10;3;0;0;0;0;1
17/11/2014;12:56:00;175;Acidente sem Vítima;252;BR-101/ES;Sul;Saída de Pista;1;2;0;0;0;0;1
17/11/2014;08:56:00;100;Acidente com vítima;269;BR-101/ES;Norte;Queda de Moto;1;1;2;0;0;0;1
17/11/2014;04:08:00;42;Acidente sem Vítima;352;BR-101/ES;Norte;Saída de Pista;1;1;0;0;0;0;1
17/11/2014;06:58:00;61;Acidente sem Vítima;399;BR-101/ES;Norte;Colisão Traseira;2;2;0;0;0;0;1
18/11/2014;10:53:00;147;Acidente com vítima;85,8;BR-101/ES;Sul;Colisão Traseira;1;1;2;0;0;0;1
18/11/2014;15:31:00;240;Acidente sem Vítima;150;BR-101/ES;Sul;Colisão Lateral;4;2;0;0;0;0;1
18/11/2014;10:18:00;139;Acidente sem Vítima;150,5;BR-101/ES;Sul;Choque com Objeto Fixo;2;1;0;0;0;0;1
18/11/2014;09:23:00;121;Acidente com vítima;205;BR-101/ES;Sul;Colisão Lateral;1;1;1;0;0;0;1
18/11/2014;13:56:00;219;Acidente sem Vítima;229;BR-101/ES;Norte;Colisão Lateral;2;4;0;0;0;0;1
18/11/2014;21:39:00;349;Acidente com vítima;263;BR-101/ES;Norte;Colisão Traseira;1;2;12;1;0;0;2
18/11/2014;15:57:00;244;Acidente sem Vítima;269;BR-101/ES;Norte;Colisão Traseira;2;2;0;0;0;0;1
18/11/2014;08:23:00;102;Acidente sem Vítima;291;BR-101/ES;Norte;Veículo em Chamas;4;1;0;0;0;0;1
18/11/2014;14:58:00;235;Acidente com vítima;301;BR-101/ES;Norte;Queda de Moto;1;1;0;1;0;0;2
18/11/2014;18:51:00;293;Acidente com vítima;324;BR-101/ES;Sul;Saída de Pista;1;0;1;0;0;0;1
18/11/2014;06:26:00;59;Acidente sem Vítima;336;BR-101/ES;Sul;Engavetamento;8;6;0;0;0;0;1
19/11/2014;07:52:00;70;Acidente sem Vítima;266;BR-101/ES;Norte;Colisão Lateral;2;2;0;0;0;0;1
19/11/2014;18:50:00;275;Acidente sem Vítima;270;BR-101/ES;Sul;Colisão Traseira;2;2;0;0;0;0;1
19/11/2014;08:12:00;81;Acidente sem Vítima;270,5;BR-101/ES;Sul;Colisão Lateral;2;3;0;0;0;0;1
19/11/2014;17:51:00;263;Acidente sem Vítima;296;BR-101/ES;Sul;Colisão Traseira;1;2;0;0;0;0;1
19/11/2014;05:11:00;45;Acidente sem Vítima;321;BR-101/ES;Sul;Colisão Traseira;4;2;0;0;0;0;1
20/11/2014;07:43:00;82;Acidente sem Vítima;13,6;BR-101/ES;Norte;Saída de Pista;2;1;0;0;0;0;1
20/11/2014;13:06:00;190;Acidente sem Vítima;61,5;BR-101/ES;Sul;Colisão Traseira;1;3;0;0;0;0;1
20/11/2014;08:59:00;99;Acidente sem Vítima;267;BR-101/ES;Sul;Colisão Lateral;1;2;0;0;0;0;1
20/11/2014;21:30:00;348;Acidente sem Vítima;270;BR-101/ES;Sul;Colisão Traseira;2;2;0;0;0;0;1
20/11/2014;05:50:00;62;Acidente sem Vítima;332;BR-101/ES;Sul;Colisão Lateral;2;2;0;0;0;0;1
21/11/2014;09:21:00;109;Acidente com vítima;17;BR-101/ES;Sul;Tombamento;3;1;0;1;0;0;2
21/11/2014;22:13:00;376;Acidente sem Vítima;149;BR-101/ES;Sul;Colisão Lateral;1;4;0;0;0;0;1
21/11/2014;02:09:00;16;Acidente sem Vítima;205;BR-101/ES;Norte;Veículo em Chamas;2;1;0;0;0;0;1
21/11/2014;17:59:00;287;Acidente sem Vítima;258,3;BR-101/ES;Sul;Colisão Lateral;1;4;0;0;0;0;1
21/11/2014;15:48:00;243;Acidente sem Vítima;264;BR-101/ES;Sul;Colisão Traseira;1;2;0;0;0;0;1
22/11/2014;08:13:00;103;Acidente sem Vítima;67;BR-101/ES;Sul;Choque com Objeto Fixo;1;1;0;0;0;0;1
22/11/2014;10:20:00;150;Acidente com vítima;363;BR-101/ES;Norte;Colisão Frontal;4;0;0;2;0;0;2
22/11/2014;09:35:00;133;Acidente com vítima;399;BR-101/ES;Sul;Colisão Traseira;2;2;1;0;0;0;1
23/11/2014;20:46:00;305;Acidente com vítima;219;BR-101/ES;Sul;Colisão Lateral;2;1;2;0;0;0;1
23/11/2014;00:08:00;1;Acidente sem Vítima;293;BR-101/ES;Norte;Colisão Lateral;1;2;0;0;0;0;1
24/11/2014;08:08:00;97;Acidente sem Vítima;198;BR-101/ES;Sul;Colisão Traseira;2;4;0;0;0;0;1
24/11/2014;15:06:00;202;Acidente sem Vítima;262;BR-101/ES;Norte;Colisão Frontal;1;2;0;0;0;0;1
24/11/2014;13:13:00;173;Acidente com Morte;271;BR-101/ES;Norte;Colisão;2;1;0;0;0;1;3
24/11/2014;14:34:00;194;Acidente com vítima;315;BR-101/ES;Sul;Colisão Lateral;1;1;0;1;0;0;2
24/11/2014;07:19:00;81;Acidente sem Vítima;363;BR-101/ES;Sul;Colisão Traseira;2;2;0;0;0;0;1
24/11/2014;08:13:00;99;Acidente sem Vítima;401;BR-101/ES;Sul;Saída de Pista;2;1;0;0;0;0;1
24/11/2014;18:19:00;261;Acidente sem Vítima;430;BR-101/ES;Norte;Saída de Pista;1;1;0;0;0;0;1
24/11/2014;09:38:00;108;Acidente sem Vítima;956;BR-101/BA;Norte;Saída de Pista;2;1;0;0;0;0;1
25/11/2014;18:14:00;302;Acidente sem Vítima;11;BR-101/ES;Norte;Colisão Lateral;1;2;0;0;0;0;1
25/11/2014;10:09:00;121;Acidente sem Vítima;32;BR-101/ES;Norte;Colisão Traseira;1;2;0;0;0;0;1
25/11/2014;15:46:00;255;Acidente com vítima;123;BR-101/ES;Sul;Colisão Traseira;1;1;1;0;0;0;1
25/11/2014;18:30:00;304;Acidente sem Vítima;144;BR-101/ES;Sul;Colisão Lateral;2;4;0;0;0;0;1
25/11/2014;11:13:00;144;Acidente sem Vítima;146;BR-101/ES;Norte;Colisão Traseira;1;2;0;0;0;0;1
25/11/2014;09:03:00;99;Acidente com vítima;170,5;BR-101/ES;Sul;Colisão Traseira;6;1;0;1;0;0;2
25/11/2014;09:32:00;111;Acidente sem Vítima;270;BR-101/ES;Norte;Engavetamento;1;6;0;0;0;0;1
25/11/2014;16:50:00;275;Acidente sem Vítima;271;BR-101/ES;Sul;Choque com Objeto Fixo;1;2;0;0;0;0;1
25/11/2014;20:02:00;332;Acidente sem Vítima;275;BR-101/ES;Norte;Veículo em Chamas;1;1;0;0;0;0;1
25/11/2014;03:55:00;35;Acidente sem Vítima;423;BR-101/ES;Norte;Tombamento;1;1;0;0;0;0;1
26/11/2014;06:30:00;72;Acidente com vítima;31;BR-101/ES;Sul;Colisão Transversal;2;1;1;0;0;0;1
26/11/2014;06:24:00;69;Acidente sem Vítima;127;BR-101/ES;Sul;Colisão Traseira;3;2;0;0;0;0;1
26/11/2014;15:11:00;241;Acidente sem Vítima;153;BR-101/ES;Norte;Colisão Traseira;2;2;0;0;0;0;1
26/11/2014;05:13:00;56;Acidente sem Vítima;321;BR-101/ES;Sul;Colisão Lateral;2;3;0;0;0;0;1
26/11/2014;07:15:00;84;Acidente sem Vítima;399;BR-101/ES;Norte;Colisão Traseira;4;2;0;0;0;0;1
27/11/2014;08:49:00;102;Acidente sem Vítima;31;BR-101/ES;Norte;Colisão Transversal;1;2;0;0;0;0;1
28/11/2014;19:05:00;313;Acidente sem Vítima;247;BR-101/ES;Sul;Engavetamento;3;3;0;0;0;0;1
28/11/2014;08:44:00;104;Acidente sem Vítima;266;BR-101/ES;Sul;Colisão Transversal;2;2;0;0;0;0;1
28/11/2014;20:25:00;338;Acidente sem Vítima;270;BR-101/ES;Sul;Abalroamento - Mesmo Sentido;3;2;0;0;0;0;1
28/11/2014;10:39:00;139;Acidente sem Vítima;288;BR-101/ES;Norte;Colisão Lateral;1;2;0;0;0;0;1
28/11/2014;08:21:00;98;Acidente sem Vítima;293;BR-101/ES;Norte;Colisão Lateral;2;2;0;0;0;0;1
28/11/2014;05:17:00;56;Acidente sem Vítima;313;BR-101/ES;Sul;Saída de Pista;2;1;0;0;0;0;1
28/11/2014;06:12:00;60;Acidente sem Vítima;369;BR-101/ES;Sul;Colisão Frontal;4;3;0;0;0;0;1
28/11/2014;18:11:00;301;Acidente sem Vítima;374;BR-101/ES;Norte;Colisão Lateral;3;3;0;0;0;0;1
29/11/2014;02:40:00;30;Acidente sem Vítima;1,2;BR-101/ES;Sul;Choque com Objeto Fixo;3;2;0;0;0;0;1
29/11/2014;12:58:00;187;Acidente sem Vítima;321;BR-101/ES;Sul;Colisão Traseira;3;2;0;0;0;0;1
30/11/2014;09:41:00;119;Acidente sem Vítima;140;BR-101/ES;Norte;Colisão Transversal;3;2;0;0;0;0;1
30/11/2014;18:58:00;272;Acidente com vítima;202;BR-101/ES;Norte;Colisão Traseira;1;3;3;0;0;0;1
30/11/2014;23:17:00;326;Acidente sem Vítima;253;BR-101/ES;Norte;Colisão Traseira;2;2;0;0;0;0;1
30/11/2014;11:06:00;145;Acidente com vítima;291,5;BR-101/ES;Sul;Colisão Traseira;1;6;1;0;0;0;1
01/12/2014;11:28:00;170;Acidente sem Vítima;182;BR-101/ES;Sul;Saída de Pista;1;2;0;0;0;0;1
01/12/2014;20:19:00;327;Acidente sem Vítima;270;BR-101/ES;Sul;Colisão Traseira;1;2;0;0;0;0;1
01/12/2014;07:33:00;67;Acidente com vítima;315;BR-101/ES;Norte;Colisão Transversal;1;2;2;0;0;0;1
02/12/2014;15:53:00;238;Atropelamento sem Morte;65,2;BR-101/ES;Norte;Atropelamento;1;1;1;0;0;0;1
02/12/2014;08:46:00;85;Acidente com vítima;74;BR-101/ES;Norte;Colisão Lateral;3;2;1;0;0;0;1
02/12/2014;06:53:00;53;Acidente sem Vítima;136;BR-101/ES;Sul;Saída de Pista;2;1;0;0;0;0;1
02/12/2014;18:21:00;277;Acidente sem Vítima;267;BR-101/ES;Sul;Colisão Lateral;3;3;0;0;0;0;1
03/12/2014;07:51:00;78;Acidente sem Vítima;264,2;BR-101/ES;Sul;Colisão Transversal;2;2;0;0;0;0;1
03/12/2014;06:27:00;54;Acidente sem Vítima;352;BR-101/ES;Sul;Tombamento;2;1;0;0;0;0;1
03/12/2014;09:57:00;118;Acidente com vítima;357;BR-101/ES;Sul;Saída de Pista;2;0;1;0;0;0;1
03/12/2014;11:36:00;159;Acidente sem Vítima;376;BR-101/ES;Norte;Choque com Objeto Fixo;2;1;0;0;0;0;1
03/12/2014;14:43:00;233;Acidente sem Vítima;420;BR-101/ES;Sul;Saída de Pista;3;2;0;0;0;0;1
04/12/2014;18:52:00;321;Acidente sem Vítima;147;BR-101/ES;Norte;Colisão Traseira;1;2;0;0;0;0;1
04/12/2014;17:54:00;304;Acidente sem Vítima;148;BR-101/ES;Norte;Colisão Traseira;2;3;0;0;0;0;1
04/12/2014;12:38:00;218;Acidente sem Vítima;294;BR-101/ES;Norte;Colisão Traseira;1;3;0;0;0;0;1
04/12/2014;08:05:00;96;Acidente sem Vítima;321;BR-101/ES;Sul;Colisão Traseira;2;2;0;0;0;0;1
04/12/2014;16:16:00;275;Acidente sem Vítima;371;BR-101/ES;Norte;Colisão Transversal;2;3;0;0;0;0;1
04/12/2014;21:21:00;362;Acidente sem Vítima;377;BR-101/ES;Sul;Colisão Traseira;2;2;0;0;0;0;1
04/12/2014;15:29:00;259;Acidente sem Vítima;414;BR-101/ES;Norte;Tombamento;2;1;0;0;0;0;1
05/12/2014;19:38:00;363;Acidente sem Vítima;24;BR-101/ES;Sul;Colisão Frontal;3;3;0;0;0;0;1
05/12/2014;04:25:00;56;Acidente com vítima;119;BR-101/ES;Norte;Saída de Pista;1;1;0;1;0;0;2
05/12/2014;11:58:00;207;Acidente sem Vítima;208;BR-101/ES;Sul;Engavetamento;3;4;0;0;0;0;1
05/12/2014;13:47:00;248;Acidente com Morte;259;BR-101/ES;Norte;Colisão Lateral;2;6;0;0;0;1;3
05/12/2014;10:28:00;166;Acidente sem Vítima;264;BR-101/ES;Norte;Colisão Lateral;1;2;0;0;0;0;1
05/12/2014;07:55:00;95;Acidente com vítima;266;BR-101/ES;Norte;Colisão Lateral;1;1;1;0;0;0;1
05/12/2014;04:21:00;55;Acidente com vítima;268;BR-101/ES;Sul;Colisão Lateral;2;1;0;1;0;0;2
05/12/2014;05:41:00;66;Acidente sem Vítima;268;BR-101/ES;Sul;Colisão Lateral;1;3;0;0;0;0;1