data;horario;n_da_ocorrencia;tipo_de_ocorrencia;km;trecho;sentido;tipo_de_acidente;caminhao;ilesos;levemente_feridos;moderadamente_feridos;gravemente_feridos;mortos;3
06/12/2014;08:42:00;103;Acidente sem Vítima;18;BR-101/ES;Norte;Tombamento;2;1;0;0;0;0;1
06/12/2014;20:01:00;301;Acidente com vítima;21;BR-101/ES;Sul;Tombamento;3;0;0;1;0;0;2
06/12/2014;05:22:00;59;Acidente com vítima;162;BR-101/ES;Sul;Colisão Transversal;2;1;1;0;1;0;2
06/12/2014;01:12:00;12;Acidente sem Vítima;181;BR-101/ES;Sul;Colisão Lateral;1;7;0;0;0;0;1
06/12/2014;12:18:00;176;Acidente sem Vítima;311;BR-101/ES;Sul;Veículo em Chamas;2;1;0;0;0;0;1
06/12/2014;19:02:00;284;Acidente sem Vítima;452;BR-101/ES;Sul;Colisão Traseira;2;2;0;0;0;0;1
07/12/2014;06:56:00;64;Acidente sem Vítima;16;BR-101/ES;Norte;Choque;2;1;0;0;0;0;1
07/12/2014;11:10:00;140;Acidente sem Vítima;98;BR-101/ES;Norte;Saída de Pista;3;2;0;0;0;0;1
07/12/2014;22:12:00;321;Acidente com vítima;134;BR-101/ES;Norte;Colisão Traseira;1;0;0;2;1;0;2
07/12/2014;14:53:00;200;Acidente sem Vítima;163;BR-101/ES;Sul;Colisão Traseira;1;5;0;0;0;0;1
07/12/2014;15:04:00;201;Acidente sem Vítima;241;BR-101/ES;Sul;Colisão Lateral;2;3;0;0;0;0;1
07/12/2014;16:50:00;232;Acidente sem Vítima;369;BR-101/ES;Norte;Tombamento;2;1;0;0;0;0;1
07/12/2014;11:04:00;135;Acidente com vítima;390;BR-101/ES;Norte;Choque com Objeto Fixo;1;0;1;0;0;0;1
08/12/2014;06:37:00;51;Acidente com vítima;30;BR-101/ES;Sul;Colisão Traseira;4;2;0;1;0;0;2
08/12/2014;15:51:00;228;Acidente sem Vítima;67,8;BR-101/ES;Sul;Choque com Objeto Fixo;1;1;0;0;0;0;1
08/12/2014;16:50:00;250;Acidente sem Vítima;79,8;BR-101/ES;Sul;Colisão Traseira;1;4;0;0;0;0;1
08/12/2014;18:49:00;288;Acidente sem Vítima;270;BR-101/ES;Norte;Engavetamento;3;3;0;0;0;0;1
08/12/2014;20:28:00;318;Acidente sem Vítima;270;BR-101/ES;Norte;Colisão Lateral;2;3;0;0;0;0;1
08/12/2014;22:00:00;331;Acidente sem Vítima;270;BR-101/ES;Norte;Colisão Lateral;2;2;0;0;0;0;1
08/12/2014;07:54:00;69;Atropelamento com Morte;288;BR-101/ES;Sul;Atropelamento;2;1;0;0;0;1;3
08/12/2014;02:37:00;20;Acidente com vítima;391;BR-101/ES;Norte;Colisão Frontal;1;1;0;1;0;0;2
09/12/2014;13:31:00;225;Acidente com vítima;147;BR-101/ES;Sul;Colisão Transversal;1;2;3;0;0;0;1
09/12/2014;16:44:00;281;Acidente sem Vítima;204;BR-101/ES;Sul;Colisão Traseira;2;6;0;0;0;0;1
09/12/2014;17:33:00;295;Acidente sem Vítima;268;BR-101/ES;Sul;Colisão Lateral;2;2;0;0;0;0;1
09/12/2014;10:07:00;127;Acidente sem Vítima;270,5;BR-101/ES;Norte;Colisão Lateral;1;2;0;0;0;0;1
09/12/2014;21:42:00;377;Acidente sem Vítima;290;BR-101/ES;Sul;Colisão Traseira;1;4;0;0;0;0;1
09/12/2014;15:31:00;260;Acidente sem Vítima;399;BR-101/ES;Sul;Colisão Lateral;2;2;0;0;0;0;1
10/12/2014;21:09:00;366;Acidente sem Vítima;269;BR-101/ES;Sul;Colisão Traseira;2;2;0;0;0;0;1
10/12/2014;08:54:00;119;Acidente com vítima;286;BR-101/ES;Norte;Colisão Traseira;1;1;0;1;0;0;2
10/12/2014;02:58:00;32;Acidente com Morte;430;BR-101/ES;Norte;Saída de Pista;2;0;0;0;0;1;3
11/12/2014;14:39:00;213;Acidente com vítima;40;BR-101/ES;Sul;Colisão Frontal;2;0;1;2;0;0;2
11/12/2014;01:09:00;13;Acidente com Morte;94;BR-101/ES;Norte;Saída de Pista;1;0;2;1;0;1;3
11/12/2014;17:18:00;260;Acidente sem Vítima;133;BR-101/ES;Norte;Colisão Lateral;2;8;0;0;0;0;1
11/12/2014;11:55:00;158;Acidente com vítima;309;BR-101/ES;Sul;Colisão Traseira;4;2;0;0;2;0;2
12/12/2014;19:05:00;321;Acidente sem Vítima;225;BR-101/ES;Sul;Engavetamento;2;3;0;0;0;0;1
12/12/2014;09:53:00;123;Acidente com vítima;263;BR-101/ES;Norte;Colisão Lateral;1;2;0;2;0;0;2
12/12/2014;17:56:00;300;Acidente com vítima;288;BR-101/ES;Sul;Colisão Lateral;1;1;1;0;0;0;1
12/12/2014;07:28:00;70;Acidente sem Vítima;302;BR-101/ES;Norte;Colisão Lateral;1;4;0;0;0;0;1
12/12/2014;15:30:00;259;Acidente sem Vítima;361;BR-101/ES;Sul;Saída de Pista;1;1;0;0;0;0;1
13/12/2014;07:10:00;67;Acidente sem Vítima;268;BR-101/ES;Sul;Colisão Traseira;1;7;0;0;0;0;1
13/12/2014;06:17:00;58;Acidente sem Vítima;413;BR-101/ES;Sul;Veículo em Chamas;1;1;0;0;0;0;1
13/12/2014;06:24:00;59;Acidente sem Vítima;437,5;BR-101/ES;Sul;Tombamento;2;1;0;0;0;0;1
14/12/2014;22:01:00;344;Acidente sem Vítima;32;BR-101/ES;Sul;Colisão Traseira;1;2;0;0;0;0;1
14/12/2014;22:38:00;348;Acidente com vítima;391;BR-101/ES;Sul;Saída de Pista;2;0;1;0;0;0;1
15/12/2014;07:00:00;66;Acidente com vítima;163;BR-101/ES;Norte;Colisão Transversal;2;1;0;0;1;0;2
15/12/2014;16:39:00;249;Acidente sem Vítima;200;BR-101/ES;Norte;Colisão Frontal;1;6;0;0;0;0;1
15/12/2014;02:32:00;28;Acidente sem Vítima;255;BR-101/ES;Norte;Colisão Transversal;3;2;0;0;0;0;1
15/12/2014;09:56:00;108;Acidente sem Vítima;265;BR-101/ES;Sul;Colisão Lateral;1;4;0;0;0;0;1
15/12/2014;10:49:00;127;Acidente sem Vítima;291,9;BR-101/ES;Sul;Choque com Objeto Fixo;1;1;0;0;0;0;1
15/12/2014;12:12:00;164;Acidente com vítima;292;BR-101/ES;Sul;Choque com Objeto Fixo;1;0;1;0;0;0;1
15/12/2014;10:07:00;113;Acidente sem Vítima;301;BR-101/ES;Norte;Colisão Lateral;5;4;0;0;0;0;1
15/12/2014;03:53:00;44;Acidente com vítima;316;BR-101/ES;Norte;Saída de Pista;1;0;1;0;0;0;1
15/12/2014;23:38:00;357;Acidente sem Vítima;382;BR-101/ES;Sul;Saída de Pista;1;1;0;0;0;0;1
15/12/2014;07:42:00;75;Acidente sem Vítima;452;BR-101/ES;Sul;Colisão Traseira;2;6;0;0;0;0;1
15/12/2014;17:59:00;271;Acidente sem Vítima;452;BR-101/ES;Sul;Choque com Objeto Fixo;1;1;0;0;0;0;1
16/12/2014;20:56:00;357;Acidente sem Vítima;171;BR-101/ES;Sul;Colisão Traseira;7;2;0;0;0;0;1
16/12/2014;16:22:00;255;Acidente sem Vítima;266;BR-101/ES;Sul;Engavetamento;2;4;0;0;0;0;1
16/12/2014;18:16:00;297;Acidente sem Vítima;299;BR-101/ES;Sul;Colisão Traseira;2;2;0;0;0;0;1
17/12/2014;09:59:00;135;Acidente sem Vítima;18,8;BR-101/ES;Norte;Tombamento;3;1;0;0;0;0;1
17/12/2014;04:41:00;51;Acidente sem Vítima;114;BR-101/ES;Norte;Colisão Lateral;2;1;0;0;0;0;1
17/12/2014;23:25:00;373;Acidente com Morte;259;BR-101/ES;Sul;Colisão Frontal;2;1;0;0;0;1;3
17/12/2014;10:07:00;138;Acidente sem Vítima;270;BR-101/ES;Norte;Colisão Lateral;3;2;0;0;0;0;1
17/12/2014;08:38:00;108;Acidente sem Vítima;285;BR-101/ES;Sul;Colisão Lateral;1;3;0;0;0;0;1
17/12/2014;18:32:00;303;Acidente sem Vítima;287;BR-101/ES;Sul;Engavetamento;1;4;0;0;0;0;1
17/12/2014;22:24:00;365;Acidente com Morte;289;BR-101/ES;Norte;Colisão Frontal;1;1;0;0;1;1;3
17/12/2014;18:14:00;299;Acidente sem Vítima;302;BR-101/ES;Norte;Colisão Lateral;1;2;0;0;0;0;1
18/12/2014;17:27:00;288;Acidente sem Vítima;107;BR-101/ES;Norte;Colisão Traseira;1;4;0;0;0;0;1
18/12/2014;20:49:00;340;Acidente sem Vítima;130;BR-101/ES;Norte;Colisão Lateral;1;5;0;0;0;0;1
18/12/2014;11:17:00;163;Acidente sem Vítima;147;BR-101/ES;Sul;Colisão Traseira;1;2;0;0;0;0;1
18/12/2014;23:13:00;372;Acidente sem Vítima;160;BR-101/ES;Norte;Colisão Traseira;1;2;0;0;0;0;1
18/12/2014;15:47:00;259;Acidente sem Vítima;265,5;BR-101/ES;Norte;Choque;1;2;0;0;0;0;1
18/12/2014;08:38:00;94;Acidente sem Vítima;270;BR-101/ES;Norte;Engavetamento;2;3;0;0;0;0;1
18/12/2014;07:34:00;75;Acidente com vítima;298;BR-101/ES;Sul;Engavetamento;1;2;1;0;0;0;1
18/12/2014;17:11:00;285;Acidente sem Vítima;315;BR-101/ES;Sul;Colisão Lateral;1;2;0;0;0;0;1
19/12/2014;08:51:00;131;Acidente sem Vítima;149;BR-101/ES;Sul;Colisão Lateral;1;3;0;0;0;0;1
19/12/2014;14:58:00;275;Acidente sem Vítima;186;BR-101/ES;Sul;Colisão Lateral;2;4;0;0;0;0;1
19/12/2014;18:42:00;345;Acidente sem Vítima;266;BR-101/ES;Sul;Colisão Lateral;1;2;0;0;0;0;1
19/12/2014;15:28:00;282;Acidente com Morte;268;BR-101/ES;Sul;Colisão Lateral;2;3;0;0;0;1;3
19/12/2014;11:12:00;193;Acidente sem Vítima;270;BR-101/ES;Norte;Colisão Lateral;2;2;0;0;0;0;1
19/12/2014;08:41:00;126;Acidente sem Vítima;270,5;BR-101/ES;Norte;Colisão Traseira;2;2;0;0;0;0;1
19/12/2014;13:10:00;246;Acidente com vítima;426;BR-101/ES;Norte;Saída de Pista;2;0;2;0;0;0;1
20/12/2014;12:55:00;229;Acidente sem Vítima;141;BR-101/ES;Sul;Saída de Pista;2;2;0;0;0;0;1
20/12/2014;19:43:00;342;Acidente sem Vítima;166;BR-101/ES;Sul;Colisão Lateral;2;6;0;0;0;0;1
20/12/2014;18:43:00;325;Acidente com vítima;217;BR-101/ES;Norte;Colisão Lateral;2;1;1;0;0;0;1
20/12/2014;06:14:00;71;Acidente sem Vítima;266;BR-101/ES;Sul;Colisão Traseira;1;2;0;0;0;0;1
21/12/2014;22:53:00;362;Acidente com vítima;127;BR-101/ES;Sul;Colisão Frontal;1;1;1;0;0;0;1
21/12/2014;16:29:00;245;Acidente sem Vítima;181;BR-101/ES;Norte;Capotamento;3;2;0;0;0;0;1
21/12/2014;17:45:00;275;Acidente com vítima;448;BR-101/ES;Norte;Tombamento;1;0;2;0;0;0;1
22/12/2014;07:15:00;74;Acidente sem Vítima;125;BR-101/ES;Sul;Colisão Traseira;1;2;0;0;0;0;1
22/12/2014;13:49:00;228;Acidente sem Vítima;144;BR-101/ES;Sul;Colisão Lateral;1;4;0;0;0;0;1
22/12/2014;13:03:00;211;Acidente sem Vítima;269,5;BR-101/ES;Norte;Colisão Lateral;1;3;0;0;0;0;1
22/12/2014;18:49:00;309;Acidente sem Vítima;270;BR-101/ES;Sul;Colisão Lateral;2;2;0;0;0;0;1
22/12/2014;12:23:00;197;Acidente sem Vítima;291;BR-101/ES;Norte;Colisão Traseira;1;2;0;0;0;0;1
22/12/2014;10:03:00;136;Acidente sem Vítima;298;BR-101/ES;Sul;Colisão Traseira;1;2;0;0;0;0;1
22/12/2014;15:48:00;262;Acidente sem Vítima;458;BR-101/ES;Norte;Colisão Traseira;2;2;0;0;0;0;1
23/12/2014;17:05:00;309;Acidente com vítima;79;BR-101/ES;Norte;Colisão Lateral;1;8;2;1;0;0;2
23/12/2014;17:54:00;327;Acidente sem Vítima;80,3;BR-101/ES;Sul;Engavetamento;2;3;0;0;0;0;1
23/12/2014;19:52:00;364;Acidente sem Vítima;229;BR-101/ES;Sul;Colisão Traseira;2;3;0;0;0;0;1
23/12/2014;14:57:00;269;Acidente sem Vítima;291;BR-101/ES;Norte;Colisão Traseira;3;2;0;0;0;0;1
23/12/2014;16:04:00;288;Acidente com vítima;325;BR-101/ES;Norte;Colisão Frontal;2;1;0;1;0;0;2
23/12/2014;06:42:00;80;Acidente com vítima;384,5;BR-101/ES;Sul;Saída de Pista;2;0;1;0;0;0;1
23/12/2014;06:03:00;74;Acidente sem Vítima;401;BR-101/ES;Sul;Choque;1;2;0;0;0;0;1
23/12/2014;11:44:00;196;Acidente com Morte;430;BR-101/ES;Sul;Colisão Frontal;1;4;0;3;0;1;3
24/12/2014;20:50:00;411;Acidente sem Vítima;128;BR-101/ES;Norte;Colisão Traseira;4;3;0;0;0;0;1
24/12/2014;12:13:00;235;Acidente com vítima;188;BR-101/ES;Sul;Tombamento;2;0;0;1;0;0;2
24/12/2014;11:55:00;230;Acidente sem Vítima;265;BR-101/ES;Norte;Colisão Traseira;1;2;0;0;0;0;1
24/12/2014;12:48:00;252;Acidente sem Vítima;321;BR-101/ES;Norte;Colisão Traseira;3;3;0;0;0;0;1
25/12/2014;01:05:00;9;Acidente com vítima;261;BR-101/ES;Norte;Tombamento;1;1;1;0;0;0;1
25/12/2014;14:16:00;184;Acidente sem Vítima;452;BR-101/ES;Sul;Colisão Traseira;3;3;0;0;0;0;1
26/12/2014;17:05:00;268;Acidente com Morte;74;BR-101/ES;Norte;Colisão Frontal;2;2;0;0;0;1;3
27/12/2014;13:42:00;216;Acidente sem Vítima;119,8;BR-101/ES;Norte;Colisão Traseira;2;3;0;0;0;0;1
27/12/2014;13:36:00;213;Acidente sem Vítima;255;BR-101/ES;Sul;Colisão Lateral;2;3;0;0;0;0;1
27/12/2014;20:22:00;336;Acidente sem Vítima;266;BR-101/ES;Norte;Colisão Traseira;1;1;0;0;0;0;1
28/12/2014;21:18:00;417;Acidente com Morte;407;BR-101/ES;Norte;Colisão Frontal;2;1;0;0;0;2;3
29/12/2014;16:26:00;274;Acidente com vítima;66;BR-101/ES;Norte;Colisão Frontal;1;2;4;0;0;0;1
29/12/2014;13:09:00;211;Acidente com vítima;187;BR-101/ES;Norte;Colisão Frontal;1;2;2;1;0;0;2
29/12/2014;08:52:00;88;Acidente sem Vítima;421;BR-101/ES;Sul;Choque;1;2;0;0;0;0;1
29/12/2014;12:37:00;193;Acidente com vítima;452;BR-101/ES;Sul;Colisão Traseira;2;35;2;0;0;0;1
30/12/2014;16:44:00;317;Acidente sem Vítima;66;BR-101/ES;Sul;Colisão Lateral;1;2;0;0;0;0;1
30/12/2014;20:40:00;398;Acidente sem Vítima;173;BR-101/ES;Sul;Veículo em Chamas;1;1;0;0;0;0;1
30/12/2014;09:42:00;136;Acidente sem Vítima;393;BR-101/ES;Norte;Colisão Lateral;1;3;0;0;0;0;1
31/12/2014;17:16:00;302;Acidente sem Vítima;45;BR-101/ES;Norte;Choque;3;3;0;0;0;0;1
31/12/2014;08:10:00;91;Acidente sem Vítima;79;BR-101/ES;Sul;Colisão Traseira;1;2;0;0;0;0;1
31/12/2014;08:53:00;109;Acidente com vítima;146;BR-101/ES;Sul;Colisão Transversal;2;1;1;0;0;0;1
31/12/2014;09:59:00;134;Acidente sem Vítima;146,2;BR-101/ES;Sul;Colisão Traseira;1;3;0;0;0;0;1
31/12/2014;08:24:00;93;Acidente sem Vítima;297,5;BR-101/ES;Sul;Colisão Traseira;1;1;0;0;0;0;1
02/01/2015;07:16:00;52;Acidente sem Vítima;125;BR-101/ES;Norte;Colisão Traseira;1;6;0;0;0;0;1
03/01/2015;15:44:00;237;Acidente sem Vítima;125,5;BR-101/ES;Norte;Colisão Lateral;1;3;0;0;0;0;1
03/01/2015;09:31:00;103;Acidente sem Vítima;279;BR-101/ES;Sul;Colisão Transversal;1;2;0;0;0;0;1
03/01/2015;11:30:00;152;Acidente sem Vítima;328;BR-101/ES;Sul;Colisão Traseira;1;4;0;0;0;0;1
04/01/2015;17:58:00;304;Acidente sem Vítima;228;BR-101/ES;Sul;Colisão Traseira;1;4;0;0;0;0;1
04/01/2015;11:52:00;177;Acidente com vítima;371;BR-101/ES;Sul;Colisão Transversal;2;5;1;0;0;0;1
06/01/2015;19:25:00;311;Acidente sem Vítima;170;BR-101/ES;Sul;Colisão Traseira;1;2;0;0;0;0;1
06/01/2015;11:36:00;179;Acidente com Morte;233;BR-101/ES;Norte;Colisão Frontal;4;7;1;0;1;1;3
06/01/2015;17:54:00;292;Acidente sem Vítima;244;BR-101/ES;Norte;Colisão Lateral;1;4;0;0;0;0;1
06/01/2015;15:50:00;256;Acidente sem Vítima;268;BR-101/ES;Sul;Colisão Lateral;3;2;0;0;0;0;1
06/01/2015;10:46:00;156;Acidente sem Vítima;307,8;BR-101/ES;Sul;Colisão Lateral;3;2;0;0;0;0;1
06/01/2015;06:15:00;66;Acidente sem Vítima;399;BR-101/ES;Norte;Colisão Traseira;3;2;0;0;0;0;1
07/01/2015;05:41:00;57;Acidente sem Vítima;69;BR-101/ES;Norte;Atropelamento - Equino;1;1;0;0;0;0;1
07/01/2015;14:04:00;228;Acidente sem Vítima;262;BR-101/ES;Sul;Colisão Traseira;6;2;0;0;0;0;1
07/01/2015;09:45:00;121;Acidente sem Vítima;316;BR-101/ES;Sul;Colisão Lateral;1;6;0;0;0;0;1
08/01/2015;16:00:00;298;Acidente sem Vítima;27;BR-101/ES;Sul;Colisão Traseira;1;3;0;0;0;0;1
08/01/2015;17:52:00;346;Acidente sem Vítima;140;BR-101/ES;Norte;Colisão Traseira;2;4;0;0;0;0;1
08/01/2015;09:19:00;128;Acidente sem Vítima;270;BR-101/ES;Norte;Colisão Lateral;2;2;0;0;0;0;1
09/01/2015;06:39:00;67;Acidente com vítima;176;BR-101/ES;Norte;Colisão Traseira;1;1;0;1;0;0;2
09/01/2015;15:50:00;255;Acidente sem Vítima;299,5;BR-101/ES;Norte;Colisão Traseira;1;3;0;0;0;0;1
09/01/2015;07:34:00;77;Acidente sem Vítima;302;BR-101/ES;Sul;Colisão Lateral;3;3;0;0;0;0;1
09/01/2015;20:22:00;362;Acidente sem Vítima;321;BR-101/ES;Sul;Colisão Traseira;1;3;0;0;0;0;1
10/01/2015;22:55:00;396;Acidente com vítima;148;BR-101/ES;Norte;Colisão Traseira;4;2;0;1;0;0;2
10/01/2015;12:59:00;214;Acidente com vítima;259;BR-101/ES;Sul;Colisão Lateral;1;1;0;1;0;0;2
12/01/2015;14:14:00;248;Acidente com vítima;103;BR-101/ES;Sul;Saída de Pista;1;0;0;1;0;0;2
12/01/2015;06:45:00;56;Acidente sem Vítima;203;BR-101/ES;Norte;Colisão Traseira;1;5;0;0;0;0;1
12/01/2015;15:31:00;268;Acidente sem Vítima;264;BR-101/ES;Norte;Colisão Transversal;3;2;0;0;0;0;1
12/01/2015;16:55:00;297;Acidente sem Vítima;269,8;BR-101/ES;Sul;Colisão Lateral;1;2;0;0;0;0;1
12/01/2015;07:06:00;60;Acidente com vítima;270;BR-101/ES;Sul;Colisão Traseira;1;1;1;0;0;0;1
12/01/2015;17:48:00;311;Acidente sem Vítima;271;BR-101/ES;Sul;Colisão Lateral;1;2;0;0;0;0;1
12/01/2015;08:28:00;80;Acidente sem Vítima;275;BR-101/ES;Sul;Colisão Traseira;3;2;0;0;0;0;1
12/01/2015;20:40:00;375;Acidente sem Vítima;292,8;BR-101/ES;Sul;Colisão Traseira;1;2;0;0;0;0;1
12/01/2015;06:41:00;53;Acidente sem Vítima;363;BR-101/ES;Norte;Veículo em Chamas;2;2;0;0;0;0;1
12/01/2015;08:34:00;84;Acidente sem Vítima;374;BR-101/ES;Sul;Colisão Traseira;1;6;0;0;0;0;1
13/01/2015;08:38:00;98;Acidente sem Vítima;147,2;BR-101/ES;Norte;Colisão Traseira;1;5;0;0;0;0;1
13/01/2015;18:14:00;317;Acidente sem Vítima;267;BR-101/ES;Sul;Colisão Lateral;2;2;0;0;0;0;1
13/01/2015;16:22:00;276;Acidente com vítima;269;BR-101/ES;Sul;Colisão Lateral;1;1;1;0;0;0;1
13/01/2015;11:32:00;174;Acidente com vítima;294;BR-101/ES;Sul;Colisão Transversal;1;1;0;1;0;0;2
13/01/2015;09:01:00;114;Acidente com vítima;375;BR-101/ES;Sul;Colisão Frontal;1;1;1;0;0;0;1
13/01/2015;20:38:00;374;Acidente com Morte;383;BR-101/ES;Norte;Colisão Transversal;1;1;0;1;0;1;3
13/01/2015;09:37:00;125;Acidente com vítima;461;BR-101/ES;Sul;Colisão Traseira;2;1;0;1;0;0;2
14/01/2015;16:22:00;274;Acidente sem Vítima;69;BR-101/ES;Norte;Engavetamento;1;5;0;0;0;0;1
14/01/2015;19:57:00;348;Acidente sem Vítima;266;BR-101/ES;Sul;Engavetamento;1;4;0;0;0;0;1
14/01/2015;19:48:00;342;Acidente sem Vítima;268;BR-101/ES;Norte;Colisão Lateral;2;2;0;0;0;0;1
15/01/2015;00:04:00;1;Acidente com vítima;66;BR-101/ES;Sul;Engavetamento;2;4;1;2;0;0;2
15/01/2015;11:10:00;169;Acidente com vítima;208;BR-101/ES;Sul;Colisão Lateral;1;2;1;0;0;0;1
15/01/2015;15:32:00;276;Acidente sem Vítima;266;BR-101/ES;Norte;Colisão Traseira;1;3;0;0;0;0;1
15/01/2015;20:29:00;351;Acidente sem Vítima;448;BR-101/ES;Sul;Tombamento;1;1;0;0;0;0;1
15/01/2015;16:10:00;285;Acidente com vítima;450;BR-101/ES;Sul;Colisão Lateral;4;5;1;2;1;0;2
16/01/2015;17:05:00;318;Acidente com vítima;142;BR-101/ES;Sul;Colisão Lateral;2;2;0;2;0;0;2
16/01/2015;02:03:00;14;Acidente sem Vítima;170;BR-101/ES;Sul;Veículo em Chamas;2;1;0;0;0;0;1
16/01/2015;09:49:00;145;Acidente sem Vítima;176;BR-101/ES;Sul;Colisão Traseira;1;2;0;0;0;0;1
16/01/2015;05:56:00;62;Acidente sem Vítima;215;BR-101/ES;Sul;Choque com Objeto Fixo;1;3;0;0;0;0;1
16/01/2015;10:54:00;175;Acidente com vítima;226;BR-101/ES;Sul;Colisão Traseira;1;1;0;1;0;0;2
16/01/2015;16:02:00;295;Acidente sem Vítima;266;BR-101/ES;Sul;Colisão Lateral;2;2;0;0;0;0;1
16/01/2015;17:43:00;331;Acidente sem Vítima;270;BR-101/ES;Norte;Colisão Traseira;4;9;0;0;0;0;1
16/01/2015;05:07:00;49;Acidente sem Vítima;296;BR-101/ES;Norte;Colisão Lateral;3;2;0;0;0;0;1
16/01/2015;13:47:00;256;Acidente com vítima;315;BR-101/ES;Sul;Colisão Traseira;1;0;1;0;0;0;1
16/01/2015;18:50:00;350;Acidente sem Vítima;361;BR-101/ES;Norte;Choque;4;2;0;0;0;0;1
17/01/2015;04:48:00;53;Acidente com vítima;335;BR-101/ES;Sul;Colisão Frontal;2;1;0;1;0;0;2
18/01/2015;03:34:00;7;Acidente sem Vítima;23;BR-101/ES;Sul;Engavetamento;4;8;0;0;0;0;1
18/01/2015;22:49:00;374;Acidente sem Vítima;242;BR-101/ES;Norte;Choque;4;2;0;0;0;0;1
18/01/2015;22:20:00;368;Acidente sem Vítima;270;BR-101/ES;Norte;Colisão Lateral;2;3;0;0;0;0;1
19/01/2015;08:27:00;100;Atropelamento sem Morte;148,5;BR-101/ES;Sul;Atropelamento;2;1;1;0;0;0;1
19/01/2015;11:10:00;169;Acidente com vítima;249;BR-101/ES;Norte;Colisão Lateral;2;3;1;0;0;0;1
19/01/2015;16:04:00;285;Acidente sem Vítima;256;BR-101/ES;Norte;Colisão Traseira;1;2;0;0;0;0;1
19/01/2015;19:34:00;353;Acidente sem Vítima;270;BR-101/ES;Norte;Colisão Lateral;1;3;0;0;0;0;1
19/01/2015;08:22:00;95;Acidente com vítima;342;BR-101/ES;Norte;Colisão Lateral;4;2;3;0;1;0;2
19/01/2015;15:06:00;265;Acidente sem Vítima;399;BR-101/ES;Norte;Choque com Objeto Fixo;2;1;0;0;0;0;1
20/01/2015;08:23:00;87;Acidente sem Vítima;270;BR-101/ES;Sul;Colisão Lateral;1;2;0;0;0;0;1
20/01/2015;09:26:00;114;Acidente sem Vítima;284;BR-101/ES;Norte;Colisão Traseira;3;2;0;0;0;0;1
20/01/2015;06:58:00;58;Acidente sem Vítima;358;BR-101/ES;Sul;Colisão Lateral;4;2;0;0;0;0;1
20/01/2015;09:49:00;126;Acidente sem Vítima;429;BR-101/ES;Sul;Saída de Pista;1;3;0;0;0;0;1
20/01/2015;11:09:00;151;Acidente sem Vítima;444;BR-101/ES;Norte;Tombamento;2;1;0;0;0;0;1
21/01/2015;19:25:00;335;Acidente sem Vítima;108;BR-101/ES;Norte;Colisão Traseira;1;2;0;0;0;0;1
21/01/2015;13:42:00;230;Acidente sem Vítima;112,3;BR-101/ES;Sul;Engavetamento;1;5;0;0;0;0;1
21/01/2015;00:02:00;2;Acidente com Morte;113;BR-101/ES;Norte;Colisão Traseira;6;2;0;0;0;1;3
21/01/2015;13:31:00;225;Acidente sem Vítima;266;BR-101/ES;Sul;Colisão Lateral;5;2;0;0;0;0;1
21/01/2015;16:01:00;268;Acidente sem Vítima;269;BR-101/ES;Sul;Colisão Traseira;1;2;0;0;0;0;1
22/01/2015;17:38:00;278;Acidente com vítima;248;BR-101/ES;Sul;Engavetamento;1;0;3;0;0;0;1
22/01/2015;11:32:00;167;Acidente com vítima;265;BR-101/ES;Sul;Colisão Traseira;2;1;2;0;0;0;1
22/01/2015;11:15:00;156;Acidente sem Vítima;269;BR-101/ES;Norte;Colisão Lateral;2;3;0;0;0;0;1
22/01/2015;02:40:00;26;Acidente sem Vítima;270;BR-101/ES;Norte;Choque com Objeto Fixo;2;1;0;0;0;0;1
22/01/2015;17:58:00;287;Acidente sem Vítima;270;BR-101/ES;Sul;Colisão Lateral;3;3;0;0;0;0;1
22/01/2015;06:55:00;60;Acidente sem Vítima;308;BR-101/ES;Sul;Colisão Lateral;4;3;0;0;0;0;1
23/01/2015;10:16:00;137;Acidente sem Vítima;181;BR-101/ES;Sul;Saída de Pista;2;1;0;0;0;0;1
23/01/2015;05:42:00;72;Acidente sem Vítima;227;BR-101/ES;Norte;Colisão Traseira;6;4;0;0;0;0;1
23/01/2015;09:31:00;124;Acidente com vítima;366;BR-101/ES;Sul;Colisão Lateral;1;3;3;1;0;0;2
23/01/2015;18:55:00;311;Acidente sem Vítima;374;BR-101/ES;Sul;Colisão Lateral;1;2;0;0;0;0;1
23/01/2015;18:37:00;305;Acidente sem Vítima;376;BR-101/ES;Sul;Colisão Lateral;2;4;0;0;0;0;1
23/01/2015;20:51:00;351;Acidente com vítima;394;BR-101/ES;Sul;Colisão Traseira;1;1;1;0;0;0;1
25/01/2015;01:05:00;15;Acidente com Morte;210;BR-101/ES;Sul;Colisão Frontal;3;2;0;0;0;1;3
25/01/2015;17:18:00;283;Acidente sem Vítima;220;BR-101/ES;Norte;Colisão Transversal;2;2;0;0;0;0;1
25/01/2015;17:03:00;277;Acidente sem Vítima;255;BR-101/ES;Sul;Colisão Traseira;1;3;0;0;0;0;1
25/01/2015;11:23:00;165;Acidente sem Vítima;335;BR-101/ES;Norte;Tombamento;2;2;0;0;0;0;1
25/01/2015;17:19:00;284;Acidente com vítima;393;BR-101/ES;Norte;Colisão Transversal;3;6;1;0;0;0;1
26/01/2015;08:47:00;107;Acidente sem Vítima;159;BR-101/ES;Sul;Choque com Veículo Estacionado;1;4;0;0;0;0;1