data;horario;n_da_ocorrencia;tipo_de_ocorrencia;km;trecho;sentido;tipo_de_acidente;caminhao;ilesos;levemente_feridos;moderadamente_feridos;gravemente_feridos;mortos;3
26/01/2015;21:31:00;387;Acidente sem Vítima;169;BR-101/ES;Sul;Saída de Pista;3;1;0;0;0;0;1
26/01/2015;14:27:00;251;Acidente com vítima;276;BR-101/ES;Sul;Saída de Pista;2;0;1;0;0;0;1
26/01/2015;19:49:00;353;Acidente sem Vítima;290;BR-101/ES;Sul;Colisão Traseira;2;2;0;0;0;0;1
26/01/2015;22:42:00;403;Acidente sem Vítima;425,5;BR-101/ES;Norte;Atropelamento - Bovino;1;1;0;0;0;0;1
27/01/2015;15:47:00;304;Acidente com vítima;70;BR-101/ES;Sul;Colisão Transversal;1;1;0;0;1;0;2
27/01/2015;07:19:00;79;Acidente sem Vítima;146;BR-101/ES;Sul;Colisão Lateral;1;3;0;0;0;0;1
27/01/2015;11:22:00;192;Acidente com vítima;241;BR-101/ES;Sul;Colisão Transversal;1;1;1;1;0;0;2
27/01/2015;23:38:00;429;Acidente sem Vítima;266;BR-101/ES;Sul;Colisão Lateral;3;2;0;0;0;0;1
28/01/2015;21:54:00;457;Acidente sem Vítima;315;BR-101/ES;Norte;Colisão Lateral;2;1;0;0;0;0;1
28/01/2015;07:39:00;82;Acidente sem Vítima;349,5;BR-101/ES;Sul;Colisão Lateral;1;1;0;0;0;0;1
28/01/2015;23:22:00;475;Acidente com vítima;366;BR-101/ES;Sul;Saída de Pista;2;0;0;0;1;0;2
30/01/2015;05:40:00;57;Acidente sem Vítima;163;BR-101/ES;Sul;Queda de Moto;1;3;0;0;0;0;1
30/01/2015;16:38:00;288;Acidente com vítima;291;BR-101/ES;Norte;Colisão Traseira;2;1;0;0;1;0;2
30/01/2015;08:11:00;88;Acidente com vítima;311,5;BR-101/ES;Sul;Queda de Moto;2;1;0;1;0;0;2
31/01/2015;14:23:00;240;Acidente com vítima;19,3;BR-101/ES;Sul;Colisão Lateral;2;1;3;0;0;0;1
31/01/2015;19:56:00;339;Acidente sem Vítima;119;BR-101/ES;Sul;Colisão Lateral;1;5;0;0;0;0;1
31/01/2015;08:33:00;111;Acidente sem Vítima;138;BR-101/ES;Sul;Colisão Lateral;1;2;0;0;0;0;1
31/01/2015;10:27:00;143;Acidente sem Vítima;193;BR-101/ES;Sul;Colisão Lateral;2;2;0;0;0;0;1
31/01/2015;13:09:00;209;Acidente sem Vítima;270;BR-101/ES;Norte;Colisão Lateral;1;2;0;0;0;0;1
31/01/2015;20:07:00;343;Acidente com vítima;329;BR-101/ES;Sul;Queda de Moto;2;1;1;0;0;0;1
02/02/2015;10:16:00;154;Acidente sem Vítima;147;BR-101/ES;Norte;Colisão Traseira;1;4;0;0;0;0;1
02/02/2015;07:17:00;77;Acidente sem Vítima;265;BR-101/ES;Sul;Colisão Traseira;1;2;0;0;0;0;1
02/02/2015;14:01:00;257;Acidente sem Vítima;269;BR-101/ES;Sul;Colisão Traseira;1;2;0;0;0;0;1
02/02/2015;11:26:00;181;Acidente sem Vítima;270;BR-101/ES;Sul;Colisão Lateral;1;2;0;0;0;0;1
03/02/2015;14:37:00;248;Acidente sem Vítima;100;BR-101/ES;Norte;Colisão Traseira;2;2;0;0;0;0;1
03/02/2015;10:13:00;145;Acidente sem Vítima;242;BR-101/ES;Sul;Colisão Traseira;1;2;0;0;0;0;1
04/02/2015;18:52:00;335;Acidente sem Vítima;298;BR-101/ES;Sul;Colisão Traseira;1;2;0;0;0;0;1
04/02/2015;15:24:00;283;Acidente sem Vítima;390;BR-101/ES;Sul;Colisão Lateral;1;2;0;0;0;0;1
04/02/2015;21:06:00;372;Acidente com vítima;391;BR-101/ES;Sul;Colisão Lateral;2;0;1;0;0;0;1
04/02/2015;15:25:00;284;Acidente sem Vítima;442;BR-101/ES;Sul;Colisão Lateral;1;9;0;0;0;0;1
05/02/2015;18:47:00;375;Acidente com Morte;65;BR-101/ES;Sul;Colisão;1;2;0;0;0;1;3
05/02/2015;12:59:00;232;Acidente com vítima;130;BR-101/ES;Norte;Engavetamento;1;6;2;0;0;0;1
05/02/2015;08:51:00;118;Acidente sem Vítima;141;BR-101/ES;Norte;Colisão Lateral;1;2;0;0;0;0;1
05/02/2015;16:24:00;316;Acidente sem Vítima;228;BR-101/ES;Sul;Colisão Traseira;1;2;0;0;0;0;1
05/02/2015;09:55:00;140;Acidente sem Vítima;257;BR-101/ES;Norte;Saída de Pista;1;2;0;0;0;0;1
05/02/2015;07:58:00;95;Acidente sem Vítima;269;BR-101/ES;Sul;Colisão Traseira;1;2;0;0;0;0;1
05/02/2015;07:35:00;88;Acidente sem Vítima;274;BR-101/ES;Sul;Saída de Pista;1;2;0;0;0;0;1
05/02/2015;06:30:00;66;Acidente sem Vítima;331;BR-101/ES;Norte;Colisão Lateral;1;3;0;0;0;0;1
06/02/2015;00:51:00;9;Acidente sem Vítima;140;BR-101/ES;Sul;Colisão Traseira;1;3;0;0;0;0;1
06/02/2015;11:12:00;183;Acidente sem Vítima;151;BR-101/ES;Sul;Colisão Traseira;1;2;0;0;0;0;1
06/02/2015;08:25:00;112;Acidente sem Vítima;266;BR-101/ES;Norte;Colisão Lateral;1;2;0;0;0;0;1
06/02/2015;15:56:00;293;Acidente sem Vítima;267;BR-101/ES;Norte;Colisão Traseira;1;2;0;0;0;0;1
06/02/2015;22:05:00;399;Acidente sem Vítima;269;BR-101/ES;Sul;Colisão Lateral;1;1;0;0;0;0;1
06/02/2015;10:25:00;167;Acidente com vítima;290;BR-101/ES;Sul;Colisão Lateral;1;1;1;0;0;0;1
06/02/2015;23:58:00;416;Acidente sem Vítima;293;BR-101/ES;Sul;Colisão Traseira;2;2;0;0;0;0;1
06/02/2015;13:36:00;241;Acidente sem Vítima;298;BR-101/ES;Sul;Choque com Veículo Estacionado;1;2;0;0;0;0;1
06/02/2015;20:06:00;371;Acidente com Morte;391;BR-101/ES;Norte;Colisão Frontal;1;2;0;2;0;1;3
06/02/2015;05:01:00;53;Acidente sem Vítima;450;BR-101/ES;Norte;Saída de Pista;1;1;0;0;0;0;1
07/02/2015;18:12:00;278;Acidente sem Vítima;171;BR-101/ES;Sul;Veículo em Chamas;1;1;0;0;0;0;1
07/02/2015;09:16:00;111;Acidente sem Vítima;299;BR-101/ES;Sul;Colisão Traseira;1;4;0;0;0;0;1
07/02/2015;12:11:00;179;Acidente sem Vítima;299;BR-101/ES;Sul;Colisão Traseira;1;4;0;0;0;0;1
07/02/2015;18:30:00;280;Acidente com vítima;389;BR-101/ES;Sul;Colisão Frontal;1;1;0;1;0;0;2
08/02/2015;11:47:00;179;Acidente sem Vítima;177;BR-101/ES;Sul;Colisão Traseira;1;6;0;0;0;0;1
08/02/2015;15:56:00;250;Acidente sem Vítima;270;BR-101/ES;Sul;Colisão Traseira;1;2;0;0;0;0;1
09/02/2015;14:54:00;263;Acidente sem Vítima;90;BR-101/ES;Sul;Colisão Transversal;1;2;0;0;0;0;1
09/02/2015;07:29:00;66;Acidente com vítima;223;BR-101/ES;Norte;Colisão Transversal;1;1;1;0;0;0;1
09/02/2015;12:49:00;213;Acidente com vítima;299;BR-101/ES;Sul;Colisão;2;3;0;1;0;0;2
09/02/2015;05:53:00;50;Acidente com vítima;422;BR-101/ES;Sul;Tombamento;1;0;1;0;0;0;1
10/02/2015;07:07:00;68;Acidente com vítima;143;BR-101/ES;Norte;Queda de ciclista;1;0;1;0;0;0;1
10/02/2015;01:23:00;10;Acidente sem Vítima;269;BR-101/ES;Sul;Colisão Lateral;1;2;0;0;0;0;1
10/02/2015;09:22:00;117;Acidente sem Vítima;275;BR-101/ES;Sul;Choque com Objeto Fixo;1;1;0;0;0;0;1
11/02/2015;14:11:00;225;Acidente sem Vítima;222;BR-101/ES;Sul;Colisão Lateral;1;2;0;0;0;0;1
11/02/2015;13:50:00;219;Acidente sem Vítima;223;BR-101/ES;Norte;Colisão Traseira;1;2;0;0;0;0;1
11/02/2015;06:18:00;81;Acidente sem Vítima;272;BR-101/ES;Sul;Colisão;1;2;0;0;0;0;1
11/02/2015;14:14:00;227;Acidente sem Vítima;272;BR-101/ES;Sul;Colisão;1;2;0;0;0;0;1
11/02/2015;21:15:00;354;Acidente sem Vítima;380;BR-101/ES;Norte;Colisão Frontal;1;2;0;0;0;0;1
11/02/2015;07:13:00;91;Acidente com Morte;448;BR-101/ES;Sul;Tombamento;1;0;0;0;0;1;3
12/02/2015;00:24:00;3;Acidente sem Vítima;110;BR-101/ES;Sul;Veículo em Chamas;1;1;0;0;0;0;1
12/02/2015;13:09:00;215;Acidente sem Vítima;270;BR-101/ES;Sul;Colisão Traseira;1;2;0;0;0;0;1
12/02/2015;17:03:00;289;Acidente com vítima;290;BR-101/ES;Sul;Engavetamento;1;4;1;0;0;0;1
12/02/2015;12:21:00;194;Acidente sem Vítima;425;BR-101/ES;Sul;Colisão Traseira;1;2;0;0;0;0;1
13/02/2015;09:20:00;152;Acidente com Morte;37,1;BR-101/ES;Norte;Colisão Transversal;1;1;0;0;0;1;3
13/02/2015;13:54:00;261;Acidente sem Vítima;154;BR-101/ES;Sul;Engavetamento;2;3;0;0;0;0;1
13/02/2015;09:41:00;161;Acidente sem Vítima;209;BR-101/ES;Norte;Colisão Traseira;1;5;0;0;0;0;1
13/02/2015;16:53:00;330;Acidente sem Vítima;262;BR-101/ES;Norte;Colisão Lateral;1;2;0;0;0;0;1
14/02/2015;06:07:00;84;Acidente com vítima;205;BR-101/ES;Sul;Colisão;1;3;0;1;0;0;2
14/02/2015;16:13:00;337;Acidente com Morte;442;BR-101/ES;Sul;Colisão Frontal;1;0;1;1;0;2;3
15/02/2015;07:31:00;87;Acidente sem Vítima;229;BR-101/ES;Norte;Colisão Lateral;1;2;0;0;0;0;1
16/02/2015;17:16:00;249;Acidente sem Vítima;270;BR-101/ES;Sul;Colisão Traseira;1;2;0;0;0;0;1
17/02/2015;23:26:00;383;Acidente sem Vítima;205;BR-101/ES;Norte;Engavetamento;1;8;0;0;0;0;1
17/02/2015;16:38:00;277;Acidente com Morte;224;BR-101/ES;Sul;Colisão Lateral;1;3;0;1;0;4;3
17/02/2015;19:55:00;335;Acidente sem Vítima;316;BR-101/ES;Norte;Tombamento;1;1;0;0;0;0;1
18/02/2015;08:21:00;97;Atropelamento com Morte;147;BR-101/ES;Norte;Atropelamento;1;1;0;0;0;1;3
18/02/2015;12:41:00;224;Acidente sem Vítima;149;BR-101/ES;Sul;Colisão Lateral;1;4;0;0;0;0;1
18/02/2015;03:06:00;42;Acidente com vítima;406,5;BR-101/ES;Sul;Tombamento;1;0;1;0;0;0;1
19/02/2015;19:30:00;311;Acidente com vítima;145;BR-101/ES;Norte;Colisão;1;1;2;0;0;0;1
19/02/2015;16:49:00;271;Acidente com vítima;147;BR-101/ES;Sul;Choque com Objeto Fixo;1;1;2;0;0;0;1
19/02/2015;09:06:00;116;Acidente com vítima;208;BR-101/ES;Norte;Saída de Pista;1;1;1;0;0;0;1
19/02/2015;23:22:00;370;Acidente sem Vítima;298;BR-101/ES;Sul;Veículo em Chamas;1;1;0;0;0;0;1
20/02/2015;14:37:00;243;Acidente com vítima;49;BR-101/ES;Norte;Colisão Frontal;1;2;3;0;1;0;2
20/02/2015;13:54:00;229;Acidente sem Vítima;255;BR-101/ES;Sul;Colisão Traseira;1;2;0;0;0;0;1
20/02/2015;14:44:00;245;Acidente sem Vítima;265;BR-101/ES;Norte;Choque com Objeto Fixo;1;2;0;0;0;0;1
20/02/2015;07:08:00;83;Acidente sem Vítima;399;BR-101/ES;Norte;Colisão Traseira;1;3;0;0;0;0;1
21/02/2015;17:31:00;295;Acidente com vítima;73;BR-101/ES;Sul;Colisão Lateral;1;0;2;0;0;0;1
21/02/2015;19:26:00;322;Acidente com vítima;143;BR-101/ES;Norte;Queda de ciclista;1;0;0;1;0;0;2
21/02/2015;01:10:00;10;Acidente com vítima;170;BR-101/ES;Norte;Colisão Frontal;1;1;1;2;0;0;2
21/02/2015;23:56:00;401;Acidente com vítima;355;BR-101/ES;Norte;Queda de ciclista;1;0;0;0;1;0;2
22/02/2015;20:53:00;304;Acidente com vítima;247;BR-101/ES;Norte;Colisão Transversal;1;1;0;0;1;0;2
22/02/2015;15:27:00;221;Acidente com vítima;308;BR-101/ES;Norte;Saída de Pista;1;0;1;0;0;0;1
24/02/2015;23:58:00;345;Acidente sem Vítima;31;BR-101/ES;Norte;Colisão Traseira;1;2;0;0;0;0;1
24/02/2015;19:47:00;290;Acidente sem Vítima;162;BR-101/ES;Sul;Colisão Lateral;1;2;0;0;0;0;1
24/02/2015;12:24:00;189;Acidente sem Vítima;211;BR-101/ES;Norte;Saída de Pista;1;1;0;0;0;0;1
24/02/2015;05:29:00;44;Acidente com vítima;301;BR-101/ES;Sul;Colisão Transversal;1;1;0;1;0;0;2
25/02/2015;20:10:00;314;Acidente com vítima;144,5;BR-101/ES;Sul;Colisão;1;2;1;0;0;0;1
25/02/2015;06:26:00;54;Acidente com vítima;166;BR-101/ES;Norte;Colisão;1;3;0;1;0;0;2
25/02/2015;05:41:00;51;Acidente sem Vítima;211,6;BR-101/ES;Sul;Capotamento;1;1;0;0;0;0;1
25/02/2015;11:55:00;161;Acidente sem Vítima;273;BR-101/ES;Sul;Tombamento;1;1;0;0;0;0;1
25/02/2015;13:05:00;185;Acidente com vítima;273;BR-101/ES;Norte;Queda de Moto;1;0;1;0;0;0;1
25/02/2015;09:45:00;111;Acidente sem Vítima;305;BR-101/ES;Sul;Colisão Transversal;1;3;0;0;0;0;1
25/02/2015;09:40:00;106;Acidente sem Vítima;357,5;BR-101/ES;Sul;Saída de Pista;1;1;0;0;0;0;1
25/02/2015;08:13:00;79;Acidente sem Vítima;440;BR-101/ES;Norte;Tombamento;1;2;0;0;0;0;1
26/02/2015;09:14:00;126;Acidente sem Vítima;136;BR-101/ES;Norte;Queda de Moto;1;2;0;0;0;0;1
26/02/2015;08:04:00;93;Acidente sem Vítima;270,5;BR-101/ES;Sul;Colisão Traseira;1;2;0;0;0;0;1
26/02/2015;06:28:00;66;Acidente sem Vítima;399;BR-101/ES;Sul;Colisão Traseira;2;2;0;0;0;0;1
26/02/2015;10:05:00;144;Acidente sem Vítima;399;BR-101/ES;Sul;Colisão Traseira;1;2;0;0;0;0;1
27/02/2015;18:51:00;317;Acidente sem Vítima;97;BR-101/ES;Norte;Colisão Traseira;1;3;0;0;0;0;1
27/02/2015;22:44:00;368;Acidente com vítima;144;BR-101/ES;Norte;Colisão Traseira;1;2;1;0;0;0;1
27/02/2015;13:10:00;212;Acidente sem Vítima;146;BR-101/ES;Norte;Colisão Transversal;1;2;0;0;0;0;1
27/02/2015;05:48:00;58;Acidente sem Vítima;231;BR-101/ES;Norte;Colisão Lateral;1;5;0;0;0;0;1
27/02/2015;07:23:00;81;Acidente sem Vítima;265;BR-101/ES;Norte;Colisão Lateral;1;2;0;0;0;0;1
27/02/2015;09:17:00;125;Acidente com vítima;395,5;BR-101/ES;Norte;Colisão Lateral;1;2;1;0;0;0;1
28/02/2015;10:27:00;146;Acidente sem Vítima;301;BR-101/ES;Sul;Colisão Lateral;1;3;0;0;0;0;1
28/02/2015;05:20:00;58;Acidente com Morte;376;BR-101/ES;Norte;Colisão Frontal;1;1;0;0;0;1;3
01/03/2015;07:25:00;78;Acidente com vítima;302;BR-101/ES;Sul;Tombamento;2;0;1;1;0;0;2
02/03/2015;07:13:00;79;Acidente sem Vítima;230;BR-101/ES;Norte;Colisão Lateral;1;2;0;0;0;0;1
02/03/2015;14:53:00;228;Acidente sem Vítima;269;BR-101/ES;Sul;Colisão Traseira;2;2;0;0;0;0;1
02/03/2015;12:50:00;190;Acidente sem Vítima;272;BR-101/ES;Norte;Colisão Traseira;4;2;0;0;0;0;1
02/03/2015;11:43:00;171;Acidente sem Vítima;400;BR-101/ES;Sul;Saída de Pista;1;1;0;0;0;0;1
02/03/2015;12:20:00;180;Acidente com Morte;402;BR-101/ES;Sul;Colisão Transversal;1;2;0;1;0;2;3
02/03/2015;18:29:00;294;Acidente com vítima;410;BR-101/ES;Norte;Colisão Traseira;1;1;0;1;0;0;2
03/03/2015;11:25:00;163;Acidente sem Vítima;8;BR-101/ES;Sul;Colisão Lateral;4;2;0;0;0;0;1
03/03/2015;10:38:00;147;Acidente sem Vítima;262;BR-101/ES;Norte;Colisão Traseira;2;2;0;0;0;0;1
03/03/2015;12:39:00;193;Acidente sem Vítima;282;BR-101/ES;Norte;Choque com Objeto Fixo;3;4;0;0;0;0;1
03/03/2015;16:19:00;255;Acidente sem Vítima;298;BR-101/ES;Norte;Colisão Traseira;2;2;0;0;0;0;1
03/03/2015;07:23:00;81;Acidente sem Vítima;321;BR-101/ES;Sul;Colisão Traseira;1;2;0;0;0;0;1
04/03/2015;10:08:00;139;Acidente sem Vítima;226;BR-101/ES;Sul;Colisão Traseira;2;2;0;0;0;0;1
04/03/2015;11:00:00;156;Acidente sem Vítima;263;BR-101/ES;Norte;Choque com Objeto Fixo;2;1;0;0;0;0;1
04/03/2015;10:50:00;151;Acidente sem Vítima;270;BR-101/ES;Sul;Saída de Pista;2;1;0;0;0;0;1
04/03/2015;15:34:00;252;Acidente sem Vítima;279;BR-101/ES;Norte;Colisão Lateral;1;2;0;0;0;0;1
05/03/2015;16:29:00;283;Acidente sem Vítima;270;BR-101/ES;Norte;Colisão Lateral;1;2;0;0;0;0;1
05/03/2015;09:36:00;125;Acidente sem Vítima;321;BR-101/ES;Norte;Engavetamento;3;4;0;0;0;0;1
05/03/2015;12:29:00;200;Acidente sem Vítima;450;BR-101/ES;Sul;Colisão Lateral;2;2;0;0;0;0;1
06/03/2015;20:21:00;370;Acidente sem Vítima;255;BR-101/ES;Sul;Engavetamento;1;3;0;0;0;0;1
06/03/2015;06:58:00;73;Acidente sem Vítima;288;BR-101/ES;Norte;Colisão Lateral;2;2;0;0;0;0;1
06/03/2015;14:08:00;245;Acidente sem Vítima;292;BR-101/ES;Sul;Colisão Traseira;2;2;0;0;0;0;1
06/03/2015;16:11:00;288;Acidente sem Vítima;294;BR-101/ES;Norte;Engavetamento;2;3;0;0;0;0;1
06/03/2015;04:47:00;52;Acidente com vítima;299,5;BR-101/ES;Norte;Colisão Transversal;4;2;0;1;0;0;2
07/03/2015;20:36:00;322;Acidente sem Vítima;50;BR-101/ES;Norte;Colisão Traseira;4;2;0;0;0;0;1
07/03/2015;22:49:00;347;Acidente com vítima;114;BR-101/ES;Norte;Colisão Traseira;3;2;3;0;0;0;1
07/03/2015;08:28:00;117;Acidente com vítima;277;BR-101/ES;Norte;Colisão Traseira;1;2;1;0;0;0;1
07/03/2015;21:11:00;331;Acidente com vítima;945;BR-101/BA;Norte;Colisão Lateral;4;1;1;0;0;0;1
08/03/2015;01:10:00;8;Acidente sem Vítima;78;BR-101/ES;Sul;Saída de Pista;3;2;0;0;0;0;1
08/03/2015;23:05:00;330;Acidente sem Vítima;260;BR-101/ES;Sul;Saída de Pista;2;1;0;0;0;0;1
08/03/2015;18:42:00;274;Acidente sem Vítima;296;BR-101/ES;Norte;Colisão Lateral;1;2;0;0;0;0;1
08/03/2015;22:58:00;328;Acidente com vítima;399;BR-101/ES;Sul;Colisão Traseira;1;1;0;0;1;0;2
09/03/2015;16:54:00;286;Acidente sem Vítima;140;BR-101/ES;Norte;Colisão Transversal;2;3;0;0;0;0;1
09/03/2015;15:24:00;258;Acidente sem Vítima;267;BR-101/ES;Norte;Colisão Lateral;2;3;0;0;0;0;1
09/03/2015;09:12:00;113;Acidente sem Vítima;270;BR-101/ES;Sul;Colisão Lateral;3;2;0;0;0;0;1
09/03/2015;19:20:00;324;Acidente sem Vítima;294;BR-101/ES;Norte;Colisão Traseira;1;2;0;0;0;0;1
09/03/2015;05:35:00;57;Acidente com vítima;368,5;BR-101/ES;Sul;Tombamento;2;0;1;0;0;0;1
10/03/2015;21:25:00;340;Acidente sem Vítima;149;BR-101/ES;Sul;Colisão Lateral;3;4;0;0;0;0;1
10/03/2015;15:13:00;221;Acidente com vítima;241;BR-101/ES;Norte;Colisão Traseira;1;3;0;1;0;0;2
10/03/2015;19:56:00;315;Acidente com vítima;286;BR-101/ES;Norte;Colisão Lateral;1;1;0;1;0;0;2
10/03/2015;07:42:00;77;Acidente sem Vítima;292,6;BR-101/ES;Norte;Colisão Traseira;1;4;0;0;0;0;1
10/03/2015;12:12:00;173;Acidente sem Vítima;319;BR-101/ES;Sul;Colisão Traseira;2;12;0;0;0;0;1
10/03/2015;11:15:00;152;Acidente sem Vítima;351;BR-101/ES;Norte;Choque;2;3;0;0;0;0;1
11/03/2015;17:03:00;299;Acidente sem Vítima;144;BR-101/ES;Sul;Colisão Lateral;2;3;0;0;0;0;1
11/03/2015;07:01:00;68;Acidente sem Vítima;239;BR-101/ES;Sul;Choque;2;3;0;0;0;0;1
11/03/2015;08:08:00;99;Acidente sem Vítima;239;BR-101/ES;Sul;Choque com Veículo Estacionado;1;2;0;0;0;0;1
11/03/2015;15:14:00;266;Acidente sem Vítima;264;BR-101/ES;Norte;Colisão Traseira;1;2;0;0;0;0;1
11/03/2015;19:29:00;329;Acidente sem Vítima;269;BR-101/ES;Sul;Colisão Traseira;1;3;0;0;0;0;1
11/03/2015;09:24:00;136;Acidente sem Vítima;270,3;BR-101/ES;Norte;Colisão Lateral;1;2;0;0;0;0;1
11/03/2015;17:27:00;304;Acidente sem Vítima;357;BR-101/ES;Sul;Colisão Traseira;2;3;0;0;0;0;1
12/03/2015;19:03:00;279;Acidente sem Vítima;65;BR-101/ES;Norte;Engavetamento;2;6;0;0;0;0;1
12/03/2015;03:43:00;39;Acidente sem Vítima;77;BR-101/ES;Norte;Colisão Lateral;8;3;0;0;0;0;1
12/03/2015;10:09:00;134;Acidente com vítima;948;BR-101/BA;Norte;Colisão Transversal;2;2;0;1;0;0;2
13/03/2015;17:52:00;335;Acidente sem Vítima;261;BR-101/ES;Norte;Saída de Pista;2;1;0;0;0;0;1
13/03/2015;17:24:00;328;Acidente com vítima;263;BR-101/ES;Sul;Saída de Pista;1;2;2;1;0;0;2
13/03/2015;17:16:00;324;Acidente sem Vítima;265;BR-101/ES;Norte;Colisão Traseira;1;2;0;0;0;0;1
13/03/2015;13:06:00;231;Acidente sem Vítima;266;BR-101/ES;Sul;Colisão Lateral;3;2;0;0;0;0;1
13/03/2015;21:12:00;394;Acidente sem Vítima;326;BR-101/ES;Norte;Saída de Pista;3;1;0;0;0;0;1
14/03/2015;04:41:00;48;Acidente com vítima;160;BR-101/ES;Norte;Colisão Lateral;2;2;1;0;0;0;1
14/03/2015;01:05:00;15;Acidente sem Vítima;268;BR-101/ES;Norte;Colisão Traseira;1;2;0;0;0;0;1
15/03/2015;14:54:00;226;Acidente sem Vítima;301;BR-101/ES;Sul;Colisão Traseira;2;2;0;0;0;0;1
16/03/2015;15:50:00;278;Acidente sem Vítima;150;BR-101/ES;Sul;Colisão Lateral;2;8;0;0;0;0;1
16/03/2015;08:57:00;158;Acidente com vítima;154;BR-101/ES;Norte;Colisão Traseira;1;1;0;1;0;0;2
16/03/2015;17:46:00;313;Acidente sem Vítima;277;BR-101/ES;Sul;Tombamento;1;4;0;0;0;0;1
16/03/2015;07:09:00;95;Acidente sem Vítima;399;BR-101/ES;Norte;Colisão Traseira;1;3;0;0;0;0;1
17/03/2015;23:35:00;376;Acidente sem Vítima;149;BR-101/ES;Norte;Colisão Transversal;1;3;0;0;0;0;1
17/03/2015;09:39:00;154;Acidente sem Vítima;170;BR-101/ES;Norte;Colisão Traseira;2;1;0;0;0;0;1
17/03/2015;09:42:00;156;Acidente com vítima;218,5;BR-101/ES;Sul;Colisão Lateral;2;1;1;0;0;0;1
17/03/2015;15:18:00;271;Acidente sem Vítima;267;BR-101/ES;Norte;Colisão Lateral;2;6;0;0;0;0;1
17/03/2015;19:57:00;330;Acidente sem Vítima;349;BR-101/ES;Norte;Choque;1;5;0;0;0;0;1
18/03/2015;12:13:00;206;Acidente sem Vítima;201;BR-101/ES;Norte;Colisão Traseira;1;2;0;0;0;0;1
18/03/2015;15:29:00;279;Acidente sem Vítima;263;BR-101/ES;Norte;Colisão Traseira;2;3;0;0;0;0;1
18/03/2015;07:49:00;93;Acidente sem Vítima;317;BR-101/ES;Sul;Choque;4;2;0;0;0;0;1
18/03/2015;11:29:00;185;Acidente sem Vítima;421;BR-101/ES;Norte;Colisão Transversal;3;2;0;0;0;0;1
18/03/2015;01:42:00;17;Acidente sem Vítima;942;BR-101/BA;Norte;Saída de Pista;1;2;0;0;0;0;1
19/03/2015;23:55:00;401;Acidente com vítima;68;BR-101/ES;Norte;Colisão Traseira;1;1;2;0;0;0;1
19/03/2015;10:13:00;158;Acidente sem Vítima;172;BR-101/ES;Norte;Colisão Traseira;2;3;0;0;0;0;1
19/03/2015;07:13:00;92;Acidente com vítima;297;BR-101/ES;Norte;Colisão Lateral;2;3;0;3;0;0;2
19/03/2015;20:35:00;354;Acidente sem Vítima;383;BR-101/ES;Norte;Tombamento;1;2;0;0;0;0;1
19/03/2015;15:36:00;274;Acidente com vítima;939,4;BR-101/BA;Sul;Choque com Objeto Fixo;1;2;1;0;0;0;1
21/03/2015;07:43:00;94;Acidente com vítima;149;BR-101/ES;Sul;Colisão Traseira;2;1;0;1;0;0;2
21/03/2015;15:53:00;284;Acidente com vítima;247,2;BR-101/ES;Sul;Colisão Transversal;2;4;0;1;0;0;2
21/03/2015;09:35:00;141;Acidente com vítima;263;BR-101/ES;Norte;Colisão;1;1;0;1;0;0;2
21/03/2015;20:11:00;338;Acidente sem Vítima;301,5;BR-101/ES;Sul;Choque com Objeto Fixo;1;1;0;0;0;0;1
21/03/2015;11:42:00;194;Acidente sem Vítima;372;BR-101/ES;Sul;Colisão Frontal;2;3;0;0;0;0;1
22/03/2015;10:24:00;126;Acidente sem Vítima;21;BR-101/ES;Sul;Saída de Pista;1;1;0;0;0;0;1
22/03/2015;16:41:00;239;Acidente sem Vítima;285;BR-101/ES;Sul;Colisão Lateral;1;2;0;0;0;0;1
22/03/2015;20:07:00;283;Acidente sem Vítima;391;BR-101/ES;Sul;Saída de Pista;1;1;0;0;0;0;1
23/03/2015;10:12:00;130;Acidente sem Vítima;267;BR-101/ES;Sul;Engavetamento;1;3;0;0;0;0;1
23/03/2015;23:10:00;329;Acidente sem Vítima;270;BR-101/ES;Norte;Colisão Lateral;1;2;0;0;0;0;1
23/03/2015;09:54:00;125;Acidente sem Vítima;291;BR-101/ES;Sul;Colisão Traseira;2;2;0;0;0;0;1
23/03/2015;12:37:00;173;Acidente com Morte;310;BR-101/ES;Norte;Colisão Frontal;1;1;0;1;1;1;3
23/03/2015;11:01:00;140;Acidente sem Vítima;339;BR-101/ES;Norte;Colisão Lateral;3;4;0;0;0;0;1
23/03/2015;16:36:00;243;Acidente sem Vítima;458;BR-101/ES;Norte;Colisão Transversal;4;4;0;0;0;0;1
24/03/2015;19:29:00;283;Acidente sem Vítima;1,2;BR-101/ES;Sul;Colisão Traseira;6;3;0;0;0;0;1
24/03/2015;14:32:00;229;Acidente com vítima;60;BR-101/ES;Sul;Tombamento;4;0;1;0;0;0;1
24/03/2015;20:53:00;296;Acidente com vítima;111;BR-101/ES;Sul;Saída de Pista;1;3;0;1;0;0;2
24/03/2015;14:04:00;222;Acidente sem Vítima;270;BR-101/ES;Sul;Engavetamento;1;3;0;0;0;0;1
25/03/2015;12:22:00;185;Acidente com vítima;127;BR-101/ES;Norte;Colisão Traseira;1;1;1;0;0;0;1
25/03/2015;08:00:00;98;Acidente sem Vítima;213;BR-101/ES;Norte;Engavetamento;2;2;0;0;0;0;1