data;horario;n_da_ocorrencia;tipo_de_ocorrencia;km;trecho;sentido;tipo_de_acidente;caminhao;ilesos;levemente_feridos;moderadamente_feridos;gravemente_feridos;mortos;3
25/03/2015;14:32:00;225;Acidente com vítima;263;BR-101/ES;Norte;Queda de Moto;1;1;1;0;0;0;1
25/03/2015;19:41:00;310;Acidente sem Vítima;298;BR-101/ES;Norte;Colisão Traseira;2;2;0;0;0;0;1
26/03/2015;14:02:00;242;Acidente sem Vítima;73;BR-101/ES;Sul;Colisão Lateral;1;2;0;0;0;0;1
26/03/2015;08:30:00;99;Acidente sem Vítima;83;BR-101/ES;Norte;Colisão Lateral;1;2;0;0;0;0;1
26/03/2015;16:47:00;288;Acidente sem Vítima;287;BR-101/ES;Norte;Saída de Pista;1;1;0;0;0;0;1
26/03/2015;03:16:00;33;Acidente sem Vítima;397;BR-101/ES;Norte;Atropelamento - Equino;2;1;0;0;0;0;1
27/03/2015;09:53:00;139;Acidente sem Vítima;209;BR-101/ES;Norte;Colisão Lateral;1;4;0;0;0;0;1
27/03/2015;22:35:00;369;Acidente sem Vítima;264;BR-101/ES;Norte;Colisão Lateral;1;2;0;0;0;0;1
27/03/2015;07:49:00;96;Acidente sem Vítima;270;BR-101/ES;Norte;Colisão Traseira;2;2;0;0;0;0;1
27/03/2015;09:58:00;141;Acidente sem Vítima;270;BR-101/ES;Norte;Colisão Transversal;2;2;0;0;0;0;1
27/03/2015;14:06:00;227;Acidente sem Vítima;291;BR-101/ES;Sul;Colisão Transversal;1;2;0;0;0;0;1
27/03/2015;12:45:00;200;Acidente com vítima;369;BR-101/ES;Sul;Colisão Lateral;1;1;1;0;0;0;1
27/03/2015;08:40:00;123;Acidente sem Vítima;386;BR-101/ES;Norte;Colisão Traseira;2;4;0;0;0;0;1
28/03/2015;01:25:00;13;Acidente com vítima;460;BR-101/ES;Norte;Tombamento;1;0;1;0;0;0;1
29/03/2015;13:58:00;205;Acidente sem Vítima;266;BR-101/ES;Sul;Colisão Lateral;1;2;0;0;0;0;1
29/03/2015;17:11:00;256;Acidente com vítima;399;BR-101/ES;Norte;Colisão Traseira;1;0;2;0;0;0;1
30/03/2015;18:47:00;318;Acidente sem Vítima;14;BR-101/ES;Sul;Colisão Lateral;4;2;0;0;0;0;1
30/03/2015;16:55:00;287;Acidente sem Vítima;237;BR-101/ES;Sul;Veículo em Chamas;2;1;0;0;0;0;1
30/03/2015;19:12:00;333;Acidente sem Vítima;261,5;BR-101/ES;Norte;Saída de Pista;1;2;0;0;0;0;1
30/03/2015;10:35:00;157;Acidente sem Vítima;266;BR-101/ES;Norte;Colisão Traseira;1;2;0;0;0;0;1
30/03/2015;04:16:00;54;Acidente sem Vítima;287;BR-101/ES;Sul;Atropelamento - Equino;1;1;0;0;0;0;1
30/03/2015;07:14:00;81;Acidente sem Vítima;291;BR-101/ES;Norte;Colisão Lateral;2;2;0;0;0;0;1
30/03/2015;12:07:00;186;Acidente sem Vítima;362,5;BR-101/ES;Norte;Colisão Lateral;1;2;0;0;0;0;1
30/03/2015;10:00:00;139;Acidente com vítima;364;BR-101/ES;Norte;Colisão Traseira;1;2;1;0;0;0;1
31/03/2015;09:05:00;112;Acidente com vítima;263;BR-101/ES;Sul;Colisão Lateral;1;2;5;0;0;0;1
31/03/2015;19:40:00;304;Acidente sem Vítima;298;BR-101/ES;Norte;Colisão Lateral;2;2;0;0;0;0;1
01/04/2015;17:43:00;328;Acidente sem Vítima;84;BR-101/ES;Norte;Colisão Traseira;3;4;0;0;0;0;1
01/04/2015;15:08:00;270;Acidente com vítima;204;BR-101/ES;Sul;Colisão Frontal;1;1;2;0;0;0;1
01/04/2015;13:36:00;249;Acidente com vítima;248;BR-101/ES;Norte;Veículo em Chamas;2;0;1;0;0;0;1
01/04/2015;07:53:00;120;Acidente sem Vítima;270,5;BR-101/ES;Norte;Colisão Traseira;2;3;0;0;0;0;1
01/04/2015;14:51:00;266;Acidente sem Vítima;271;BR-101/ES;Norte;Engavetamento;1;4;0;0;0;0;1
01/04/2015;19:28:00;360;Acidente sem Vítima;325;BR-101/ES;Sul;Veículo em Chamas;1;1;0;0;0;0;1
02/04/2015;15:02:00;240;Acidente com vítima;228;BR-101/ES;Norte;Engavetamento;1;6;2;0;0;0;1
02/04/2015;20:01:00;311;Acidente sem Vítima;242;BR-101/ES;Norte;Colisão Lateral;1;2;0;0;0;0;1
02/04/2015;12:24:00;180;Acidente sem Vítima;316;BR-101/ES;Sul;Colisão Lateral;3;2;0;0;0;0;1
02/04/2015;06:50:00;65;Acidente sem Vítima;321;BR-101/ES;Norte;Colisão Lateral;6;2;0;0;0;0;1
02/04/2015;03:45:00;39;Acidente sem Vítima;461;BR-101/ES;Sul;Veículo em Chamas;1;1;0;0;0;0;1
03/04/2015;12:50:00;178;Acidente sem Vítima;241;BR-101/ES;Norte;Colisão Lateral;1;2;0;0;0;0;1
04/04/2015;23:07:00;288;Acidente sem Vítima;24;BR-101/ES;Sul;Colisão Lateral;4;5;0;0;0;0;1
04/04/2015;19:22:00;242;Acidente com vítima;148;BR-101/ES;Norte;Colisão;1;1;0;0;1;0;2
06/04/2015;01:26:00;15;Acidente sem Vítima;4;BR-101/ES;Norte;Atropelamento - Bovino;2;1;0;0;0;0;1
06/04/2015;18:55:00;322;Acidente sem Vítima;147;BR-101/ES;Norte;Colisão Traseira;1;2;0;0;0;0;1
06/04/2015;21:39:00;364;Acidente com vítima;166;BR-101/ES;Sul;Colisão Traseira;2;1;1;0;0;0;1
06/04/2015;14:13:00;236;Acidente sem Vítima;184;BR-101/ES;Sul;Colisão Lateral;3;2;0;0;0;0;1
06/04/2015;16:36:00;281;Acidente sem Vítima;287;BR-101/ES;Sul;Choque;2;3;0;0;0;0;1
06/04/2015;15:14:00;253;Acidente sem Vítima;380;BR-101/ES;Norte;Colisão Lateral;3;2;0;0;0;0;1
06/04/2015;13:49:00;232;Acidente com vítima;443;BR-101/ES;Sul;Saída de Pista;2;0;1;0;0;0;1
06/04/2015;00:34:00;7;Acidente sem Vítima;944;BR-101/BA;Norte;Saída de Pista;4;1;0;0;0;0;1
07/04/2015;03:29:00;46;Acidente com vítima;65;BR-101/ES;Norte;Colisão Traseira;3;1;1;0;0;0;1
07/04/2015;21:14:00;326;Acidente com vítima;182;BR-101/ES;Norte;Colisão Lateral;2;1;1;0;0;0;1
07/04/2015;10:57:00;174;Acidente sem Vítima;270;BR-101/ES;Sul;Colisão Lateral;2;2;0;0;0;0;1
07/04/2015;14:49:00;245;Acidente sem Vítima;280;BR-101/ES;Norte;Choque com Objeto Fixo;2;1;0;0;0;0;1
07/04/2015;08:57:00;119;Acidente com vítima;291;BR-101/ES;Norte;Engavetamento;1;3;1;0;0;0;1
07/04/2015;22:06:00;340;Acidente sem Vítima;306;BR-101/ES;Sul;Tombamento;2;1;0;0;0;0;1
07/04/2015;06:53:00;73;Acidente sem Vítima;326,5;BR-101/ES;Norte;Colisão Lateral;2;3;0;0;0;0;1
07/04/2015;15:59:00;259;Acidente sem Vítima;397;BR-101/ES;Norte;Colisão Lateral;1;2;0;0;0;0;1
07/04/2015;19:17:00;303;Acidente com vítima;448;BR-101/ES;Sul;Colisão Frontal;1;0;2;0;1;0;2
08/04/2015;10:19:00;130;Acidente sem Vítima;268;BR-101/ES;Sul;Colisão Lateral;1;2;0;0;0;0;1
09/04/2015;13:02:00;227;Acidente com vítima;269;BR-101/ES;Norte;Colisão Traseira;1;1;1;0;0;0;1
09/04/2015;19:35:00;316;Acidente sem Vítima;283;BR-101/ES;Norte;Colisão Lateral;1;2;0;0;0;0;1
09/04/2015;07:23:00;79;Acidente sem Vítima;298,5;BR-101/ES;Norte;Colisão Lateral;1;1;0;0;0;0;1
09/04/2015;23:04:00;353;Acidente com vítima;387;BR-101/ES;Norte;Tombamento;2;0;1;0;0;0;1
09/04/2015;16:34:00;272;Acidente sem Vítima;401;BR-101/ES;Sul;Saída de Pista;1;1;0;0;0;0;1
09/04/2015;19:20:00;314;Acidente sem Vítima;439;BR-101/ES;Norte;Tombamento;1;1;0;0;0;0;1
10/04/2015;16:33:00;255;Acidente sem Vítima;8;BR-101/ES;Norte;Tombamento;4;1;0;0;0;0;1
10/04/2015;04:32:00;32;Acidente sem Vítima;289;BR-101/ES;Norte;Atropelamento - Equino;2;1;0;0;0;0;1
11/04/2015;14:47:00;213;Acidente com vítima;17,5;BR-101/ES;Sul;Colisão Frontal;4;0;2;0;0;0;1
11/04/2015;10:34:00;144;Acidente sem Vítima;38;BR-101/ES;Sul;Tombamento;3;1;0;0;0;0;1
11/04/2015;18:52:00;263;Acidente sem Vítima;51;BR-101/ES;Norte;Colisão Lateral;1;2;0;0;0;0;1
11/04/2015;06:19:00;67;Acidente sem Vítima;126;BR-101/ES;Sul;Colisão Traseira;1;4;0;0;0;0;1
11/04/2015;11:32:00;164;Acidente sem Vítima;149;BR-101/ES;Sul;Colisão Lateral;1;4;0;0;0;0;1
12/04/2015;20:30:00;303;Acidente com vítima;80;BR-101/ES;Norte;Colisão Traseira;1;1;1;0;0;0;1
12/04/2015;22:03:00;321;Acidente sem Vítima;141;BR-101/ES;Norte;Colisão Traseira;5;2;0;0;0;0;1
12/04/2015;22:09:00;323;Acidente com vítima;285;BR-101/ES;Norte;Colisão Traseira;2;1;0;1;0;0;2
13/04/2015;17:24:00;281;Acidente sem Vítima;147;BR-101/ES;Sul;Colisão Transversal;1;2;0;0;0;0;1
13/04/2015;15:20:00;243;Acidente sem Vítima;267,1;BR-101/ES;Sul;Tombamento;1;1;0;0;0;0;1
13/04/2015;06:06:00;63;Acidente sem Vítima;299;BR-101/ES;Norte;Engavetamento;4;5;0;0;0;0;1
13/04/2015;17:04:00;276;Acidente sem Vítima;331;BR-101/ES;Sul;Colisão Frontal;1;2;0;0;0;0;1
14/04/2015;11:46:00;170;Acidente sem Vítima;265;BR-101/ES;Norte;Colisão Lateral;1;2;0;0;0;0;1
14/04/2015;15:59:00;267;Acidente sem Vítima;265;BR-101/ES;Norte;Colisão Lateral;2;2;0;0;0;0;1
14/04/2015;16:36:00;284;Acidente sem Vítima;269;BR-101/ES;Norte;Colisão Traseira;2;2;0;0;0;0;1
14/04/2015;14:29:00;240;Acidente sem Vítima;325;BR-101/ES;Norte;Engavetamento;5;5;0;0;0;0;1
14/04/2015;14:27:00;238;Acidente sem Vítima;335;BR-101/ES;Norte;Tombamento;1;1;0;0;0;0;1
14/04/2015;20:46:00;337;Acidente sem Vítima;341;BR-101/ES;Norte;Colisão Lateral;2;3;0;0;0;0;1
14/04/2015;22:48:00;365;Acidente sem Vítima;349;BR-101/ES;Norte;Colisão Traseira;2;2;0;0;0;0;1
14/04/2015;16:24:00;277;Acidente sem Vítima;382;BR-101/ES;Norte;Tombamento;2;2;0;0;0;0;1
15/04/2015;16:41:00;297;Acidente sem Vítima;148;BR-101/ES;Norte;Colisão Lateral;1;2;0;0;0;0;1
15/04/2015;17:27:00;306;Acidente sem Vítima;148,5;BR-101/ES;Sul;Colisão Lateral;1;4;0;0;0;0;1
15/04/2015;11:23:00;175;Acidente sem Vítima;271;BR-101/ES;Sul;Colisão Transversal;3;2;0;0;0;0;1
15/04/2015;12:34:00;211;Acidente sem Vítima;314;BR-101/ES;Sul;Colisão Lateral;2;3;0;0;0;0;1
15/04/2015;06:28:00;76;Acidente com vítima;411;BR-101/ES;Sul;Tombamento;2;0;1;0;0;0;1
16/04/2015;12:47:00;202;Acidente sem Vítima;50;BR-101/ES;Sul;Colisão Traseira;6;2;0;0;0;0;1
16/04/2015;18:28:00;299;Acidente com vítima;84;BR-101/ES;Sul;Colisão Traseira;5;1;1;0;0;0;1
16/04/2015;14:10:00;227;Acidente sem Vítima;147;BR-101/ES;Norte;Colisão Traseira;1;3;0;0;0;0;1
16/04/2015;21:47:00;341;Acidente com vítima;183;BR-101/ES;Sul;Tombamento;2;0;2;1;0;0;2
16/04/2015;05:39:00;59;Acidente com vítima;283;BR-101/ES;Norte;Colisão Traseira;1;1;0;1;0;0;2
16/04/2015;13:47:00;221;Acidente sem Vítima;353;BR-101/ES;Norte;Colisão Lateral;4;2;0;0;0;0;1
17/04/2015;07:00:00;63;Acidente sem Vítima;37;BR-101/ES;Sul;Tombamento;2;1;0;0;0;0;1
17/04/2015;18:54:00;292;Acidente com vítima;152;BR-101/ES;Sul;Colisão Lateral;4;2;1;0;0;0;1
17/04/2015;07:24:00;70;Acidente com vítima;276;BR-101/ES;Norte;Colisão Traseira;3;4;0;1;0;0;2
18/04/2015;18:11:00;278;Acidente com Morte;19;BR-101/ES;Sul;Colisão Frontal;1;1;0;0;0;1;3
18/04/2015;10:05:00;112;Acidente sem Vítima;22;BR-101/ES;Norte;Colisão Traseira;1;3;0;0;0;0;1
18/04/2015;01:16:00;16;Acidente com Morte;154,3;BR-101/ES;Norte;Colisão Frontal;2;0;0;0;0;3;3
18/04/2015;12:00:00;154;Acidente sem Vítima;242;BR-101/ES;Sul;Colisão Lateral;1;4;0;0;0;0;1
18/04/2015;12:35:00;170;Acidente com vítima;413;BR-101/ES;Sul;Colisão Lateral;1;1;0;0;2;0;2
19/04/2015;17:40:00;267;Acidente com vítima;170;BR-101/ES;Norte;Colisão Lateral;1;1;2;0;0;0;1
19/04/2015;09:58:00;103;Acidente sem Vítima;321;BR-101/ES;Sul;Colisão Traseira;3;3;0;0;0;0;1
20/04/2015;10:29:00;136;Atropelamento com Morte;267;BR-101/ES;Sul;Atropelamento;1;1;0;0;0;1;3
20/04/2015;18:20:00;313;Acidente sem Vítima;399;BR-101/ES;Sul;Colisão Traseira;4;2;0;0;0;0;1
21/04/2015;12:13:00;162;Acidente sem Vítima;147;BR-101/ES;Sul;Saída de Pista;1;1;0;0;0;0;1
21/04/2015;11:10:00;136;Acidente sem Vítima;258;BR-101/ES;Sul;Colisão Traseira;1;3;0;0;0;0;1
21/04/2015;08:25:00;91;Acidente com Morte;368;BR-101/ES;Sul;Tombamento;5;0;0;1;0;2;3
22/04/2015;17:42:00;273;Acidente sem Vítima;14;BR-101/ES;Sul;Tombamento;1;1;0;0;0;0;1
22/04/2015;08:08:00;96;Acidente com vítima;145;BR-101/ES;Sul;Colisão Traseira;5;1;1;0;0;0;1
22/04/2015;16:20:00;256;Acidente com vítima;154;BR-101/ES;Norte;Colisão Traseira;1;4;1;0;0;0;1
22/04/2015;15:41:00;248;Acidente com vítima;162;BR-101/ES;Sul;Colisão Lateral;1;1;1;3;0;0;2
22/04/2015;19:25:00;290;Acidente sem Vítima;213;BR-101/ES;Sul;Colisão Traseira;3;2;0;0;0;0;1
22/04/2015;10:56:00;150;Acidente sem Vítima;294;BR-101/ES;Norte;Colisão Lateral;2;4;0;0;0;0;1
22/04/2015;14:38:00;234;Acidente sem Vítima;396;BR-101/ES;Norte;Tombamento;2;1;0;0;0;0;1
22/04/2015;01:19:00;17;Acidente com vítima;459;BR-101/ES;Sul;Tombamento;2;0;1;0;0;0;1
23/04/2015;14:05:00;186;Acidente sem Vítima;8;BR-101/ES;Sul;Tombamento;4;1;0;0;0;0;1
23/04/2015;06:03:00;64;Acidente com vítima;258;BR-101/ES;Norte;Tombamento;1;0;1;0;0;0;1
23/04/2015;11:30:00;135;Acidente sem Vítima;266;BR-101/ES;Sul;Colisão Traseira;2;2;0;0;0;0;1
23/04/2015;08:09:00;90;Acidente com vítima;317;BR-101/ES;Norte;Tombamento;1;0;1;0;0;0;1
24/04/2015;18:53:00;322;Acidente sem Vítima;198;BR-101/ES;Sul;Colisão Lateral;1;5;0;0;0;0;1
25/04/2015;09:25:00;122;Acidente sem Vítima;122;BR-101/ES;Sul;Colisão Traseira;1;2;0;0;0;0;1
25/04/2015;09:34:00;126;Acidente sem Vítima;269;BR-101/ES;Norte;Colisão Lateral;2;2;0;0;0;0;1
25/04/2015;17:23:00;242;Acidente sem Vítima;288;BR-101/ES;Norte;Colisão Traseira;2;2;0;0;0;0;1
25/04/2015;09:54:00;129;Acidente com vítima;401;BR-101/ES;Sul;Saída de Pista;1;1;1;0;0;0;1
26/04/2015;22:18:00;301;Acidente sem Vítima;219;BR-101/ES;Norte;Tombamento;3;1;0;0;0;0;1
27/04/2015;01:37:00;14;Acidente sem Vítima;135;BR-101/ES;Sul;Colisão Traseira;4;3;0;0;0;0;1
27/04/2015;20:09:00;277;Acidente sem Vítima;192;BR-101/ES;Norte;Atropelamento - Bovino;1;1;0;0;0;0;1
27/04/2015;10:28:00;126;Acidente com vítima;291;BR-101/ES;Norte;Colisão Traseira;4;1;1;0;0;0;1
27/04/2015;22:31:00;301;Atropelamento sem Morte;299;BR-101/ES;Norte;Atropelamento;2;0;0;1;0;0;2
27/04/2015;01:06:00;10;Acidente com vítima;301;BR-101/ES;Sul;Colisão Frontal;1;4;1;0;0;0;1
28/04/2015;19:08:00;327;Acidente sem Vítima;132;BR-101/ES;Sul;Engavetamento;2;3;0;0;0;0;1
28/04/2015;17:45:00;313;Acidente com vítima;135;BR-101/ES;Norte;Colisão Transversal;1;1;0;1;0;0;2
28/04/2015;14:10:00;255;Acidente sem Vítima;236;BR-101/ES;Sul;Colisão Lateral;2;3;0;0;0;0;1
28/04/2015;23:20:00;377;Acidente com vítima;246;BR-101/ES;Sul;Tombamento;2;0;0;1;0;0;2
28/04/2015;11:20:00;193;Acidente sem Vítima;270;BR-101/ES;Sul;Colisão Lateral;2;2;0;0;0;0;1
28/04/2015;15:51:00;281;Acidente sem Vítima;301;BR-101/ES;Norte;Colisão Lateral;1;6;0;0;0;0;1
29/04/2015;06:28:00;49;Acidente sem Vítima;130;BR-101/ES;Norte;Colisão Traseira;1;2;0;0;0;0;1
29/04/2015;06:21:00;47;Acidente sem Vítima;202;BR-101/ES;Norte;Tombamento;2;1;0;0;0;0;1
29/04/2015;16:44:00;264;Acidente sem Vítima;264;BR-101/ES;Norte;Colisão Lateral;2;2;0;0;0;0;1
29/04/2015;17:05:00;275;Acidente sem Vítima;297;BR-101/ES;Norte;Engavetamento;1;4;0;0;0;0;1
30/04/2015;21:59:00;362;Acidente sem Vítima;262;BR-101/ES;Sul;Colisão Traseira;2;2;0;0;0;0;1
30/04/2015;07:33:00;71;Acidente sem Vítima;270;BR-101/ES;Norte;Colisão Lateral;2;2;0;0;0;0;1
30/04/2015;10:08:00;123;Acidente sem Vítima;274;BR-101/ES;Norte;Choque com Objeto Fixo;2;1;0;0;0;0;1
30/04/2015;07:22:00;67;Acidente sem Vítima;291;BR-101/ES;Sul;Choque com Objeto Fixo;1;1;0;0;0;0;1
30/04/2015;12:47:00;189;Acidente sem Vítima;399;BR-101/ES;Norte;Engavetamento;1;9;0;0;0;0;1
30/04/2015;09:14:00;106;Acidente sem Vítima;420;BR-101/ES;Norte;Colisão Lateral;2;2;0;0;0;0;1
30/04/2015;13:09:00;200;Acidente sem Vítima;438;BR-101/ES;Sul;Colisão Transversal;2;3;0;0;0;0;1
01/05/2015;11:04:00;184;Acidente sem Vítima;146;BR-101/ES;Sul;Colisão Lateral;3;3;0;0;0;0;1
01/05/2015;09:10:00;139;Acidente sem Vítima;298;BR-101/ES;Sul;Colisão Traseira;1;7;0;0;0;0;1
02/05/2015;23:20:00;329;Acidente sem Vítima;32;BR-101/ES;Norte;Atropelamento - Bovino;3;1;0;0;0;0;1
02/05/2015;13:01:00;195;Acidente sem Vítima;268;BR-101/ES;Sul;Colisão Lateral;3;2;0;0;0;0;1
02/05/2015;16:23:00;240;Acidente com vítima;299;BR-101/ES;Norte;Colisão Traseira;5;1;1;0;0;0;1
02/05/2015;10:02:00;136;Acidente sem Vítima;321;BR-101/ES;Sul;Choque com Objeto Fixo;1;2;0;0;0;0;1
02/05/2015;17:43:00;265;Acidente com vítima;393;BR-101/ES;Norte;Colisão Transversal;1;1;0;0;1;0;2
03/05/2015;17:59:00;252;Acidente com vítima;67;BR-101/ES;Norte;Colisão Transversal;1;2;1;0;0;0;1
03/05/2015;14:34:00;196;Acidente sem Vítima;399;BR-101/ES;Norte;Colisão Traseira;2;4;0;0;0;0;1
04/05/2015;16:13:00;252;Acidente com vítima;70;BR-101/ES;Norte;Colisão Frontal;1;1;4;0;0;0;1
04/05/2015;17:59:00;279;Acidente sem Vítima;227;BR-101/ES;Norte;Colisão Lateral;2;25;0;0;0;0;1
04/05/2015;18:01:00;280;Acidente sem Vítima;262;BR-101/ES;Sul;Colisão Traseira;1;2;0;0;0;0;1
04/05/2015;18:23:00;286;Acidente sem Vítima;268;BR-101/ES;Norte;Colisão Traseira;1;2;0;0;0;0;1
04/05/2015;19:01:00;290;Acidente sem Vítima;268;BR-101/ES;Sul;Engavetamento;1;4;0;0;0;0;1
05/05/2015;21:42:00;372;Acidente sem Vítima;319;BR-101/ES;Norte;Saída de Pista;2;1;0;0;0;0;1
05/05/2015;07:33:00;102;Acidente sem Vítima;321;BR-101/ES;Norte;Colisão Lateral;2;2;0;0;0;0;1
05/05/2015;21:49:00;373;Acidente sem Vítima;326;BR-101/ES;Sul;Colisão Lateral;2;3;0;0;0;0;1
06/05/2015;02:55:00;31;Acidente sem Vítima;14;BR-101/ES;Sul;Tombamento;3;2;0;0;0;0;1
06/05/2015;22:22:00;321;Acidente sem Vítima;84;BR-101/ES;Sul;Colisão Traseira;5;1;0;0;0;0;1
06/05/2015;17:36:00;270;Acidente sem Vítima;146;BR-101/ES;Sul;Colisão Lateral;3;3;0;0;0;0;1
06/05/2015;08:45:00;102;Acidente sem Vítima;270;BR-101/ES;Norte;Colisão Lateral;2;2;0;0;0;0;1
06/05/2015;07:49:00;83;Acidente sem Vítima;292;BR-101/ES;Norte;Colisão Traseira;1;3;0;0;0;0;1
07/05/2015;19:29:00;275;Acidente sem Vítima;196;BR-101/ES;Sul;Saída de Pista;1;2;0;0;0;0;1
07/05/2015;01:00:00;5;Acidente sem Vítima;229;BR-101/ES;Sul;Colisão Transversal;5;2;0;0;0;0;1
07/05/2015;19:00:00;272;Acidente com vítima;243;BR-101/ES;Sul;Colisão Frontal;2;1;0;2;0;0;2
07/05/2015;16:40:00;246;Acidente sem Vítima;452;BR-101/ES;Norte;Colisão Traseira;3;3;0;0;0;0;1
08/05/2015;18:30:00;307;Acidente sem Vítima;84;BR-101/ES;Sul;Colisão Traseira;3;2;0;0;0;0;1
08/05/2015;12:24:00;196;Acidente com vítima;161;BR-101/ES;Norte;Colisão Lateral;1;1;0;1;0;0;2
08/05/2015;19:44:00;324;Acidente sem Vítima;255;BR-101/ES;Norte;Colisão Traseira;3;2;0;0;0;0;1
08/05/2015;15:52:00;261;Acidente sem Vítima;282;BR-101/ES;Norte;Choque com Objeto Fixo;1;1;0;0;0;0;1
08/05/2015;08:35:00;107;Acidente sem Vítima;361;BR-101/ES;Norte;Colisão Traseira;2;2;0;0;0;0;1
08/05/2015;03:00:00;25;Acidente com vítima;438;BR-101/ES;Norte;Colisão Frontal;3;0;0;2;0;0;2
09/05/2015;19:00:00;301;Acidente sem Vítima;95;BR-101/ES;Norte;Choque com Veículo Estacionado;1;2;0;0;0;0;1
10/05/2015;20:44:00;295;Acidente com vítima;118;BR-101/ES;Norte;Saída de Pista;1;0;0;1;0;0;2
11/05/2015;18:03:00;270;Acidente sem Vítima;213;BR-101/ES;Sul;Colisão Traseira;1;2;0;0;0;0;1
12/05/2015;19:37:00;315;Acidente com Morte;96;BR-101/ES;Norte;Colisão Frontal;2;1;0;0;0;1;3
12/05/2015;18:05:00;292;Acidente sem Vítima;208;BR-101/ES;Norte;Choque com Objeto Fixo;1;6;0;0;0;0;1
13/05/2015;00:40:00;9;Acidente sem Vítima;304;BR-101/ES;Sul;Tombamento;1;1;0;0;0;0;1
13/05/2015;02:23:00;20;Acidente sem Vítima;428;BR-101/ES;Sul;Saída de Pista;1;1;0;0;0;0;1
14/05/2015;02:09:00;18;Acidente com Morte;259,9;BR-101/ES;Sul;Colisão Traseira;1;2;0;0;1;1;3
14/05/2015;21:36:00;340;Acidente sem Vítima;266;BR-101/ES;Sul;Colisão Lateral;2;2;0;0;0;0;1
14/05/2015;13:11:00;213;Acidente sem Vítima;400,8;BR-101/ES;Norte;Tombamento;2;2;0;0;0;0;1
15/05/2015;15:02:00;218;Acidente sem Vítima;99,5;BR-101/ES;Sul;Colisão Lateral;1;4;0;0;0;0;1
15/05/2015;20:29:00;299;Acidente sem Vítima;222;BR-101/ES;Sul;Colisão Lateral;2;6;0;0;0;0;1
15/05/2015;19:44:00;285;Acidente sem Vítima;269;BR-101/ES;Sul;Colisão Lateral;2;2;0;0;0;0;1
15/05/2015;20:21:00;297;Acidente sem Vítima;335;BR-101/ES;Sul;Colisão Traseira;1;3;0;0;0;0;1
16/05/2015;15:12:00;214;Acidente sem Vítima;146;BR-101/ES;Sul;Colisão Transversal;1;6;0;0;0;0;1
16/05/2015;15:17:00;217;Acidente sem Vítima;272;BR-101/ES;Norte;Colisão Lateral;1;6;0;0;0;0;1
17/05/2015;20:37:00;303;Acidente com vítima;397;BR-101/ES;Sul;Colisão Frontal;2;1;0;0;1;0;2
18/05/2015;05:19:00;46;Acidente com Morte;117;BR-101/ES;Norte;Colisão Frontal;2;0;2;1;1;2;3
18/05/2015;06:06:00;52;Acidente sem Vítima;228;BR-101/ES;Norte;Colisão Traseira;1;4;0;0;0;0;1
18/05/2015;14:53:00;212;Acidente sem Vítima;290;BR-101/ES;Sul;Colisão Lateral;1;4;0;0;0;0;1
18/05/2015;17:16:00;251;Acidente com vítima;320;BR-101/ES;Sul;Colisão Traseira;2;3;1;0;0;0;1
18/05/2015;15:55:00;233;Acidente sem Vítima;332;BR-101/ES;Norte;Colisão Traseira;1;2;0;0;0;0;1
19/05/2015;14:47:00;206;Acidente sem Vítima;73;BR-101/ES;Norte;Choque;4;4;0;0;0;0;1
19/05/2015;06:44:00;63;Acidente sem Vítima;171;BR-101/ES;Sul;Colisão Traseira;6;3;0;0;0;0;1
19/05/2015;06:39:00;62;Acidente sem Vítima;176,5;BR-101/ES;Sul;Colisão Traseira;2;4;0;0;0;0;1
19/05/2015;14:38:00;204;Acidente sem Vítima;269;BR-101/ES;Norte;Colisão Traseira;1;3;0;0;0;0;1
19/05/2015;17:36:00;254;Acidente sem Vítima;269;BR-101/ES;Sul;Colisão Traseira;2;3;0;0;0;0;1
19/05/2015;04:28:00;45;Acidente sem Vítima;325;BR-101/ES;Sul;Colisão Lateral;1;1;0;0;0;0;1
19/05/2015;22:02:00;305;Acidente com vítima;330;BR-101/ES;Sul;Colisão Traseira;2;1;0;1;0;0;2
20/05/2015;15:11:00;232;Acidente sem Vítima;143;BR-101/ES;Norte;Colisão Traseira;2;5;0;0;0;0;1
20/05/2015;20:15:00;301;Acidente sem Vítima;209;BR-101/ES;Norte;Colisão Lateral;1;2;0;0;0;0;1
20/05/2015;10:46:00;142;Acidente sem Vítima;268;BR-101/ES;Norte;Colisão Traseira;1;3;0;0;0;0;1
20/05/2015;15:12:00;233;Acidente sem Vítima;270;BR-101/ES;Norte;Colisão Lateral;2;2;0;0;0;0;1
20/05/2015;02:29:00;20;Acidente sem Vítima;276;BR-101/ES;Norte;Saída de Pista;2;1;0;0;0;0;1
20/05/2015;19:54:00;293;Acidente sem Vítima;321;BR-101/ES;Sul;Colisão Traseira;2;4;0;0;0;0;1
20/05/2015;05:21:00;49;Acidente sem Vítima;391;BR-101/ES;Norte;Tombamento;2;1;0;0;0;0;1
20/05/2015;01:06:00;14;Acidente sem Vítima;399;BR-101/ES;Sul;Colisão Traseira;2;1;0;0;0;0;1
21/05/2015;05:16:00;56;Acidente com vítima;264;BR-101/ES;Norte;Colisão Lateral;1;1;1;0;0;0;1