data;horario;n_da_ocorrencia;tipo_de_ocorrencia;km;trecho;sentido;tipo_de_acidente;caminhao;ilesos;levemente_feridos;moderadamente_feridos;gravemente_feridos;mortos;3
21/05/2015;11:53:00;171;Acidente com vítima;298;BR-101/ES;Sul;Colisão Traseira;1;1;1;0;0;0;1
21/05/2015;07:04:00;73;Acidente sem Vítima;344;BR-101/ES;Sul;Saída de Pista;2;2;0;0;0;0;1
21/05/2015;10:59:00;146;Acidente sem Vítima;371;BR-101/ES;Norte;Colisão Traseira;2;2;0;0;0;0;1
21/05/2015;12:29:00;183;Acidente sem Vítima;371;BR-101/ES;Sul;Saída de Pista;2;1;0;0;0;0;1
22/05/2015;20:08:00;300;Acidente com Morte;12;BR-101/ES;Norte;Colisão Lateral;1;0;2;1;1;1;3
22/05/2015;19:42:00;292;Acidente com vítima;206,5;BR-101/ES;Sul;Choque;1;0;2;0;0;0;1
22/05/2015;15:52:00;247;Acidente com vítima;209,5;BR-101/ES;Sul;Colisão Traseira;1;6;0;1;0;0;2
22/05/2015;15:23:00;242;Acidente sem Vítima;270;BR-101/ES;Norte;Colisão Lateral;1;5;0;0;0;0;1
22/05/2015;08:17:00;89;Acidente sem Vítima;321;BR-101/ES;Sul;Engavetamento;5;4;0;0;0;0;1
23/05/2015;04:59:00;41;Acidente com vítima;131;BR-101/ES;Sul;Colisão Lateral;1;1;0;1;0;0;2
23/05/2015;15:55:00;246;Acidente sem Vítima;212;BR-101/ES;Norte;Colisão Traseira;1;2;0;0;0;0;1
23/05/2015;09:40:00;118;Acidente sem Vítima;270;BR-101/ES;Norte;Colisão Lateral;2;2;0;0;0;0;1
23/05/2015;14:41:00;227;Acidente sem Vítima;371;BR-101/ES;Sul;Colisão Traseira;1;5;0;0;0;0;1
25/05/2015;07:40:00;78;Acidente sem Vítima;262;BR-101/ES;Norte;Colisão Traseira;1;2;0;0;0;0;1
25/05/2015;13:46:00;209;Acidente sem Vítima;266;BR-101/ES;Norte;Colisão Lateral;1;3;0;0;0;0;1
25/05/2015;05:38:00;55;Acidente sem Vítima;267;BR-101/ES;Norte;Colisão Lateral;2;3;0;0;0;0;1
25/05/2015;05:48:00;57;Acidente sem Vítima;369;BR-101/ES;Sul;Colisão Lateral;1;18;0;0;0;0;1
26/05/2015;23:16:00;346;Acidente com vítima;65;BR-101/ES;Norte;Colisão Traseira;1;2;0;1;0;0;2
26/05/2015;11:22:00;170;Acidente sem Vítima;270;BR-101/ES;Norte;Colisão Traseira;2;2;0;0;0;0;1
26/05/2015;09:24:00;140;Acidente com vítima;390;BR-101/ES;Norte;Colisão Frontal;4;11;0;1;0;0;2
26/05/2015;07:28:00;88;Acidente sem Vítima;452;BR-101/ES;Sul;Colisão Traseira;1;2;0;0;0;0;1
27/05/2015;19:19:00;293;Acidente com vítima;27;BR-101/ES;Sul;Colisão Traseira;1;1;1;0;0;0;1
27/05/2015;20:26:00;306;Acidente com vítima;109;BR-101/ES;Norte;Colisão Lateral;2;1;2;1;0;0;2
27/05/2015;17:38:00;269;Acidente sem Vítima;264;BR-101/ES;Sul;Colisão Traseira;2;2;0;0;0;0;1
27/05/2015;10:00:00;129;Acidente sem Vítima;287,9;BR-101/ES;Sul;Colisão Lateral;3;2;0;0;0;0;1
27/05/2015;22:26:00;328;Acidente sem Vítima;316,5;BR-101/ES;Norte;Tombamento;1;1;0;0;0;0;1
27/05/2015;21:33:00;319;Acidente com vítima;404;BR-101/ES;Norte;Colisão Transversal;2;0;4;1;0;0;2
27/05/2015;14:07:00;216;Acidente sem Vítima;452;BR-101/ES;Sul;Colisão Traseira;4;3;0;0;0;0;1
28/05/2015;19:02:00;296;Acidente sem Vítima;149;BR-101/ES;Sul;Colisão Transversal;3;2;0;0;0;0;1
28/05/2015;09:49:00;136;Acidente sem Vítima;213;BR-101/ES;Norte;Colisão Traseira;2;3;0;0;0;0;1
28/05/2015;11:45:00;176;Acidente sem Vítima;266;BR-101/ES;Norte;Colisão Lateral;2;2;0;0;0;0;1
28/05/2015;16:00:00;254;Acidente sem Vítima;307;BR-101/ES;Norte;Tombamento;2;1;0;0;0;0;1
29/05/2015;14:13:00;230;Acidente sem Vítima;268;BR-101/ES;Sul;Colisão Traseira;1;4;0;0;0;0;1
29/05/2015;17:36:00;282;Acidente sem Vítima;270;BR-101/ES;Norte;Colisão Lateral;1;2;0;0;0;0;1
29/05/2015;00:08:00;5;Acidente sem Vítima;399;BR-101/ES;Sul;Atropelamento - Bovino;1;2;0;0;0;0;1
30/05/2015;04:53:00;57;Acidente com vítima;49;BR-101/ES;Norte;Colisão Lateral;2;2;1;0;0;0;1
30/05/2015;05:25:00;61;Acidente com Morte;121;BR-101/ES;Sul;Colisão Frontal;1;1;0;0;0;1;3
30/05/2015;06:34:00;71;Acidente com vítima;450;BR-101/ES;Sul;Colisão Traseira;2;2;1;0;0;0;1
31/05/2015;00:16:00;8;Acidente sem Vítima;211;BR-101/ES;Norte;Saída de Pista;1;1;0;0;0;0;1
31/05/2015;10:31:00;119;Acidente sem Vítima;389;BR-101/ES;Norte;Tombamento;2;1;0;0;0;0;1
01/06/2015;11:17:00;153;Acidente com vítima;209;BR-101/ES;Norte;Colisão Lateral;3;3;1;1;0;0;2
01/06/2015;21:38:00;321;Acidente com vítima;234;BR-101/ES;Sul;Colisão Frontal;9;4;0;1;0;0;2
01/06/2015;07:01:00;66;Acidente com vítima;250;BR-101/ES;Norte;Colisão Lateral;1;1;2;0;0;0;1
01/06/2015;22:31:00;333;Acidente sem Vítima;270;BR-101/ES;Norte;Colisão Lateral;2;3;0;0;0;0;1
02/06/2015;16:30:00;257;Acidente sem Vítima;163,5;BR-101/ES;Sul;Colisão Traseira;1;4;0;0;0;0;1
02/06/2015;15:56:00;240;Acidente com vítima;164;BR-101/ES;Norte;Colisão Traseira;1;2;1;1;0;0;2
02/06/2015;19:56:00;297;Acidente sem Vítima;189;BR-101/ES;Sul;Colisão Traseira;1;1;0;0;0;0;1
02/06/2015;14:33:00;218;Acidente sem Vítima;229;BR-101/ES;Norte;Engavetamento;2;4;0;0;0;0;1
02/06/2015;16:29:00;255;Acidente sem Vítima;288;BR-101/ES;Norte;Colisão Lateral;2;3;0;0;0;0;1
02/06/2015;07:51:00;71;Acidente sem Vítima;301;BR-101/ES;Norte;Colisão Lateral;1;4;0;0;0;0;1
03/06/2015;12:02:00;195;Acidente sem Vítima;262;BR-101/ES;Norte;Colisão Traseira;1;3;0;0;0;0;1
04/06/2015;07:49:00;72;Acidente sem Vítima;213;BR-101/ES;Norte;Engavetamento;1;8;0;0;0;0;1
05/06/2015;14:21:00;201;Acidente sem Vítima;137;BR-101/ES;Sul;Colisão Transversal;1;3;0;0;0;0;1
05/06/2015;07:10:00;67;Acidente sem Vítima;176;BR-101/ES;Norte;Colisão Traseira;1;2;0;0;0;0;1
05/06/2015;10:55:00;131;Acidente com Morte;193;BR-101/ES;Norte;Colisão Frontal;2;0;0;1;0;2;3
05/06/2015;12:45:00;182;Acidente sem Vítima;236;BR-101/ES;Sul;Colisão Traseira;1;2;0;0;0;0;1
05/06/2015;13:40:00;195;Acidente com vítima;401;BR-101/ES;Sul;Saída de Pista;1;0;1;0;0;0;1
06/06/2015;07:23:00;83;Acidente sem Vítima;66;BR-101/ES;Norte;Colisão Lateral;1;2;0;0;0;0;1
06/06/2015;08:20:00;102;Acidente sem Vítima;321;BR-101/ES;Norte;Colisão Traseira;3;3;0;0;0;0;1
06/06/2015;04:49:00;62;Acidente com vítima;384,7;BR-101/ES;Sul;Tombamento;1;2;2;0;1;0;2
07/06/2015;13:24:00;188;Acidente sem Vítima;320;BR-101/ES;Norte;Colisão Traseira;2;4;0;0;0;0;1
07/06/2015;15:28:00;229;Acidente sem Vítima;452;BR-101/ES;Sul;Colisão Traseira;1;5;0;0;0;0;1
08/06/2015;10:59:00;143;Acidente com vítima;66;BR-101/ES;Sul;Colisão Transversal;2;1;0;2;0;0;2
08/06/2015;22:33:00;333;Acidente sem Vítima;160;BR-101/ES;Norte;Colisão Traseira;1;4;0;0;0;0;1
08/06/2015;10:25:00;134;Acidente sem Vítima;181;BR-101/ES;Sul;Colisão Lateral;1;3;0;0;0;0;1
09/06/2015;10:34:00;135;Acidente com vítima;262;BR-101/ES;Norte;Colisão Traseira;2;2;1;0;0;0;1
09/06/2015;10:29:00;133;Acidente sem Vítima;292;BR-101/ES;Sul;Colisão Traseira;1;2;0;0;0;0;1
09/06/2015;15:08:00;234;Acidente com vítima;372;BR-101/ES;Norte;Colisão Lateral;2;2;1;0;0;0;1
09/06/2015;21:39:00;309;Acidente sem Vítima;436;BR-101/ES;Norte;Saída de Pista;1;1;0;0;0;0;1
10/06/2015;13:34:00;230;Acidente sem Vítima;268;BR-101/ES;Norte;Colisão Traseira;2;2;0;0;0;0;1
10/06/2015;07:50:00;106;Acidente sem Vítima;270;BR-101/ES;Norte;Colisão Traseira;1;3;0;0;0;0;1
10/06/2015;13:59:00;240;Acidente sem Vítima;345;BR-101/ES;Norte;Colisão Lateral;2;6;0;0;0;0;1
11/06/2015;12:28:00;191;Acidente com vítima;285;BR-101/ES;Sul;Colisão Lateral;1;1;0;1;0;0;2
11/06/2015;18:54:00;300;Acidente sem Vítima;454;BR-101/ES;Sul;Tombamento;2;1;0;0;0;0;1
12/06/2015;14:31:00;182;Acidente sem Vítima;171;BR-101/ES;Sul;Colisão Traseira;4;2;0;0;0;0;1
12/06/2015;06:30:00;50;Acidente com Morte;188,6;BR-101/ES;Norte;Colisão Lateral;2;5;0;3;0;1;3
12/06/2015;17:35:00;245;Acidente sem Vítima;265;BR-101/ES;Sul;Colisão Traseira;1;2;0;0;0;0;1
12/06/2015;07:10:00;58;Acidente sem Vítima;285;BR-101/ES;Sul;Colisão Lateral;2;4;0;0;0;0;1
12/06/2015;09:59:00;107;Acidente sem Vítima;291;BR-101/ES;Sul;Colisão Traseira;4;4;0;0;0;0;1
13/06/2015;10:30:00;143;Acidente sem Vítima;261;BR-101/ES;Sul;Colisão Lateral;1;3;0;0;0;0;1
13/06/2015;19:30:00;301;Acidente sem Vítima;270;BR-101/ES;Sul;Colisão Lateral;1;2;0;0;0;0;1
13/06/2015;17:59:00;279;Acidente com Morte;358;BR-101/ES;Sul;Colisão Lateral;2;1;0;0;0;1;3
14/06/2015;20:49:00;278;Acidente sem Vítima;147;BR-101/ES;Norte;Colisão Traseira;2;5;0;0;0;0;1
14/06/2015;13:22:00;157;Acidente sem Vítima;270;BR-101/ES;Sul;Colisão Lateral;1;4;0;0;0;0;1
15/06/2015;22:00:00;316;Acidente com vítima;269;BR-101/ES;Sul;Colisão Traseira;2;1;0;0;1;0;2
16/06/2015;17:56:00;258;Acidente sem Vítima;153;BR-101/ES;Norte;Engavetamento;1;6;0;0;0;0;1
16/06/2015;18:31:00;267;Acidente sem Vítima;154;BR-101/ES;Norte;Colisão Traseira;1;4;0;0;0;0;1
16/06/2015;19:42:00;286;Acidente sem Vítima;451;BR-101/ES;Sul;Colisão Lateral;3;1;0;0;0;0;1
17/06/2015;16:06:00;247;Acidente com vítima;69;BR-101/ES;Norte;Colisão Traseira;1;0;2;0;0;0;1
17/06/2015;06:53:00;70;Acidente sem Vítima;345;BR-101/ES;Norte;Colisão Traseira;5;2;0;0;0;0;1
17/06/2015;07:14:00;73;Acidente com vítima;384;BR-101/ES;Norte;Tombamento;2;0;0;1;0;0;2
17/06/2015;01:38:00;24;Acidente com vítima;455;BR-101/ES;Sul;Colisão Lateral;3;2;1;0;0;0;1
18/06/2015;04:31:00;28;Acidente com vítima;239;BR-101/ES;Sul;Tombamento;3;0;0;1;0;0;2
19/06/2015;08:38:00;97;Acidente sem Vítima;149;BR-101/ES;Sul;Colisão Transversal;1;2;0;0;0;0;1
19/06/2015;05:54:00;49;Acidente sem Vítima;155;BR-101/ES;Sul;Saída de Pista;1;2;0;0;0;0;1
19/06/2015;15:15:00;230;Acidente sem Vítima;266;BR-101/ES;Norte;Colisão Lateral;1;2;0;0;0;0;1
19/06/2015;14:36:00;218;Acidente sem Vítima;393;BR-101/ES;Norte;Colisão Lateral;2;3;0;0;0;0;1
20/06/2015;21:08:00;289;Acidente sem Vítima;124;BR-101/ES;Sul;Tombamento;3;1;0;0;0;0;1
20/06/2015;04:39:00;57;Acidente sem Vítima;262;BR-101/ES;Norte;Engavetamento;2;3;0;0;0;0;1
20/06/2015;07:27:00;86;Acidente sem Vítima;290;BR-101/ES;Norte;Saída de Pista;1;1;0;0;0;0;1
20/06/2015;09:54:00;118;Acidente sem Vítima;358;BR-101/ES;Norte;Saída de Pista;1;1;0;0;0;0;1
20/06/2015;15:06:00;215;Acidente com vítima;383,5;BR-101/ES;Norte;Colisão Lateral;3;2;0;0;1;0;2
20/06/2015;09:58:00;119;Acidente sem Vítima;412;BR-101/ES;Sul;Colisão Lateral;4;2;0;0;0;0;1
20/06/2015;00:37:00;8;Acidente com vítima;451,5;BR-101/ES;Sul;Saída de Pista;2;0;1;0;0;0;1
22/06/2015;04:06:00;32;Acidente com Morte;66;BR-101/ES;Norte;Colisão Traseira;4;1;0;0;1;1;3
22/06/2015;07:01:00;49;Acidente com vítima;296;BR-101/ES;Sul;Colisão Traseira;1;1;1;0;0;0;1
22/06/2015;15:04:00;212;Acidente sem Vítima;346;BR-101/ES;Norte;Saída de Pista;1;3;0;0;0;0;1
23/06/2015;14:41:00;207;Acidente sem Vítima;263;BR-101/ES;Sul;Colisão Traseira;1;7;0;0;0;0;1
23/06/2015;17:24:00;252;Acidente com vítima;320;BR-101/ES;Norte;Colisão Traseira;1;1;0;1;0;0;2
23/06/2015;16:56:00;244;Acidente sem Vítima;396;BR-101/ES;Norte;Colisão Traseira;2;2;0;0;0;0;1
24/06/2015;20:44:00;290;Acidente com vítima;297;BR-101/ES;Sul;Colisão Traseira;1;1;0;1;0;0;2
24/06/2015;18:58:00;261;Acidente com Morte;298;BR-101/ES;Sul;Colisão Transversal;2;1;0;0;0;1;3
24/06/2015;15:25:00;210;Acidente sem Vítima;329;BR-101/ES;Norte;Colisão Traseira;1;3;0;0;0;0;1
24/06/2015;00:19:00;5;Acidente sem Vítima;391;BR-101/ES;Sul;Choque;2;2;0;0;0;0;1
24/06/2015;11:16:00;153;Acidente com Morte;394;BR-101/ES;Norte;Colisão Frontal;1;0;1;0;0;1;3
24/06/2015;07:54:00;91;Acidente sem Vítima;398;BR-101/ES;Norte;Colisão Traseira;1;4;0;0;0;0;1
25/06/2015;14:34:00;232;Acidente sem Vítima;162;BR-101/ES;Norte;Colisão Lateral;1;3;0;0;0;0;1
25/06/2015;17:38:00;272;Acidente sem Vítima;283;BR-101/ES;Sul;Colisão Traseira;1;2;0;0;0;0;1
25/06/2015;18:00:00;279;Acidente sem Vítima;283;BR-101/ES;Norte;Tombamento;1;1;0;0;0;0;1
25/06/2015;17:40:00;273;Acidente sem Vítima;358;BR-101/ES;Sul;Colisão Lateral;2;2;0;0;0;0;1
25/06/2015;05:00:00;54;Acidente com Morte;945,6;BR-101/BA;Sul;Colisão Transversal;1;0;0;0;0;1;3
26/06/2015;22:29:00;282;Acidente sem Vítima;145;BR-101/ES;Sul;Colisão Lateral;2;2;0;0;0;0;1
26/06/2015;23:49:00;295;Acidente sem Vítima;146;BR-101/ES;Sul;Colisão Lateral;3;2;0;0;0;0;1
26/06/2015;11:25:00;135;Acidente sem Vítima;149;BR-101/ES;Sul;Colisão Lateral;1;4;0;0;0;0;1
26/06/2015;13:51:00;185;Acidente sem Vítima;184;BR-101/ES;Sul;Colisão Lateral;1;4;0;0;0;0;1
26/06/2015;13:41:00;184;Acidente sem Vítima;264;BR-101/ES;Norte;Saída de Pista;1;1;0;0;0;0;1
26/06/2015;14:51:00;201;Acidente sem Vítima;267;BR-101/ES;Sul;Colisão Traseira;1;2;0;0;0;0;1
26/06/2015;14:31:00;197;Acidente sem Vítima;270;BR-101/ES;Norte;Colisão Lateral;2;3;0;0;0;0;1
26/06/2015;10:00:00;101;Acidente sem Vítima;277;BR-101/ES;Norte;Colisão Lateral;2;2;0;0;0;0;1
26/06/2015;04:37:00;33;Acidente sem Vítima;399;BR-101/ES;Norte;Colisão Traseira;1;3;0;0;0;0;1
27/06/2015;08:12:00;82;Acidente sem Vítima;187;BR-101/ES;Norte;Colisão Lateral;1;6;0;0;0;0;1
27/06/2015;08:55:00;94;Acidente sem Vítima;224;BR-101/ES;Sul;Colisão Lateral;1;3;0;0;0;0;1
27/06/2015;11:23:00;149;Acidente sem Vítima;395;BR-101/ES;Norte;Colisão Transversal;1;5;0;0;0;0;1
27/06/2015;12:59:00;183;Acidente sem Vítima;420;BR-101/ES;Sul;Colisão Lateral;1;5;0;0;0;0;1
28/06/2015;20:15:00;254;Acidente sem Vítima;238;BR-101/ES;Norte;Colisão Lateral;1;4;0;0;0;0;1
28/06/2015;12:21:00;142;Acidente sem Vítima;261;BR-101/ES;Norte;Colisão Lateral;1;4;0;0;0;0;1
29/06/2015;07:16:00;61;Acidente sem Vítima;145;BR-101/ES;Norte;Colisão Lateral;2;2;0;0;0;0;1
29/06/2015;07:49:00;76;Acidente sem Vítima;269;BR-101/ES;Sul;Colisão Lateral;3;2;0;0;0;0;1
29/06/2015;13:48:00;196;Acidente com vítima;284;BR-101/ES;Norte;Tombamento;2;0;0;1;0;0;2
29/06/2015;14:56:00;210;Acidente sem Vítima;291;BR-101/ES;Sul;Colisão Lateral;1;3;0;0;0;0;1
29/06/2015;16:11:00;224;Acidente sem Vítima;321;BR-101/ES;Sul;Colisão Traseira;2;2;0;0;0;0;1
30/06/2015;15:12:00;225;Acidente com vítima;953;BR-101/BA;Norte;Colisão Frontal;1;2;2;0;0;0;1
01/07/2015;08:47:00;105;Acidente sem Vítima;277;BR-101/ES;Norte;Colisão Traseira;1;2;0;0;0;0;1
01/07/2015;02:56:00;29;Acidente sem Vítima;325;BR-101/ES;Sul;Veículo em Chamas;2;1;0;0;0;0;1
01/07/2015;05:13:00;48;Acidente sem Vítima;442;BR-101/ES;Sul;Veículo em Chamas;2;1;0;0;0;0;1
02/07/2015;16:55:00;257;Acidente com vítima;319;BR-101/ES;Norte;Colisão Traseira;2;3;1;0;0;0;1
03/07/2015;14:20:00;220;Acidente sem Vítima;164;BR-101/ES;Norte;Colisão Traseira;1;5;0;0;0;0;1
03/07/2015;16:32:00;256;Acidente com vítima;242;BR-101/ES;Sul;Colisão Lateral;1;2;0;3;0;0;2
03/07/2015;10:20:00;127;Acidente sem Vítima;267;BR-101/ES;Sul;Colisão Lateral;2;3;0;0;0;0;1
03/07/2015;13:29:00;198;Acidente sem Vítima;378;BR-101/ES;Sul;Colisão Traseira;2;2;0;0;0;0;1
04/07/2015;21:59:00;346;Acidente com vítima;89;BR-101/ES;Sul;Colisão Frontal;1;1;0;0;1;0;2
04/07/2015;12:20:00;189;Acidente com vítima;164;BR-101/ES;Norte;Colisão Transversal;1;1;1;2;0;0;2
04/07/2015;04:57:00;53;Acidente sem Vítima;262;BR-101/ES;Sul;Colisão Traseira;2;2;0;0;0;0;1
04/07/2015;23:38:00;354;Acidente sem Vítima;279;BR-101/ES;Sul;Choque com Objeto Fixo;1;1;0;0;0;0;1
05/07/2015;12:12:00;140;Acidente sem Vítima;61;BR-101/ES;Sul;Colisão Lateral;2;2;0;0;0;0;1
06/07/2015;09:37:00;107;Acidente sem Vítima;316;BR-101/ES;Norte;Tombamento;1;1;0;0;0;0;1
07/07/2015;16:50:00;242;Acidente sem Vítima;270;BR-101/ES;Sul;Saída de Pista;1;1;0;0;0;0;1
07/07/2015;01:52:00;23;Acidente com vítima;329;BR-101/ES;Sul;Saída de Pista;1;0;0;2;0;0;2
08/07/2015;13:51:00;213;Acidente com Morte;192;BR-101/ES;Sul;Colisão Frontal;1;0;1;0;0;1;3
08/07/2015;16:41:00;263;Acidente sem Vítima;292;BR-101/ES;Sul;Colisão Traseira;2;5;0;0;0;0;1
09/07/2015;15:21:00;251;Acidente sem Vítima;451;BR-101/ES;Sul;Colisão Lateral;2;2;0;0;0;0;1
09/07/2015;17:13:00;279;Acidente sem Vítima;452;BR-101/ES;Sul;Colisão Traseira;2;5;0;0;0;0;1
10/07/2015;13:06:00;209;Acidente com vítima;175;BR-101/ES;Sul;Colisão Traseira;1;1;1;0;0;0;1
10/07/2015;16:29:00;277;Acidente sem Vítima;252,5;BR-101/ES;Sul;Colisão Traseira;1;6;0;0;0;0;1
10/07/2015;16:56:00;290;Acidente com vítima;253;BR-101/ES;Sul;Colisão Traseira;1;2;1;0;0;0;1
10/07/2015;06:29:00;58;Atropelamento sem Morte;460;BR-101/ES;Sul;Atropelamento;2;0;0;1;0;0;2
11/07/2015;23:11:00;331;Acidente sem Vítima;147;BR-101/ES;Norte;Colisão Traseira;1;6;0;0;0;0;1
11/07/2015;14:11:00;197;Acidente sem Vítima;266;BR-101/ES;Norte;Colisão Traseira;1;5;0;0;0;0;1
13/07/2015;13:08:00;182;Acidente sem Vítima;230;BR-101/ES;Sul;Colisão Traseira;1;2;0;0;0;0;1
13/07/2015;13:38:00;190;Acidente com vítima;328;BR-101/ES;Norte;Colisão Frontal;1;2;0;1;1;0;2
14/07/2015;14:10:00;221;Acidente sem Vítima;254;BR-101/ES;Sul;Engavetamento;1;7;0;0;0;0;1
14/07/2015;23:09:00;331;Acidente sem Vítima;340;BR-101/ES;Norte;Colisão Lateral;2;2;0;0;0;0;1
15/07/2015;22:16:00;315;Acidente com vítima;32;BR-101/ES;Norte;Colisão Lateral;5;1;2;0;0;0;1
15/07/2015;18:27:00;270;Acidente sem Vítima;222;BR-101/ES;Sul;Colisão Lateral;1;4;0;0;0;0;1
15/07/2015;06:50:00;57;Acidente sem Vítima;269;BR-101/ES;Sul;Engavetamento;2;4;0;0;0;0;1
16/07/2015;09:00:00;97;Acidente com vítima;70;BR-101/ES;Sul;Colisão Transversal;1;1;4;0;0;0;1
16/07/2015;08:27:00;87;Acidente com vítima;215;BR-101/ES;Norte;Colisão Lateral;1;2;3;0;0;0;1
16/07/2015;10:44:00;130;Acidente com vítima;265;BR-101/ES;Norte;Tombamento;1;1;1;0;0;0;1
17/07/2015;07:00:00;61;Acidente sem Vítima;146;BR-101/ES;Sul;Colisão Lateral;4;1;0;0;0;0;1
17/07/2015;10:35:00;130;Acidente sem Vítima;267;BR-101/ES;Norte;Colisão Lateral;3;2;0;0;0;0;1
17/07/2015;11:50:00;156;Acidente sem Vítima;291;BR-101/ES;Sul;Colisão Traseira;1;3;0;0;0;0;1
18/07/2015;14:02:00;193;Acidente com vítima;125;BR-101/ES;Sul;Colisão Lateral;1;1;0;1;0;0;2
18/07/2015;05:24:00;46;Acidente sem Vítima;126;BR-101/ES;Sul;Colisão Traseira;1;3;0;0;0;0;1
20/07/2015;10:26:00;122;Acidente com vítima;14,2;BR-101/ES;Sul;Capotamento;1;0;1;0;0;0;1
20/07/2015;09:33:00;105;Acidente sem Vítima;255;BR-101/ES;Sul;Colisão Traseira;2;5;0;0;0;0;1
20/07/2015;16:32:00;247;Acidente sem Vítima;260;BR-101/ES;Norte;Colisão Lateral;2;2;0;0;0;0;1
20/07/2015;12:40:00;172;Acidente sem Vítima;266;BR-101/ES;Sul;Engavetamento;6;3;0;0;0;0;1
20/07/2015;16:33:00;248;Acidente sem Vítima;267,5;BR-101/ES;Norte;Colisão Lateral;1;5;0;0;0;0;1
20/07/2015;12:09:00;160;Acidente sem Vítima;271;BR-101/ES;Norte;Colisão Traseira;1;3;0;0;0;0;1
20/07/2015;16:53:00;250;Acidente sem Vítima;292;BR-101/ES;Sul;Choque com Objeto Fixo;2;1;0;0;0;0;1
20/07/2015;11:04:00;134;Acidente com vítima;305;BR-101/ES;Sul;Colisão Transversal;1;2;1;0;0;0;1
20/07/2015;23:34:00;321;Acidente sem Vítima;411;BR-101/ES;Sul;Capotamento;2;1;0;0;0;0;1
20/07/2015;17:15:00;255;Acidente com vítima;448;BR-101/ES;Sul;Colisão Frontal;1;1;0;1;0;0;2
21/07/2015;00:28:00;5;Acidente com vítima;101;BR-101/ES;Norte;Saída de Pista;3;0;2;0;0;0;1
22/07/2015;19:48:00;268;Acidente com vítima;141;BR-101/ES;Norte;Colisão Traseira;2;1;1;0;0;0;1
22/07/2015;00:53:00;7;Acidente sem Vítima;212;BR-101/ES;Norte;Colisão Traseira;1;4;0;0;0;0;1
22/07/2015;15:50:00;224;Acidente sem Vítima;267;BR-101/ES;Sul;Colisão Lateral;3;2;0;0;0;0;1
22/07/2015;04:56:00;42;Acidente sem Vítima;442;BR-101/ES;Sul;Engavetamento;3;3;0;0;0;0;1
22/07/2015;20:40:00;282;Acidente com Morte;947;BR-101/BA;Sul;Colisão Frontal;1;1;0;0;0;1;3
23/07/2015;03:01:00;37;Acidente sem Vítima;11;BR-101/ES;Sul;Engavetamento;5;3;0;0;0;0;1
23/07/2015;13:18:00;213;Acidente sem Vítima;406;BR-101/ES;Sul;Saída de Pista;2;1;0;0;0;0;1
23/07/2015;12:27:00;196;Acidente com vítima;423;BR-101/ES;Norte;Tombamento;1;1;0;1;0;0;2
23/07/2015;21:43:00;317;Acidente com vítima;445;BR-101/ES;Sul;Saída de Pista;1;0;1;0;0;0;1
23/07/2015;13:10:00;211;Acidente sem Vítima;448;BR-101/ES;Sul;Saída de Pista;1;1;0;0;0;0;1
24/07/2015;13:06:00;178;Acidente sem Vítima;270;BR-101/ES;Norte;Colisão Traseira;2;3;0;0;0;0;1
25/07/2015;20:25:00;295;Acidente com vítima;40;BR-101/ES;Norte;Colisão Lateral;1;1;0;2;0;0;2
25/07/2015;23:26:00;327;Acidente sem Vítima;104;BR-101/ES;Norte;Veículo em Chamas;2;1;0;0;0;0;1
25/07/2015;06:29:00;55;Acidente sem Vítima;270;BR-101/ES;Norte;Colisão Lateral;2;2;0;0;0;0;1
26/07/2015;23:27:00;287;Acidente sem Vítima;438,8;BR-101/ES;Sul;Capotamento;1;1;0;0;0;0;1
27/07/2015;14:30:00;201;Acidente sem Vítima;85;BR-101/ES;Norte;Colisão Traseira;3;2;0;0;0;0;1
28/07/2015;15:14:00;224;Acidente sem Vítima;266;BR-101/ES;Norte;Colisão Traseira;1;4;0;0;0;0;1
28/07/2015;15:41:00;234;Acidente sem Vítima;267;BR-101/ES;Norte;Colisão Lateral;1;2;0;0;0;0;1
28/07/2015;21:51:00;323;Acidente sem Vítima;270;BR-101/ES;Norte;Colisão Traseira;2;2;0;0;0;0;1
28/07/2015;14:03:00;202;Acidente sem Vítima;312;BR-101/ES;Sul;Saída de Pista;1;1;0;0;0;0;1
28/07/2015;11:56:00;166;Acidente sem Vítima;451;BR-101/ES;Norte;Saída de Pista;2;1;0;0;0;0;1
29/07/2015;18:16:00;269;Acidente sem Vítima;298;BR-101/ES;Sul;Colisão Lateral;1;2;0;0;0;0;1
29/07/2015;16:18:00;240;Acidente sem Vítima;373,5;BR-101/ES;Sul;Colisão Traseira;3;4;0;0;0;0;1
30/07/2015;09:24:00;114;Acidente com vítima;87;BR-101/ES;Sul;Colisão Frontal;2;1;0;0;1;0;2
30/07/2015;11:30:00;140;Acidente com vítima;171;BR-101/ES;Norte;Colisão Traseira;3;1;1;0;0;0;1
31/07/2015;07:28:00;65;Acidente com vítima;144;BR-101/ES;Sul;Colisão Traseira;1;1;1;0;0;0;1
31/07/2015;18:03:00;291;Acidente sem Vítima;268;BR-101/ES;Norte;Engavetamento;2;4;0;0;0;0;1
31/07/2015;20:55:00;334;Acidente sem Vítima;270;BR-101/ES;Sul;Engavetamento;2;6;0;0;0;0;1
31/07/2015;07:06:00;60;Acidente sem Vítima;287;BR-101/ES;Norte;Saída de Pista;1;1;0;0;0;0;1
31/07/2015;14:12:00;229;Acidente sem Vítima;315;BR-101/ES;Norte;Engavetamento;4;3;0;0;0;0;1