data;horario;n_da_ocorrencia;tipo_de_ocorrencia;km;trecho;sentido;tipo_de_acidente;caminhao;ilesos;levemente_feridos;moderadamente_feridos;gravemente_feridos;mortos;3
10/05/2016;15:45:00;248;Acidente sem Vítima;267;BR-101/ES;Norte;Colisão Transversal;1;2;0;0;0;0;1
10/05/2016;07:51:00;90;Acidente sem Vítima;271;BR-101/ES;Sul - TRECHO CONTORNO;Colisão Lateral;2;2;0;0;0;0;1
11/05/2016;05:31:00;68;Acidente sem Vítima;266;BR-101/ES;Norte;Colisão Traseira;2;4;0;0;0;0;1
11/05/2016;11:06:00;157;Acidente sem Vítima;208;BR-101/ES;Sul;Colisão Traseira;3;2;0;0;0;0;1
12/05/2016;18:35:00;268;Acidente sem Vítima;79;BR-101/ES;Norte;Colisão Lateral;2;3;0;0;0;0;1
12/05/2016;16:26:00;243;Acidente sem Vítima;291;BR-101/ES;Norte - TRECHO CONTORNO;Saída de Pista;1;2;0;0;0;0;1
12/05/2016;18:46:00;270;Acidente sem Vítima;288;BR-101/ES;Sul - TRECHO CONTORNO;Colisão Traseira;1;3;0;0;0;0;1
12/05/2016;19:04:00;277;Acidente sem Vítima;285;BR-101/ES;Norte - TRECHO CONTORNO;Saída de Pista;1;2;0;0;0;0;1
13/05/2016;08:27:00;93;Acidente com vítima;263;BR-101/ES;Sul;Engavetamento;1;6;1;0;0;0;1
13/05/2016;16:24:00;237;Atropelamento sem Morte;397;BR-101/ES;Norte;Atropelamento;2;1;0;0;1;0;2
14/05/2016;16:50:00;222;Acidente com Morte;101;BR-101/ES;Sul;Colisão Transversal;1;1;0;0;0;2;3
15/05/2016;11:44:00;156;Acidente sem Vítima;298;BR-101/ES;Norte;Veículo em Chamas;3;1;0;0;0;0;1
15/05/2016;21:19:00;304;Atropelamento com Morte;125;BR-101/ES;Sul;Atropelamento e Fuga;1;0;0;0;0;1;3
16/05/2016;08:41:00;126;Atropelamento sem Morte;150;BR-101/ES;Norte;Atropelamento;1;1;0;1;0;0;2
16/05/2016;19:38:00;328;Acidente sem Vítima;376;BR-101/ES;Sul;Colisão Lateral;2;6;0;0;0;0;1
17/05/2016;22:46:00;327;Acidente sem Vítima;89,5;BR-101/ES;Norte;Atropelamento - Bovino;1;1;0;0;0;0;1
18/05/2016;17:05:00;293;Acidente com vítima;129;BR-101/ES;Sul;Colisão Transversal;1;0;3;0;1;0;2
18/05/2016;08:21:00;120;Acidente sem Vítima;294;BR-101/ES;Sul - TRECHO CONTORNO;Tombamento;1;2;0;0;0;0;1
19/05/2016;05:11:00;68;Acidente sem Vítima;331;BR-101/ES;Sul;Colisão Lateral;1;6;0;0;0;0;1
19/05/2016;08:50:00;124;Acidente com vítima;138;BR-101/ES;Norte;Colisão Traseira;1;2;1;0;0;0;1
19/05/2016;12:11:00;197;Acidente sem Vítima;38;BR-101/ES;Norte;Colisão Lateral;1;3;0;0;0;0;1
19/05/2016;18:17:00;306;Acidente sem Vítima;270;BR-101/ES;Sul;Colisão Traseira;1;3;0;0;0;0;1
20/05/2016;01:30:00;24;Acidente sem Vítima;195;BR-101/ES;Sul;Atropelamento - Bovino;1;1;0;0;0;0;1
20/05/2016;11:34:00;178;Acidente sem Vítima;230;BR-101/ES;Norte;Colisão Transversal;1;5;0;0;0;0;1
20/05/2016;16:45:00;266;Acidente sem Vítima;258;BR-101/ES;Norte;Choque com Objeto Fixo;1;5;0;0;0;0;1
21/05/2016;08:38:00;112;Acidente sem Vítima;208;BR-101/ES;Sul;Saída de Pista;3;1;0;0;0;0;1
21/05/2016;12:58:00;183;Acidente com Morte;268;BR-101/ES;Norte;Colisão Lateral;1;5;0;0;0;1;3
21/05/2016;18:16:00;262;Acidente com vítima;84;BR-101/ES;Norte;Colisão Lateral;10;3;1;0;0;0;1
22/05/2016;04:22:00;53;Acidente sem Vítima;15;BR-101/ES;Sul;Saída de Pista;1;1;0;0;0;0;1
22/05/2016;16:13:00;217;Acidente sem Vítima;67;BR-101/ES;Sul;Colisão Traseira;1;2;0;0;0;0;1
22/05/2016;16:13:00;218;Acidente com vítima;135;BR-101/ES;Sul;Colisão Traseira;1;3;2;0;0;0;1
23/05/2016;17:56:00;281;Acidente com vítima;421;BR-101/ES;Sul;Colisão Transversal;1;1;2;0;0;0;1
23/05/2016;18:54:00;289;Acidente sem Vítima;393;BR-101/ES;Sul;Saída de Pista;2;1;0;0;0;0;1
25/05/2016;12:55:00;206;Acidente sem Vítima;264;BR-101/ES;Norte;Engavetamento;1;6;0;0;0;0;1
25/05/2016;13:54:00;227;Acidente sem Vítima;264;BR-101/ES;Norte;Colisão Lateral;3;4;0;0;0;0;1
25/05/2016;22:10:00;353;Acidente sem Vítima;442;BR-101/ES;Sul;Colisão Transversal;1;4;0;0;0;0;1
26/05/2016;11:44:00;173;Acidente sem Vítima;297;BR-101/ES;Sul;Colisão Traseira;1;2;0;0;0;0;1
28/05/2016;07:24:00;91;Acidente sem Vítima;302;BR-101/ES;Sul;Colisão Traseira;1;4;0;0;0;0;1
28/05/2016;15:50:00;244;Acidente com vítima;297,5;BR-101/ES;Sul;Colisão Traseira;2;0;0;2;0;0;2
30/05/2016;21:40:00;333;Acidente sem Vítima;175;BR-101/ES;Norte;Colisão Traseira;2;2;0;0;0;0;1
31/05/2016;02:26:00;41;Acidente sem Vítima;299;BR-101/ES;Sul;Colisão Traseira;1;2;0;0;0;0;1
31/05/2016;08:56:00;125;Acidente sem Vítima;251;BR-101/ES;Norte;Colisão Traseira;3;2;0;0;0;0;1
31/05/2016;11:06:00;174;Acidente sem Vítima;377;BR-101/ES;Sul;Colisão Transversal;2;3;0;0;0;0;1
31/05/2016;18:29:00;321;Acidente com vítima;209;BR-101/ES;Norte;Colisão Traseira;1;0;0;0;1;0;2
31/05/2016;18:43:00;327;Acidente com vítima;262;BR-101/ES;Sul;Colisão Traseira;3;2;0;1;0;0;2
31/05/2016;14:22:00;254;Acidente sem Vítima;292;BR-101/ES;Norte - TRECHO CONTORNO;Colisão Traseira;2;2;0;0;0;0;1
01/06/2016;07:26:00;97;Acidente sem Vítima;67;BR-101/ES;Sul;Colisão Traseira;2;2;0;0;0;0;1
01/06/2016;08:12:00;120;Acidente com Morte;236;BR-101/ES;Sul;Colisão Frontal;1;1;0;0;0;1;3
01/06/2016;15:20:00;256;Acidente sem Vítima;258;BR-101/ES;Sul;Colisão Lateral;3;2;0;0;0;0;1
01/06/2016;19:23:00;302;Acidente com vítima;301;BR-101/ES;Norte;Choque com Objeto Fixo;1;0;0;1;0;0;2
01/06/2016;20:19:00;316;Atropelamento com Morte;100;BR-101/ES;Sul;Atropelamento e Fuga;1;1;1;0;0;1;3
01/06/2016;08:21:00;123;Acidente com vítima;275;BR-101/ES;Norte;Choque com Objeto Fixo;2;0;0;1;0;0;2
02/06/2016;11:43:00;181;Acidente sem Vítima;421;BR-101/ES;Sul;Colisão Lateral;1;2;0;0;0;0;1
02/06/2016;12:52:00;204;Acidente sem Vítima;149;BR-101/ES;Sul;Colisão Lateral;1;2;0;0;0;0;1
02/06/2016;15:25:00;253;Acidente com vítima;453;BR-101/ES;Sul;Saída de Pista;1;2;0;1;0;0;2
02/06/2016;09:47:00;143;Acidente sem Vítima;277;BR-101/ES;Norte;Saída de Pista;1;1;0;0;0;0;1
03/06/2016;00:17:00;7;Acidente com vítima;249;BR-101/ES;Norte;Colisão Lateral;3;1;0;0;1;0;2
03/06/2016;05:50:00;76;Acidente com vítima;227;BR-101/ES;Norte;Colisão Lateral;1;3;0;1;0;0;2
03/06/2016;13:15:00;231;Acidente com vítima;233;BR-101/ES;Norte;Colisão Traseira;2;4;1;1;0;0;2
03/06/2016;16:36:00;287;Acidente sem Vítima;241;BR-101/ES;Norte;Colisão Traseira;1;4;0;0;0;0;1
03/06/2016;18:30:00;315;Acidente com vítima;374;BR-101/ES;Sul;Colisão Transversal;3;2;2;0;1;0;2
03/06/2016;07:38:00;108;Acidente sem Vítima;295;BR-101/ES;Norte;Colisão Traseira;3;2;0;0;0;0;1
04/06/2016;10:39:00;146;Acidente sem Vítima;23;BR-101/ES;Sul;Colisão Traseira;2;2;0;0;0;0;1
04/06/2016;10:45:00;149;Acidente sem Vítima;266;BR-101/ES;Sul;Colisão Transversal;2;4;0;0;0;0;1
04/06/2016;11:46:00;169;Acidente com vítima;258;BR-101/ES;Norte;Colisão Traseira;2;1;0;1;0;0;2
04/06/2016;12:14:00;179;Acidente sem Vítima;40;BR-101/ES;Norte;Saída de Pista;1;2;0;0;0;0;1
04/06/2016;12:42:00;189;Acidente sem Vítima;85;BR-101/ES;Norte;Colisão Traseira;1;5;0;0;0;0;1
04/06/2016;18:50:00;290;Acidente com Morte;12;BR-101/ES;Sul;Colisão Frontal;1;2;0;0;0;1;3
04/06/2016;19:44:00;302;Acidente com vítima;247;BR-101/ES;Norte;Queda de Moto;1;1;0;1;1;0;2
04/06/2016;19:53:00;303;Acidente sem Vítima;167;BR-101/ES;Norte;Colisão Transversal;1;1;0;0;0;0;1
04/06/2016;12:11:00;178;Acidente sem Vítima;291;BR-101/ES;Norte;Engavetamento;4;5;0;0;0;0;1
05/06/2016;02:31:00;36;Acidente com vítima;138;BR-101/ES;Norte;Colisão Lateral;1;1;1;1;0;0;2
05/06/2016;16:21:00;238;Acidente com vítima;270;BR-101/ES;Sul;Colisão Lateral;2;5;0;1;0;0;2
05/06/2016;19:02:00;284;Acidente com vítima;79;BR-101/ES;Sul;Choque com Objeto Fixo;2;3;1;2;1;0;2
06/06/2016;11:37:00;184;Acidente com vítima;238;BR-101/ES;Norte;Engavetamento;1;2;0;2;0;0;2
06/06/2016;18:07:00;295;Acidente com vítima;270;BR-101/ES;Norte;Colisão Lateral;2;3;1;0;0;0;1
07/06/2016;09:15:00;136;Acidente sem Vítima;185;BR-101/ES;Norte;Tombamento;1;2;0;0;0;0;1
07/06/2016;09:43:00;143;Acidente com vítima;301;BR-101/ES;Sul;Engavetamento;2;2;2;0;0;0;1
07/06/2016;11:47:00;193;Acidente sem Vítima;293;BR-101/ES;Sul;Choque com Objeto Fixo;2;2;0;0;0;0;1
07/06/2016;19:02:00;329;Acidente com vítima;283;BR-101/ES;Norte;Colisão Traseira;2;2;0;1;0;0;2
08/06/2016;01:43:00;29;Acidente sem Vítima;317;BR-101/ES;Norte;Colisão Frontal;1;2;0;0;0;0;1
08/06/2016;03:10:00;37;Acidente com vítima;423;BR-101/ES;Sul;Saída de Pista;2;0;0;1;0;0;2
08/06/2016;11:17:00;160;Acidente com vítima;254;BR-101/ES;Sul;Saída de Pista;2;0;0;1;0;0;2
08/06/2016;14:40:00;231;Acidente sem Vítima;264;BR-101/ES;Sul;Colisão Lateral;3;3;0;0;0;0;1
08/06/2016;15:48:00;250;Acidente sem Vítima;331;BR-101/ES;Norte;Colisão Traseira;2;5;0;0;0;0;1
08/06/2016;16:15:00;258;Acidente com vítima;264;BR-101/ES;Norte;Colisão Lateral;2;1;0;2;0;0;2
09/06/2016;08:05:00;99;Acidente com Morte;438;BR-101/ES;Norte;Colisão Transversal;1;1;0;0;2;1;3
09/06/2016;10:00:00;121;Acidente com vítima;269;BR-101/ES;Norte;Colisão Traseira;1;2;0;1;0;0;2
09/06/2016;03:25:00;47;Acidente com vítima;294;BR-101/ES;Sul;Saída de Pista;1;1;0;1;0;0;2
09/06/2016;17:46:00;259;Acidente sem Vítima;294;BR-101/ES;Norte;Colisão Lateral;2;6;0;0;0;0;1
11/06/2016;07:04:00;79;Acidente sem Vítima;391;BR-101/ES;Norte;Choque com Objeto Fixo;1;2;0;0;0;0;1
12/06/2016;17:04:00;248;Acidente sem Vítima;254,7;BR-101/ES;Sul;Colisão Traseira;1;2;0;0;0;0;1
13/06/2016;06:51:00;84;Acidente sem Vítima;244;BR-101/ES;Sul;Colisão Traseira;2;3;0;0;0;0;1
13/06/2016;14:23:00;255;Acidente sem Vítima;362;BR-101/ES;Sul;Colisão Traseira;6;3;0;0;0;0;1
13/06/2016;20:05:00;330;Acidente sem Vítima;84;BR-101/ES;Norte;Colisão Traseira;2;2;0;0;0;0;1
13/06/2016;20:09:00;331;Acidente com vítima;352;BR-101/ES;Norte;Choque com Objeto Fixo;2;0;1;0;0;0;1
13/06/2016;11:58:00;211;Acidente com vítima;293;BR-101/ES;Norte;Colisão Lateral;2;1;1;0;0;0;1
14/06/2016;16:32:00;251;Acidente sem Vítima;232;BR-101/ES;Sul;Colisão Traseira;4;2;0;0;0;0;1
14/06/2016;23:14:00;325;Acidente com vítima;156;BR-101/ES;Norte;Colisão Frontal;1;0;0;2;1;0;2
14/06/2016;12:23:00;189;Acidente sem Vítima;292;BR-101/ES;Sul;Colisão Traseira;1;3;0;0;0;0;1
14/06/2016;16:04:00;245;Acidente com vítima;293;BR-101/ES;Sul;Colisão Traseira;2;3;1;0;0;0;1
15/06/2016;07:16:00;84;Acidente sem Vítima;305;BR-101/ES;Sul;Colisão Transversal;1;2;0;0;0;0;1
16/06/2016;12:09:00;196;Acidente sem Vítima;320;BR-101/ES;Norte;Choque com Objeto Fixo;2;1;0;0;0;0;1
17/06/2016;04:09:00;55;Acidente sem Vítima;57;BR-101/ES;Norte;Veículo em Chamas;2;1;0;0;0;0;1
17/06/2016;08:42:00;120;Acidente sem Vítima;301;BR-101/ES;Norte;Colisão Lateral;2;2;0;0;0;0;1
17/06/2016;10:28:00;157;Acidente com vítima;266;BR-101/ES;Norte;Colisão Lateral;1;2;0;1;0;0;2
17/06/2016;13:34:00;235;Acidente sem Vítima;264;BR-101/ES;Norte;Colisão Traseira;2;3;0;0;0;0;1
17/06/2016;16:52:00;299;Acidente sem Vítima;254;BR-101/ES;Sul;Colisão Traseira;1;1;0;0;0;0;1
18/06/2016;00:02:00;1;Acidente sem Vítima;25;BR-101/ES;Sul;Colisão Lateral;2;3;0;0;0;0;1
18/06/2016;09:51:00;142;Acidente com vítima;215;BR-101/ES;Norte;Colisão Lateral;2;1;1;1;0;0;2
18/06/2016;10:13:00;149;Acidente sem Vítima;424;BR-101/ES;Norte;Tombamento;4;4;0;0;0;0;1
18/06/2016;21:29:00;338;Acidente com vítima;110;BR-101/ES;Sul;Colisão Traseira;4;1;1;0;0;0;1
18/06/2016;23:43:00;373;Acidente com vítima;125;BR-101/ES;Sul;Colisão Frontal;1;1;1;0;0;0;1
19/06/2016;21:07:00;301;Acidente sem Vítima;320;BR-101/ES;Norte;Colisão Lateral;1;3;0;0;0;0;1
20/06/2016;18:10:00;302;Acidente com vítima;268;BR-101/ES;Norte;Colisão Traseira;1;3;0;1;0;0;2
20/06/2016;18:33:00;306;Acidente com vítima;82;BR-101/ES;Sul;Colisão Transversal;3;2;1;0;0;0;1
20/06/2016;18:38:00;307;Acidente com vítima;242;BR-101/ES;Norte;Colisão Traseira;1;1;0;0;1;0;2
20/06/2016;19:44:00;320;Acidente sem Vítima;242;BR-101/ES;Norte;Colisão Lateral;2;5;0;0;0;0;1
20/06/2016;19:49:00;322;Acidente com Morte;442,2;BR-101/ES;Norte;Colisão Traseira;2;1;0;0;0;1;3
20/06/2016;20:44:00;337;Acidente sem Vítima;265;BR-101/ES;Sul;Colisão Traseira;1;2;0;0;0;0;1
21/06/2016;00:49:00;16;Acidente com vítima;29;BR-101/ES;Sul;Tombamento;2;0;1;0;0;0;1
21/06/2016;05:40:00;59;Acidente sem Vítima;138;BR-101/ES;Norte;Colisão Traseira;1;3;0;0;0;0;1
22/06/2016;10:39:00;135;Acidente sem Vítima;279,3;BR-101/ES;Sul;Saída de Pista;2;1;0;0;0;0;1
22/06/2016;14:23:00;220;Acidente sem Vítima;289;BR-101/ES;Sul;Colisão Traseira;1;3;0;0;0;0;1
23/06/2016;11:40:00;189;Acidente sem Vítima;264;BR-101/ES;Norte;Colisão Transversal;1;4;0;0;0;0;1
23/06/2016;19:23:00;327;Acidente com vítima;7;BR-101/ES;Sul;Tombamento;1;0;1;0;0;0;1
23/06/2016;11:30:00;182;Acidente sem Vítima;295;BR-101/ES;Sul;Colisão Traseira;2;2;0;0;0;0;1
23/06/2016;18:13:00;311;Acidente sem Vítima;278;BR-101/ES;Sul;Choque com Objeto Fixo;1;2;0;0;0;0;1
25/06/2016;02:21:00;43;Acidente com vítima;449;BR-101/ES;Sul;Tombamento;1;0;1;0;0;0;1
25/06/2016;10:27:00;124;Acidente com vítima;14,1;BR-101/ES;Norte;Tombamento;2;0;1;0;0;0;1
25/06/2016;20:49:00;291;Acidente com Morte;176;BR-101/ES;Norte;Colisão Frontal;1;2;0;0;0;1;3
25/06/2016;21:35:00;297;Acidente com vítima;296;BR-101/ES;Norte;Colisão Lateral;2;1;1;0;0;0;1
25/06/2016;23:56:00;332;Acidente com vítima;278;BR-101/ES;Norte;Colisão Transversal;2;1;0;0;1;0;2
26/06/2016;03:51:00;50;Acidente com vítima;301;BR-101/ES;Sul;Colisão Transversal;1;1;0;1;1;0;2
26/06/2016;19:00:00;273;Acidente com vítima;139;BR-101/ES;Sul;Colisão Transversal;4;1;0;1;1;0;2
27/06/2016;07:46:00;94;Acidente com vítima;141;BR-101/ES;Norte;Colisão Traseira;2;1;0;0;1;0;2
27/06/2016;09:57:00;135;Acidente com vítima;128;BR-101/ES;Norte;Colisão Lateral;2;1;1;0;0;0;1
27/06/2016;11:23:00;170;Acidente sem Vítima;147;BR-101/ES;Norte;Colisão Traseira;5;2;0;0;0;0;1
27/06/2016;14:36:00;242;Acidente com Morte;318;BR-101/ES;Norte;Colisão Frontal;1;3;5;0;0;2;3
27/06/2016;18:42:00;295;Acidente sem Vítima;401;BR-101/ES;Sul;Saída de Pista;1;1;0;0;0;0;1
28/06/2016;04:33:00;53;Acidente com Morte;386,6;BR-101/ES;Sul;Saída de Pista;1;0;0;0;0;1;3
28/06/2016;05:11:00;60;Acidente com vítima;217;BR-101/ES;Norte;Colisão Lateral;2;1;0;1;0;0;2
28/06/2016;10:19:00;135;Acidente com vítima;74;BR-101/ES;Sul;Saída de Pista;1;0;1;1;0;0;2
28/06/2016;11:08:00;157;Acidente sem Vítima;448;BR-101/ES;Sul;Tombamento;3;1;0;0;0;0;1
28/06/2016;12:48:00;210;Acidente sem Vítima;401;BR-101/ES;Sul;Colisão Lateral;1;3;0;0;0;0;1
28/06/2016;22:45:00;380;Acidente sem Vítima;18;BR-101/ES;Sul;Saída de Pista;1;1;0;0;0;0;1
29/06/2016;10:01:00;144;Acidente com vítima;15;BR-101/ES;Sul;Colisão Transversal;2;3;1;0;0;0;1
29/06/2016;13:54:00;230;Acidente sem Vítima;302;BR-101/ES;Norte;Colisão Traseira;2;5;0;0;0;0;1
29/06/2016;15:38:00;255;Acidente sem Vítima;263;BR-101/ES;Sul;Colisão Traseira;1;3;0;0;0;0;1
29/06/2016;20:56:00;297;Acidente com vítima;238;BR-101/ES;Sul;Tombamento;3;0;1;0;0;0;1
30/06/2016;10:07:00;133;Acidente com vítima;268;BR-101/ES;Norte;Colisão Traseira;1;1;0;0;1;0;2
30/06/2016;14:01:00;207;Acidente com vítima;299;BR-101/ES;Sul;Colisão Lateral;2;1;1;0;0;0;1
30/06/2016;21:09:00;313;Acidente sem Vítima;147;BR-101/ES;Norte;Colisão Transversal;1;2;0;0;0;0;1
01/07/2016;13:11:00;212;Acidente sem Vítima;320;BR-101/ES;Norte;Choque;1;2;0;0;0;0;1
01/07/2016;14:25:00;233;Acidente com vítima;265;BR-101/ES;Sul;Colisão Traseira;1;1;0;1;0;0;2
02/07/2016;09:21:00;130;Acidente sem Vítima;76;BR-101/ES;Norte;Colisão Traseira;1;4;0;0;0;0;1
02/07/2016;14:07:00;233;Acidente sem Vítima;255;BR-101/ES;Norte;Colisão Traseira;1;2;0;0;0;0;1
02/07/2016;15:50:00;274;Acidente sem Vítima;73;BR-101/ES;Norte;Colisão Traseira;1;5;0;0;0;0;1
02/07/2016;15:10:00;255;Acidente com Vítima - TRECHO CONTORNO;292,5;BR-101/ES;Sul;Colisão Traseira;1;1;0;1;0;0;2
02/07/2016;16:37:00;286;Acidente sem Vítima - TRECHO CONTORNO;293;BR-101/ES;Sul;Colisão Traseira;1;4;0;0;0;0;1
03/07/2016;22:05:00;324;Acidente com vítima;70;BR-101/ES;Sul;Colisão Traseira;3;1;0;0;1;0;2
05/07/2016;10:17:00;130;Acidente sem Vítima;301;BR-101/ES;Norte;Colisão Lateral;2;4;0;0;0;0;1
05/07/2016;14:30:00;238;Acidente sem Vítima;85;BR-101/ES;Sul;Colisão Traseira;4;2;0;0;0;0;1
05/07/2016;21:48:00;368;Acidente com vítima;135;BR-101/ES;Norte;Colisão Transversal;2;1;0;1;0;0;2
05/07/2016;14:32:00;241;Acidente sem Vítima - TRECHO CONTORNO;272;BR-101/ES;Norte;Colisão Traseira;1;2;0;0;0;0;1
06/07/2016;07:35:00;99;Acidente sem Vítima;297,6;BR-101/ES;Sul;Colisão Traseira;2;2;0;0;0;0;1
06/07/2016;09:22:00;138;Acidente sem Vítima;145;BR-101/ES;Norte;Colisão Traseira;3;2;0;0;0;0;1
07/07/2016;02:11:00;34;Acidente sem Vítima;369;BR-101/ES;Sul;Atropelamento - Bovino;2;2;0;0;0;0;1
07/07/2016;04:56:00;61;Acidente sem Vítima;174;BR-101/ES;Norte;Atropelamento - Equino;1;2;0;0;0;0;1
07/07/2016;09:49:00;141;Acidente sem Vítima;316;BR-101/ES;Sul;Saída de Pista;2;3;0;0;0;0;1
07/07/2016;10:31:00;156;Acidente sem Vítima;269;BR-101/ES;Sul;Colisão Traseira;1;2;0;0;0;0;1
09/07/2016;11:21:00;166;Acidente sem Vítima;265;BR-101/ES;Sul;Colisão Traseira;1;3;0;0;0;0;1
09/07/2016;15:56:00;264;Acidente sem Vítima;251;BR-101/ES;Norte;Colisão Lateral;4;6;0;0;0;0;1
09/07/2016;23:16:00;376;Acidente sem Vítima;233;BR-101/ES;Sul;Colisão Traseira;2;1;0;0;0;0;1
09/07/2016;02:47:00;43;Acidente sem Vítima - TRECHO CONTORNO;288;BR-101/ES;Sul;Colisão Transversal;2;2;0;0;0;0;1
10/07/2016;04:44:00;63;Acidente sem Vítima;15;BR-101/ES;Sul;Colisão Traseira;3;2;0;0;0;0;1
11/07/2016;06:54:00;78;Acidente sem Vítima;169;BR-101/ES;Sul;Colisão Lateral;2;16;0;0;0;0;1
11/07/2016;07:12:00;87;Acidente sem Vítima;399;BR-101/ES;Sul;Colisão Traseira;2;3;0;0;0;0;1
11/07/2016;12:05:00;203;Acidente sem Vítima;268;BR-101/ES;Norte;Colisão Lateral;2;3;0;0;0;0;1
11/07/2016;23:26:00;408;Acidente com vítima;141;BR-101/ES;Sul;Colisão Traseira;3;1;0;1;0;0;2
11/07/2016;23:39:00;419;Acidente com vítima;393;BR-101/ES;Norte;Tombamento;1;0;0;0;1;0;2
11/07/2016;08:32:00;118;Acidente com Vítima - TRECHO CONTORNO;285;BR-101/ES;Sul;Colisão Traseira;1;1;1;0;0;0;1
12/07/2016;16:10:00;282;Acidente sem Vítima;250;BR-101/ES;Norte;Colisão Traseira;1;2;0;0;0;0;1
14/07/2016;10:23:00;162;Acidente sem Vítima;253;BR-101/ES;Sul;Colisão Traseira;1;3;0;0;0;0;1
14/07/2016;17:02:00;307;Acidente sem Vítima;270;BR-101/ES;Sul;Colisão Traseira;1;2;0;0;0;0;1
14/07/2016;20:16:00;358;Acidente com vítima;233;BR-101/ES;Sul;Colisão Lateral;1;3;1;0;0;0;1
14/07/2016;23:39:00;411;Acidente com vítima;222;BR-101/ES;Sul;Saída de Pista;1;0;0;0;1;0;2
14/07/2016;15:57:00;286;Acidente sem Vítima - TRECHO CONTORNO;271;BR-101/ES;Norte;Colisão Lateral;2;3;0;0;0;0;1
15/07/2016;11:28:00;185;Acidente sem Vítima;242;BR-101/ES;Sul;Colisão Lateral;1;3;0;0;0;0;1
16/07/2016;09:44:00;134;Acidente com vítima;387;BR-101/ES;Norte;Colisão Lateral;3;4;1;0;0;0;1
16/07/2016;22:29:00;368;Acidente com vítima;93;BR-101/ES;Sul;Colisão Traseira;2;1;0;0;1;0;2
16/07/2016;10:01:00;140;Acidente sem Vítima - TRECHO CONTORNO;296;BR-101/ES;Sul;Colisão Traseira;4;6;0;0;0;0;1
17/07/2016;13:46:00;218;Acidente sem Vítima;298;BR-101/ES;Sul;Colisão Traseira;1;4;0;0;0;0;1
18/07/2016;00:29:00;3;Acidente sem Vítima - TRECHO CONTORNO;281,3;BR-101/ES;Norte;Saída de Pista;2;1;0;0;0;0;1
19/07/2016;17:08:00;309;Acidente sem Vítima;179;BR-101/ES;Norte;Engavetamento;7;13;0;0;0;0;1
19/07/2016;20:08:00;355;Acidente com vítima;161;BR-101/ES;Norte;Colisão Traseira;2;1;0;1;0;0;2
20/07/2016;10:13:00;150;Acidente com vítima;136;BR-101/ES;Sul;Colisão Lateral;1;6;1;0;0;0;1
22/07/2016;11:00:00;165;Acidente sem Vítima;260;BR-101/ES;Sul;Choque;4;3;0;0;0;0;1
22/07/2016;15:25:00;275;Acidente sem Vítima;438;BR-101/ES;Sul;Saída de Pista;1;1;0;0;0;0;1
22/07/2016;18:49:00;332;Acidente sem Vítima - TRECHO CONTORNO;293;BR-101/ES;Sul;Colisão Traseira;2;2;0;0;0;0;1
23/07/2016;03:49:00;55;Acidente sem Vítima;371;BR-101/ES;Sul;Colisão Traseira;2;2;0;0;0;0;1
23/07/2016;12:05:00;187;Acidente com vítima;440;BR-101/ES;Norte;Saída de Pista;1;0;1;0;0;0;1
23/07/2016;20:35:00;330;Acidente com vítima;166;BR-101/ES;Sul;Colisão Traseira;4;1;0;0;1;0;2
23/07/2016;21:31:00;344;Acidente sem Vítima;398;BR-101/ES;Norte;Colisão Lateral;1;2;0;0;0;0;1
23/07/2016;09:26:00;120;Acidente sem Vítima - TRECHO CONTORNO;284;BR-101/ES;Norte;Saída de Pista;2;2;0;0;0;0;1
24/07/2016;00:31:00;11;Acidente sem Vítima;179;BR-101/ES;Sul;Colisão Traseira;3;2;0;0;0;0;1
24/07/2016;17:11:00;255;Acidente sem Vítima;264;BR-101/ES;Sul;Colisão Lateral;1;3;0;0;0;0;1
25/07/2016;03:48:00;40;Acidente sem Vítima;422;BR-101/ES;Sul;Saída de Pista;3;1;0;0;0;0;1
25/07/2016;07:28:00;69;Acidente sem Vítima;334;BR-101/ES;Norte;Saída de Pista;1;4;0;0;0;0;1
25/07/2016;11:57:00;167;Acidente sem Vítima;145;BR-101/ES;Norte;Colisão Lateral;2;4;0;0;0;0;1
25/07/2016;22:31:00;357;Acidente com Vítima - TRECHO CONTORNO;293;BR-101/ES;Norte;Colisão Traseira;2;2;0;0;1;0;2
26/07/2016;19:55:00;360;Acidente com Morte;436;BR-101/ES;Sul;Colisão Frontal;5;1;0;1;0;1;3
27/07/2016;08:38:00;121;Acidente sem Vítima;321;BR-101/ES;Norte;Colisão Traseira;3;4;0;0;0;0;1
27/07/2016;17:00:00;304;Acidente sem Vítima;172;BR-101/ES;Sul;Choque com Objeto Fixo;1;1;0;0;0;0;1
28/07/2016;09:13:00;129;Acidente sem Vítima;242;BR-101/ES;Norte;Colisão Lateral;2;3;0;0;0;0;1
28/07/2016;14:42:00;258;Acidente sem Vítima;145;BR-101/ES;Norte;Colisão Traseira;1;2;0;0;0;0;1
28/07/2016;15:30:00;271;Acidente sem Vítima;136;BR-101/ES;Norte;Colisão Traseira;3;3;0;0;0;0;1
28/07/2016;16:08:00;278;Acidente sem Vítima;254;BR-101/ES;Sul;Colisão Traseira;1;8;0;0;0;0;1