data;horario;n_da_ocorrencia;tipo_de_ocorrencia;km;trecho;sentido;tipo_de_acidente;caminhao;ilesos;levemente_feridos;moderadamente_feridos;gravemente_feridos;mortos;3
29/07/2016;06:02:00;62;Acidente sem Vítima;123;BR-101/ES;Sul;Colisão Lateral;1;4;0;0;0;0;1
29/07/2016;15:18:00;271;Acidente com vítima;225;BR-101/ES;Sul;Colisão Traseira;1;5;1;0;0;0;1
29/07/2016;22:50:00;390;Acidente sem Vítima;36;BR-101/ES;Norte;Saída de Pista;1;3;0;0;0;0;1
29/07/2016;23:28:00;401;Acidente sem Vítima;103;BR-101/ES;Sul;Colisão Traseira;5;2;0;0;0;0;1
30/07/2016;03:32:00;44;Acidente sem Vítima;194;BR-101/ES;Sul;Colisão Lateral;1;3;0;0;0;0;1
30/07/2016;08:09:00;98;Acidente sem Vítima;210;BR-101/ES;Norte;Saída de Pista;1;1;0;0;0;0;1
30/07/2016;09:44:00;123;Acidente com vítima;431;BR-101/ES;Sul;Colisão Lateral;2;2;4;0;0;0;1
30/07/2016;12:58:00;179;Acidente sem Vítima;409;BR-101/ES;Norte;Saída de Pista;1;1;0;0;0;0;1
30/07/2016;14:32:00;208;Acidente sem Vítima;265;BR-101/ES;Norte;Colisão Lateral;3;3;0;0;0;0;1
30/07/2016;11:14:00;144;Acidente sem Vítima - TRECHO CONTORNO;287;BR-101/ES;Norte;Colisão Lateral;1;2;0;0;0;0;1
01/08/2016;07:19:00;88;Acidente sem vítima;219,8;BR-101/ES;Norte;Colisão Transversal;2;2;0;0;0;0;1
01/08/2016;18:17:00;323;Acidente sem vítima - TRECHO CONTORNO;292;BR-101/ES;Norte;Colisão Lateral;1;2;0;0;0;0;1
02/08/2016;05:17:00;55;Acidente sem vítima;174;BR-101/ES;Sul;Colisão Transversal;2;2;0;0;0;0;1
02/08/2016;10:06:00;138;Acidente com vítima;300;BR-101/ES;Sul;Colisão Traseira;1;2;1;0;0;0;1
02/08/2016;12:21:00;194;Acidente com vítima;261;BR-101/ES;Norte;Saída de Pista;1;1;0;2;0;0;2
02/08/2016;18:13:00;311;Acidente sem vítima;147;BR-101/ES;Norte;Colisão Lateral;1;2;0;0;0;0;1
03/08/2016;12:50:00;227;Acidente com morte;226;BR-101/ES;Sul;Colisão;1;1;0;0;0;1;3
03/08/2016;18:01:00;318;Acidente sem vítima;254;BR-101/ES;Sul;Engavetamento;1;4;0;0;0;0;1
03/08/2016;18:46:00;325;Acidente sem vítima;255;BR-101/ES;Sul;Colisão Traseira;3;4;0;0;0;0;1
03/08/2016;20:06:00;341;Acidente sem vítima;263;BR-101/ES;Norte;Colisão Lateral;2;5;0;0;0;0;1
03/08/2016;22:29:00;372;Acidente com vítima;267;BR-101/ES;Norte;Colisão Traseira;1;1;1;0;0;0;1
04/08/2016;14:19:00;247;Acidente sem vítima;301;BR-101/ES;Sul;Colisão Traseira;3;8;0;0;0;0;1
05/08/2016;07:24:00;92;Acidente com vítima;349;BR-101/ES;Sul;Colisão Transversal;1;1;0;2;0;0;2
05/08/2016;18:35:00;322;Acidente com vítima;80;BR-101/ES;Norte;Colisão Lateral;1;1;2;1;0;0;2
06/08/2016;22:50:00;360;Acidente com vítima;386;BR-101/ES;Norte;Tombamento;2;0;1;0;0;0;1
07/08/2016;06:34:00;81;Acidente sem vítima;304,5;BR-101/ES;Norte;Colisão Traseira;2;2;0;0;0;0;1
08/08/2016;13:12:00;202;Acidente sem vítima;125;BR-101/ES;Norte;Colisão Traseira;2;3;0;0;0;0;1
08/08/2016;14:50:00;246;Acidente sem vítima;250;BR-101/ES;Sul;Saída de Pista;1;1;0;0;0;0;1
08/08/2016;20:34:00;330;Acidente com vítima;450;BR-101/ES;Sul;Colisão Lateral;2;1;0;2;0;0;2
09/08/2016;10:39:00;158;Acidente sem vítima;301;BR-101/ES;Sul;Colisão Traseira;2;3;0;0;0;0;1
10/08/2016;21:59:00;372;Acidente sem vítima;192;BR-101/ES;Norte;Colisão Lateral;4;5;0;0;0;0;1
10/08/2016;10:05:00;146;Acidente sem vítima - TRECHO CONTORNO;292;BR-101/ES;Norte;Colisão Traseira;2;3;0;0;0;0;1
11/08/2016;16:33:00;285;Acidente sem vítima;399;BR-101/ES;Sul;Colisão Traseira;1;2;0;0;0;0;1
11/08/2016;16:47:00;290;Acidente sem vítima;22;BR-101/ES;Sul;Saída de Pista;2;1;0;0;0;0;1
11/08/2016;23:33:00;374;Acidente sem vítima;266;BR-101/ES;Norte;Choque com Objeto Fixo;1;2;0;0;0;0;1
11/08/2016;11:49:00;203;Acidente sem vítima - TRECHO CONTORNO;279,8;BR-101/ES;Sul;Colisão Lateral;1;2;0;0;0;0;1
11/08/2016;13:06:00;231;Acidente com morte - TRECHO CONTORNO;289;BR-101/ES;Sul;Colisão Transversal;1;1;0;0;1;1;3
12/08/2016;20:28:00;348;Acidente sem vítima;32;BR-101/ES;Norte;Saída de Pista;1;1;0;0;0;0;1
12/08/2016;12:37:00;204;Acidente sem vítima - TRECHO CONTORNO;277;BR-101/ES;Sul;Colisão Traseira;2;3;0;0;0;0;1
13/08/2016;20:35:00;340;Acidente com vítima;160;BR-101/ES;Sul;Colisão Transversal;4;1;2;0;0;0;1
15/08/2016;09:18:00;103;Acidente sem vítima;452;BR-101/ES;Sul;Veículo em Chamas;2;1;0;0;0;0;1
15/08/2016;10:57:00;149;Acidente sem vítima;230;BR-101/ES;Norte;Colisão Lateral;1;3;0;0;0;0;1
15/08/2016;13:18:00;218;Acidente sem vítima;264,5;BR-101/ES;Norte;Colisão Lateral;3;3;0;0;0;0;1
15/08/2016;16:00:00;266;Acidente sem vítima;335;BR-101/ES;Norte;Colisão Traseira;1;3;0;0;0;0;1
15/08/2016;17:42:00;300;Acidente com morte;244;BR-101/ES;Norte;Colisão Frontal;2;1;0;1;0;1;3
15/08/2016;20:59:00;349;Acidente com vítima;214;BR-101/ES;Norte;Colisão Traseira;3;1;0;1;0;0;2
15/08/2016;13:21:00;219;Acidente com vítima - TRECHO CONTORNO;295,5;BR-101/ES;Sul;Colisão Traseira;1;1;0;2;0;0;2
16/08/2016;10:20:00;154;Acidente sem vítima;270;BR-101/ES;Norte;Colisão Lateral;3;2;0;0;0;0;1
16/08/2016;12:33:00;214;Acidente com vítima;125;BR-101/ES;Norte;Colisão;1;1;1;0;0;0;1
16/08/2016;13:09:00;235;Acidente sem vítima;144;BR-101/ES;Norte;Colisão Traseira;1;3;0;0;0;0;1
16/08/2016;14:43:00;278;Acidente sem vítima;149;BR-101/ES;Norte;Colisão Lateral;1;3;0;0;0;0;1
16/08/2016;20:12:00;376;Acidente sem vítima;246;BR-101/ES;Norte;Colisão Traseira;3;3;0;0;0;0;1
16/08/2016;10:06:00;146;Acidente sem vítima - TRECHO CONTORNO;293;BR-101/ES;Sul;Choque com Objeto Fixo;1;1;0;0;0;0;1
17/08/2016;07:51:00;88;Acidente com vítima;267,9;BR-101/ES;Norte;Colisão Lateral;2;1;0;1;0;0;2
17/08/2016;09:52:00;134;Acidente sem vítima;446;BR-101/ES;Norte;Colisão Lateral;3;4;0;0;0;0;1
17/08/2016;17:57:00;280;Acidente sem vítima - TRECHO CONTORNO;295;BR-101/ES;Sul;Colisão Lateral;2;2;0;0;0;0;1
18/08/2016;10:09:00;132;Acidente com vítima;143,5;BR-101/ES;Norte;Colisão Transversal;1;1;0;0;2;0;2
19/08/2016;08:46:00;116;Acidente sem vítima;458,8;BR-101/ES;Norte;Tombamento;1;1;0;0;0;0;1
19/08/2016;11:03:00;167;Acidente sem vítima;377;BR-101/ES;Norte;Colisão Traseira;1;4;0;0;0;0;1
19/08/2016;14:51:00;268;Acidente sem vítima;412;BR-101/ES;Norte;Tombamento;3;1;0;0;0;0;1
19/08/2016;15:01:00;271;Acidente sem vítima;125;BR-101/ES;Sul;Colisão Traseira;1;3;0;0;0;0;1
19/08/2016;15:17:00;279;Acidente sem vítima;255;BR-101/ES;Sul;Colisão Traseira;2;3;0;0;0;0;1
19/08/2016;19:27:00;341;Acidente sem vítima;263;BR-101/ES;Norte;Colisão Lateral;1;3;0;0;0;0;1
20/08/2016;04:35:00;51;Acidente sem vítima;264;BR-101/ES;Norte;Colisão Transversal;1;1;0;0;0;0;1
20/08/2016;00:18:00;4;Acidente sem vítima - TRECHO CONTORNO;286;BR-101/ES;Norte;Atropelamento Animal;1;1;0;0;0;0;1
21/08/2016;21:35:00;291;Acidente sem vítima;242;BR-101/ES;Sul;Colisão Traseira;2;5;0;0;0;0;1
22/08/2016;06:14:00;42;Acidente sem vítima;263;BR-101/ES;Sul;Colisão Traseira;2;2;0;0;0;0;1
22/08/2016;15:02:00;214;Acidente sem vítima;42;BR-101/ES;Norte;Veículo em Chamas;1;2;0;0;0;0;1
22/08/2016;21:12:00;299;Acidente sem vítima;376,5;BR-101/ES;Sul;Colisão Traseira;3;2;0;0;0;0;1
24/08/2016;14:56:00;256;Acidente com vítima;236;BR-101/ES;Norte;Colisão Lateral;2;4;1;0;0;0;1
24/08/2016;18:47:00;312;Acidente sem vítima;269;BR-101/ES;Sul;Colisão Traseira;4;2;0;0;0;0;1
25/08/2016;10:41:00;158;Acidente sem vítima;266;BR-101/ES;Sul;Engavetamento;1;4;0;0;0;0;1
26/08/2016;05:44:00;46;Acidente sem vítima;255;BR-101/ES;Sul;Colisão Traseira;1;2;0;0;0;0;1
26/08/2016;13:01:00;228;Acidente sem vítima;270,8;BR-101/ES;Norte;Colisão Traseira;2;3;0;0;0;0;1
26/08/2016;14:50:00;275;Acidente sem vítima;263;BR-101/ES;Norte;Colisão Traseira;1;3;0;0;0;0;1
26/08/2016;17:06:00;326;Acidente com vítima;451;BR-101/ES;Sul;Colisão Lateral;1;1;2;0;0;0;1
27/08/2016;05:01:00;42;Acidente com vítima;233;BR-101/ES;Sul;Colisão Traseira;2;1;0;1;0;0;2
27/08/2016;12:55:00;215;Acidente sem vítima;363;BR-101/ES;Norte;Colisão Transversal;2;3;0;0;0;0;1
27/08/2016;16:40:00;277;Acidente com vítima;362;BR-101/ES;Norte;Colisão Frontal;2;2;0;0;1;0;2
28/08/2016;14:22:00;210;Acidente sem vítima - TRECHO CONTORNO;287;BR-101/ES;Norte;Colisão Traseira;3;4;0;0;0;0;1
29/08/2016;13:01:00;234;Acidente com morte;376;BR-101/ES;Norte;Queda de ciclista;2;0;1;0;0;1;3
29/08/2016;13:50:00;253;Acidente sem vítima;270;BR-101/ES;Norte;Colisão Traseira;2;2;0;0;0;0;1
29/08/2016;19:30:00;339;Acidente sem vítima;230;BR-101/ES;Sul;Colisão Traseira;2;2;0;0;0;0;1
29/08/2016;07:43:00;91;Acidente com vítima - TRECHO CONTORNO;287;BR-101/ES;Norte;Colisão Lateral;1;0;0;1;0;0;2
30/08/2016;10:10:00;132;Acidente sem vítima;265;BR-101/ES;Norte;Colisão Lateral;2;3;0;0;0;0;1
30/08/2016;13:57:00;230;Acidente com vítima;98,2;BR-101/ES;Norte;Colisão Lateral;4;1;0;1;0;0;2
30/08/2016;22:02:00;348;Acidente sem vítima;452;BR-101/ES;Norte;Colisão Traseira;4;2;0;0;0;0;1
31/08/2016;10:35:00;145;Acidente sem vítima;184;BR-101/ES;Norte;Saída de Pista;1;3;0;0;0;0;1
31/08/2016;12:37:00;219;Acidente sem vítima;184;BR-101/ES;Norte;Colisão Lateral;2;2;0;0;0;0;1
31/08/2016;19:43:00;336;Acidente sem vítima;69;BR-101/ES;Sul;Colisão Transversal;2;3;0;0;0;0;1
01/09/2016;05:09:00;46;Acidente sem vítima;55;BR-101/ES;Sul;Colisão Traseira;5;2;0;0;0;0;1
01/09/2016;09:43:00;123;Acidente sem vítima;458;BR-101/ES;Norte;Saída de Pista;2;1;0;0;0;0;1
01/09/2016;16:37:00;280;Acidente sem vítima;66;BR-101/ES;Norte;Colisão Transversal;1;2;0;0;0;0;1
02/09/2016;00:42:00;13;Acidente sem vítima;194;BR-101/ES;Norte;Veículo em Chamas;2;1;0;0;0;0;1
03/09/2016;19:39:00;321;Acidente com vítima;62;BR-101/ES;Sul;Colisão;1;1;0;0;1;0;2
03/09/2016;19:59:00;325;Acidente sem vítima;62;BR-101/ES;Sul;Colisão Lateral;3;2;0;0;0;0;1
03/09/2016;21:45:00;342;Acidente sem vítima;0,1;BR-101/ES;Sul;Colisão Transversal;4;2;0;0;0;0;1
04/09/2016;09:21:00;89;Acidente com morte;446;BR-101/ES;Norte;Colisão Frontal;1;1;0;0;0;1;3
05/09/2016;13:24:00;231;Acidente com vítima;269;BR-101/ES;Sul;Colisão;1;2;0;2;0;0;2
06/09/2016;19:15:00;412;Acidente com vítima;120;BR-101/ES;Norte;Colisão Lateral;1;7;1;0;0;0;1
06/09/2016;19:50:00;421;Acidente com vítima;147;BR-101/ES;Sul;Colisão Transversal;1;0;2;1;0;0;2
07/09/2016;08:49:00;111;Acidente sem vítima;68;BR-101/ES;Norte;Engavetamento;1;8;0;0;0;0;1
07/09/2016;18:42:00;305;Acidente sem vítima;206;BR-101/ES;Norte;Colisão Transversal;1;3;0;0;0;0;1
08/09/2016;08:32:00;110;Acidente com vítima;414;BR-101/ES;Sul;Colisão Frontal;1;2;0;1;0;0;2
08/09/2016;10:48:00;176;Acidente sem vítima;377;BR-101/ES;Sul;Colisão Traseira;1;3;0;0;0;0;1
08/09/2016;11:54:00;208;Acidente sem vítima;264;BR-101/ES;Sul;Saída de Pista;1;1;0;0;0;0;1
08/09/2016;16:25:00;313;Acidente com vítima;380;BR-101/ES;Sul;Colisão Traseira;6;3;1;0;0;0;1
09/09/2016;02:20:00;35;Acidente sem vítima;105;BR-101/ES;Norte;Saída de Pista;1;1;0;0;0;0;1
09/09/2016;16:07:00;322;Acidente com vítima;146;BR-101/ES;Norte;Colisão Transversal;1;1;2;0;0;0;1
09/09/2016;17:32:00;347;Acidente sem vítima;269;BR-101/ES;Norte;Colisão Lateral;3;3;0;0;0;0;1
09/09/2016;19:51:00;382;Acidente sem vítima;212;BR-101/ES;Sul;Colisão Traseira;2;2;0;0;0;0;1
10/09/2016;14:16:00;244;Acidente sem vítima;264;BR-101/ES;Norte;Colisão Traseira;1;4;0;0;0;0;1
12/09/2016;11:05:00;164;Acidente sem vítima;256,5;BR-101/ES;Norte;Colisão Lateral;2;2;0;0;0;0;1
13/09/2016;03:40:00;40;Acidente sem vítima;267;BR-101/ES;Sul;Colisão Traseira;7;4;0;0;0;0;1
13/09/2016;03:49:00;42;Acidente com vítima;136;BR-101/ES;Norte;Tombamento;1;1;1;1;0;0;2
13/09/2016;08:25:00;106;Acidente sem vítima;84;BR-101/ES;Sul;Colisão Traseira;3;2;0;0;0;0;1
13/09/2016;12:57:00;231;Acidente sem vítima;249;BR-101/ES;Norte;Colisão Lateral;2;4;0;0;0;0;1
13/09/2016;14:34:00;273;Acidente sem vítima;136;BR-101/ES;Norte;Colisão Traseira;2;4;0;0;0;0;1
14/09/2016;07:53:00;107;Acidente com vítima;265;BR-101/ES;Sul;Colisão Lateral;1;3;0;1;0;0;2
14/09/2016;08:40:00;128;Acidente sem vítima;378;BR-101/ES;Sul;Colisão Lateral;1;2;0;0;0;0;1
14/09/2016;15:48:00;300;Acidente sem vítima;348;BR-101/ES;Norte;Colisão Traseira;1;3;0;0;0;0;1
14/09/2016;16:00:00;305;Acidente sem vítima;80,5;BR-101/ES;Norte;Colisão Transversal;1;3;0;0;0;0;1
15/09/2016;07:33:00;82;Acidente sem vítima;269;BR-101/ES;Sul;Colisão Traseira;4;2;0;0;0;0;1
15/09/2016;11:14:00;163;Acidente com vítima;214;BR-101/ES;Norte;Colisão Lateral;2;1;1;0;0;0;1
16/09/2016;10:49:00;161;Acidente sem vítima;262;BR-101/ES;Norte;Colisão Traseira;1;2;0;0;0;0;1
16/09/2016;16:01:00;280;Acidente sem vítima;264;BR-101/ES;Sul;Colisão Lateral;1;3;0;0;0;0;1
16/09/2016;17:35:00;315;Acidente com vítima;115;BR-101/ES;Sul;Saída de Pista;1;0;1;2;0;0;2
16/09/2016;12:34:00;216;Acidente sem vítima;279;BR-101/ES;Sul;Colisão Traseira;2;4;0;0;0;0;1
17/09/2016;00:00:00;2;Acidente sem vítima;65;BR-101/ES;Norte;Colisão Traseira;3;2;0;0;0;0;1
17/09/2016;08:44:00;110;Acidente com vítima;413;BR-101/ES;Norte;Choque com Objeto Fixo;1;0;1;0;0;0;1
18/09/2016;03:31:00;47;Acidente sem vítima;949;BR-101/BA;Norte;Colisão Traseira;4;2;0;0;0;0;1
18/09/2016;18:33:00;285;Acidente sem vítima;44;BR-101/ES;Norte;Capotamento;1;1;0;0;0;0;1
19/09/2016;19:15:00;369;Acidente sem vítima;255;BR-101/ES;Norte;Colisão Transversal;2;2;0;0;0;0;1
20/09/2016;01:17:00;19;Acidente com vítima;431;BR-101/ES;Norte;Tombamento;1;1;0;1;0;0;2
20/09/2016;04:57:00;55;Acidente com vítima;949;BR-101/BA;Norte;Saída de Pista;1;0;0;1;0;0;2
20/09/2016;07:20:00;76;Acidente com vítima;386;BR-101/ES;Norte;Capotamento;2;0;1;0;0;0;1
20/09/2016;07:40:00;87;Acidente sem vítima;139;BR-101/ES;Norte;Engavetamento;4;8;0;0;0;0;1
20/09/2016;07:46:00;90;Acidente sem vítima;262,5;BR-101/ES;Norte;Colisão Traseira;1;3;0;0;0;0;1
20/09/2016;11:27:00;176;Acidente sem vítima;384,5;BR-101/ES;Sul;Colisão Lateral;2;2;0;0;0;0;1
20/09/2016;15:46:00;275;Acidente sem vítima;266;BR-101/ES;Norte;Colisão Lateral;1;2;0;0;0;0;1
20/09/2016;16:22:00;287;Acidente com vítima;17;BR-101/ES;Sul;Tombamento;1;1;0;1;0;0;2
20/09/2016;21:48:00;358;Acidente com morte;412,5;BR-101/ES;Norte;Colisão Frontal;2;1;0;0;0;1;3
20/09/2016;12:25:00;208;Acidente sem vítima;294;BR-101/ES;Sul;Colisão Lateral;1;2;0;0;0;0;1
21/09/2016;12:17:00;236;Acidente com vítima;264;BR-101/ES;Norte;Colisão Traseira;2;2;0;1;0;0;2
21/09/2016;10:58:00;193;Acidente sem vítima;295;BR-101/ES;Norte;Colisão Traseira;1;3;0;0;0;0;1
22/09/2016;06:06:00;50;Acidente sem vítima;166;BR-101/ES;Norte;Colisão Lateral;3;3;0;0;0;0;1
23/09/2016;06:31:00;63;Acidente com vítima;55;BR-101/ES;Sul;Colisão Lateral;1;2;0;1;0;0;2
23/09/2016;11:07:00;178;Acidente com vítima;346,8;BR-101/ES;Sul;Colisão Lateral;2;2;0;1;0;0;2
23/09/2016;18:53:00;340;Acidente com vítima;65;BR-101/ES;Sul;Colisão Lateral;1;3;0;1;0;0;2
23/09/2016;19:29:00;351;Acidente com vítima;270;BR-101/ES;Norte;Colisão Lateral;3;1;0;1;0;0;2
23/09/2016;21:39:00;378;Acidente sem vítima;242;BR-101/ES;Norte;Choque com Objeto Fixo;1;1;0;0;0;0;1
24/09/2016;02:55:00;51;Acidente com vítima;297;BR-101/ES;Sul;Saída de Pista;2;0;1;0;0;0;1
24/09/2016;13:02:00;222;Acidente sem vítima;397;BR-101/ES;Sul;Colisão Lateral;3;7;0;0;0;0;1
25/09/2016;05:55:00;65;Acidente sem vítima;219;BR-101/ES;Sul;Colisão Traseira;1;4;0;0;0;0;1
25/09/2016;20:08:00;342;Acidente com vítima;401;BR-101/ES;Sul;Colisão Lateral;3;0;2;0;0;0;1
25/09/2016;20:36:00;348;Acidente sem vítima;294;BR-101/ES;Sul;Saída de Pista;1;1;0;0;0;0;1
26/09/2016;16:09:00;280;Acidente com vítima;17;BR-101/ES;Norte;Colisão Lateral;2;2;0;1;0;0;2
27/09/2016;09:27:00;140;Acidente sem vítima;452;BR-101/ES;Sul;Colisão Traseira;2;3;0;0;0;0;1
27/09/2016;13:29:00;246;Acidente sem vítima;351;BR-101/ES;Sul;Choque;4;2;0;0;0;0;1
27/09/2016;17:11:00;324;Acidente sem vítima;301,5;BR-101/ES;Sul;Colisão Traseira;1;6;0;0;0;0;1
28/09/2016;07:49:00;86;Acidente sem vítima;269;BR-101/ES;Norte;Colisão Lateral;3;3;0;0;0;0;1
28/09/2016;19:20:00;348;Acidente sem vítima;217;BR-101/ES;Norte;Colisão Traseira;3;2;0;0;0;0;1
28/09/2016;16:15:00;292;Acidente sem vítima;293;BR-101/ES;Norte;Colisão Lateral;3;2;0;0;0;0;1
29/09/2016;01:05:00;23;Acidente sem vítima;149;BR-101/ES;Sul;Colisão Traseira;2;2;0;0;0;0;1
29/09/2016;13:18:00;268;Acidente sem vítima;320,8;BR-101/ES;Norte;Colisão Traseira;3;3;0;0;0;0;1
30/09/2016;02:49:00;41;Acidente sem vítima;423;BR-101/ES;Sul;Veículo em Chamas;2;1;0;0;0;0;1
30/09/2016;07:18:00;89;Acidente sem vítima;304;BR-101/ES;Sul;Colisão Traseira;3;2;0;0;0;0;1
30/09/2016;13:28:00;237;Acidente sem vítima;270;BR-101/ES;Sul;Colisão Lateral;1;2;0;0;0;0;1
30/09/2016;17:18:00;317;Acidente sem vítima;386;BR-101/ES;Norte;Choque;3;6;0;0;0;0;1
30/09/2016;18:02:00;334;Acidente com vítima;298,5;BR-101/ES;Sul;Colisão Transversal;1;6;1;0;0;0;1
30/09/2016;19:51:00;359;Acidente com vítima;129;BR-101/ES;Norte;Colisão Lateral;4;0;5;0;2;0;2
30/09/2016;15:08:00;271;Acidente sem vítima;293;BR-101/ES;Sul;Colisão Traseira;3;3;0;0;0;0;1
01/10/2016;06:50:00;72;Acidente sem vítima;321;BR-101/ES;Norte;Colisão Traseira;2;2;0;0;0;0;1
01/10/2016;10:40:00;158;Acidente sem vítima;377;BR-101/ES;Sul;Choque;2;1;0;0;0;0;1
03/10/2016;01:19:00;21;Acidente sem vítima;31,5;BR-101/ES;Sul;Saída de Pista;2;1;0;0;0;0;1
04/10/2016;09:54:00;161;Acidente sem vítima;280;BR-101/ES;Sul;Choque com Objeto Fixo;2;1;0;0;0;0;1
04/10/2016;14:19:00;283;Acidente com vítima;142;BR-101/ES;Sul;Colisão Transversal;1;3;1;0;0;0;1
05/10/2016;08:50:00;142;Acidente sem vítima;278,8;BR-101/ES;Norte;Colisão Lateral;1;2;0;0;0;0;1
06/10/2016;11:49:00;217;Acidente sem vítima;285;BR-101/ES;Norte;Saída de Pista;2;1;0;0;0;0;1
06/10/2016;13:29:00;253;Acidente sem vítima;270;BR-101/ES;Norte;Colisão Lateral;2;2;0;0;0;0;1
06/10/2016;20:09:00;358;Acidente sem vítima;213;BR-101/ES;Norte;Colisão Traseira;2;1;0;0;0;0;1
08/10/2016;08:25:00;120;Acidente com morte;332,5;BR-101/ES;Norte;Colisão Transversal;3;3;1;0;1;1;3
08/10/2016;10:29:00;164;Acidente sem vítima;298,5;BR-101/ES;Norte;Colisão;2;2;0;0;0;0;1
08/10/2016;18:25:00;340;Acidente com vítima;223,6;BR-101/ES;Sul;Saída de Pista;3;0;1;0;0;0;1
10/10/2016;06:17:00;80;Acidente sem vítima;278,5;BR-101/ES;Norte;Choque com Objeto Fixo;3;1;0;0;0;0;1
10/10/2016;19:55:00;356;Acidente com vítima;385;BR-101/ES;Sul;Colisão Traseira;1;0;0;1;0;0;2
11/10/2016;10:19:00;174;Acidente sem vítima;298,9;BR-101/ES;Norte;Colisão Traseira;4;3;0;0;0;0;1
11/10/2016;19:40:00;393;Acidente sem vítima;214;BR-101/ES;Sul;Colisão Lateral;2;2;0;0;0;0;1
12/10/2016;18:29:00;310;Acidente sem vítima;402;BR-101/ES;Sul;Colisão Lateral;2;4;0;0;0;0;1
12/10/2016;20:02:00;323;Acidente sem vítima;366;BR-101/ES;Norte;Saída de Pista;2;1;0;0;0;0;1
13/10/2016;08:32:00;131;Acidente sem vítima;395;BR-101/ES;Norte;Colisão Lateral;4;2;0;0;0;0;1
13/10/2016;15:54:00;340;Acidente sem vítima;269;BR-101/ES;Norte;Colisão Lateral;2;2;0;0;0;0;1
14/10/2016;07:09:00;102;Acidente com vítima;96;BR-101/ES;Norte;Colisão Frontal;4;1;0;1;0;0;2
14/10/2016;07:27:00;109;Acidente sem vítima;223;BR-101/ES;Sul;Tombamento;4;2;0;0;0;0;1
14/10/2016;17:09:00;341;Acidente sem vítima;216;BR-101/ES;Norte;Engavetamento;2;6;0;0;0;0;1
14/10/2016;20:43:00;414;Acidente com morte;77,2;BR-101/ES;Sul;Colisão Frontal;3;1;0;4;1;1;3
17/10/2016;20:36:00;416;Acidente sem vítima;68;BR-101/ES;Sul;Tombamento;1;1;0;0;0;0;1
18/10/2016;03:25:00;58;Acidente sem vítima;393;BR-101/ES;Sul;Colisão Traseira;2;2;0;0;0;0;1
18/10/2016;04:14:00;68;Acidente com morte;308;BR-101/ES;Norte;Saída de Pista;2;0;0;0;0;1;3
18/10/2016;23:14:00;422;Acidente com vítima;67;BR-101/ES;Norte;Engavetamento;2;2;3;0;0;0;1
19/10/2016;07:57:00;109;Acidente sem vítima;301;BR-101/ES;Norte;Colisão Traseira;2;2;0;0;0;0;1
19/10/2016;11:20:00;222;Acidente com vítima;160;BR-101/ES;Sul;Colisão Lateral;2;1;1;0;0;0;1
19/10/2016;16:37:00;328;Acidente sem vítima;450;BR-101/ES;Sul;Saída de Pista;2;1;0;0;0;0;1
20/10/2016;11:14:00;228;Acidente sem vítima;180;BR-101/ES;Norte;Colisão Traseira;3;3;0;0;0;0;1
20/10/2016;15:03:00;318;Acidente sem vítima;270;BR-101/ES;Norte;Colisão Lateral;2;2;0;0;0;0;1
20/10/2016;21:23:00;409;Acidente sem vítima;448;BR-101/ES;Norte;Colisão Lateral;3;3;0;0;0;0;1
22/10/2016;17:34:00;299;Acidente sem vítima;146;BR-101/ES;Norte;Colisão Traseira;2;3;0;0;0;0;1
23/10/2016;17:02:00;316;Acidente sem vítima;459;BR-101/ES;Sul;Colisão Lateral;1;4;0;0;0;0;1
24/10/2016;19:33:00;393;Acidente sem vítima;269;BR-101/ES;Norte;Colisão Lateral;2;2;0;0;0;0;1
25/10/2016;15:26:00;306;Acidente com vítima;334;BR-101/ES;Norte;Saída de Pista;2;0;1;2;0;0;2
25/10/2016;19:04:00;368;Acidente sem vítima;50;BR-101/ES;Norte;Choque;3;6;0;0;0;0;1
26/10/2016;17:20:00;346;Acidente com morte;64;BR-101/ES;Sul;Colisão Transversal;1;0;1;1;0;2;3
27/10/2016;07:58:00;107;Acidente sem vítima;298;BR-101/ES;Norte;Colisão Traseira;3;3;0;0;0;0;1
27/10/2016;08:20:00;117;Acidente sem vítima;270;BR-101/ES;Norte;Colisão Lateral;1;2;0;0;0;0;1
27/10/2016;16:10:00;326;Acidente com vítima;14;BR-101/ES;Sul;Tombamento;2;0;0;1;0;0;2
27/10/2016;20:23:00;385;Atropelamento sem morte;267;BR-101/ES;Norte;Atropelamento;2;1;0;1;0;0;2
28/10/2016;16:47:00;365;Acidente sem vítima;425,8;BR-101/ES;Sul;Tombamento;2;2;0;0;0;0;1
28/10/2016;22:02:00;452;Acidente com vítima;267;BR-101/ES;Norte;Colisão Lateral;2;1;1;0;0;0;1
29/10/2016;07:22:00;88;Acidente sem vítima;403;BR-101/ES;Norte;Tombamento;1;1;0;0;0;0;1
29/10/2016;07:53:00;98;Acidente sem vítima;405;BR-101/ES;Norte;Colisão Traseira;2;2;0;0;0;0;1