data;horario;n_da_ocorrencia;tipo_de_ocorrencia;km;trecho;sentido;tipo_de_acidente;caminhao;ilesos;levemente_feridos;moderadamente_feridos;gravemente_feridos;mortos;3
29/10/2016;17:20:00;298;Acidente sem vítima;230;BR-101/ES;Sul;Engavetamento;2;4;0;0;0;0;1
30/10/2016;11:09:00;142;Acidente sem vítima;290;BR-101/ES;Norte;Saída de Pista;2;8;0;0;0;0;1
31/10/2016;17:37:00;359;Acidente sem vítima;408;BR-101/ES;Sul;Tombamento;2;1;0;0;0;0;1
01/11/2016;07:16:00;81;Acidente sem vítima;270;BR-101/ES;Norte;Colisão Traseira;3;4;0;0;0;0;1
01/11/2016;14:27:00;284;Acidente sem vítima;135;BR-101/ES;Norte;Colisão Traseira;2;4;0;0;0;0;1
02/11/2016;08:39:00;88;Acidente com vítima;363;BR-101/ES;Norte;Colisão Lateral;2;1;1;1;0;0;2
02/11/2016;10:07:00;107;Acidente sem vítima;346;BR-101/ES;Sul;Colisão Lateral;2;2;0;0;0;0;1
02/11/2016;12:08:00;153;Acidente sem vítima;335;BR-101/ES;Norte;Tombamento;2;1;0;0;0;0;1
02/11/2016;17:23:00;242;Acidente sem vítima;135;BR-101/ES;Norte;Colisão Traseira;1;2;0;0;0;0;1
03/11/2016;12:23:00;250;Acidente sem vítima;270;BR-101/ES;Norte;Colisão Lateral;2;3;0;0;0;0;1
04/11/2016;16:01:00;330;Acidente sem vítima;289;BR-101/ES;Sul;Colisão Lateral;2;2;0;0;0;0;1
04/11/2016;20:04:00;375;Acidente sem vítima;461;BR-101/ES;Sul;Choque com Objeto Fixo;2;1;0;0;0;0;1
05/11/2016;09:41:00;132;Acidente sem vítima;271;BR-101/ES;Norte;Colisão Lateral;2;2;0;0;0;0;1
06/11/2016;03:28:00;51;Acidente com morte;89;BR-101/ES;Sul;Colisão Traseira;1;0;0;0;0;1;3
06/11/2016;16:11:00;238;Acidente com vítima;402;BR-101/ES;Sul;Colisão Transversal;2;1;1;1;0;0;2
07/11/2016;08:38:00;120;Acidente com vítima;2;BR-101/ES;Norte;Saída de Pista;2;1;0;1;0;0;2
07/11/2016;10:44:00;171;Acidente sem vítima;293,5;BR-101/ES;Sul;Colisão Traseira;2;3;0;0;0;0;1
07/11/2016;16:41:00;338;Acidente sem vítima;110;BR-101/ES;Sul;Engavetamento;1;4;0;0;0;0;1
07/11/2016;18:31:00;367;Acidente sem vítima;149;BR-101/ES;Norte;Choque com Objeto Fixo;3;1;0;0;0;0;1
07/11/2016;20:33:00;386;Acidente com vítima;174;BR-101/ES;Sul;Choque com Veículo Estacionado;2;1;0;0;1;0;2
08/11/2016;09:47:00;168;Acidente sem vítima;265;BR-101/ES;Sul;Colisão Traseira;2;5;0;0;0;0;1
08/11/2016;11:19:00;214;Acidente com morte;147;BR-101/ES;Sul;Colisão;1;0;0;0;0;1;3
08/11/2016;12:53:00;251;Acidente sem vítima;297;BR-101/ES;Sul;Colisão Traseira;2;2;0;0;0;0;1
09/11/2016;08:00:00;82;Acidente com vítima;448;BR-101/ES;Sul;Tombamento;2;0;0;1;0;0;2
10/11/2016;07:04:00;72;Acidente com vítima;183,8;BR-101/ES;Norte;Colisão Frontal;4;0;3;2;1;0;2
11/11/2016;05:00:00;68;Acidente com vítima;17,7;BR-101/ES;Sul;Tombamento;2;0;1;0;0;0;1
11/11/2016;11:28:00;185;Acidente sem vítima;210;BR-101/ES;Norte;Colisão Lateral;3;6;0;0;0;0;1
12/11/2016;07:14:00;94;Acidente com vítima;944;BR-101/BA;Norte;Colisão Transversal;3;2;3;0;0;0;1
12/11/2016;13:51:00;261;Acidente sem vítima;399;BR-101/ES;Sul;Colisão Traseira;2;6;0;0;0;0;1
12/11/2016;17:34:00;337;Acidente com vítima;42;BR-101/ES;Norte;Colisão Lateral;2;1;0;2;0;0;2
13/11/2016;13:39:00;216;Acidente com vítima;162;BR-101/ES;Norte;Colisão Lateral;3;1;1;0;0;0;1
14/11/2016;11:18:00;157;Acidente sem vítima;301;BR-101/ES;Norte;Colisão Traseira;2;5;0;0;0;0;1
15/11/2016;03:44:00;55;Acidente sem vítima;0,8;BR-101/ES;Sul;Choque com Objeto Fixo;2;1;0;0;0;0;1
16/11/2016;09:49:00;191;Acidente sem vítima;300;BR-101/ES;Norte;Tombamento;1;1;0;0;0;0;1
16/11/2016;16:39:00;381;Acidente com vítima;284;BR-101/ES;Sul;Colisão Traseira;1;3;0;1;0;0;2
16/11/2016;23:48:00;466;Acidente sem vítima;213;BR-101/ES;Sul;Colisão Traseira;1;4;0;0;0;0;1
17/11/2016;12:02:00;213;Acidente sem vítima;276;BR-101/ES;Sul;Choque com Objeto Fixo;2;1;0;0;0;0;1
18/11/2016;14:51:00;358;Acidente sem vítima;293,5;BR-101/ES;Sul;Colisão Traseira;2;2;0;0;0;0;1
18/11/2016;20:44:00;457;Acidente com vítima;210,9;BR-101/ES;Norte;Colisão Lateral;1;1;2;0;0;0;1
19/11/2016;15:12:00;327;Acidente sem vítima;269;BR-101/ES;Norte;Colisão Lateral;3;4;0;0;0;0;1
20/11/2016;23:03:00;316;Acidente com vítima;149;BR-101/ES;Sul;Colisão Transversal;2;3;3;0;0;0;1
21/11/2016;08:52:00;108;Acidente sem vítima;399;BR-101/ES;Norte;Colisão Traseira;2;2;0;0;0;0;1
23/11/2016;09:13:00;105;Acidente sem vítima;269;BR-101/ES;Norte;Colisão Traseira;2;3;0;0;0;0;1
24/11/2016;07:23:00;80;Acidente sem vítima;156,5;BR-101/ES;Norte;Colisão Traseira;1;2;0;0;0;0;1
24/11/2016;07:33:00;84;Acidente com vítima;370;BR-101/ES;Sul;Colisão Transversal;1;3;1;0;0;0;1
25/11/2016;09:17:00;121;Acidente com morte;292;BR-101/ES;Norte;Atropelamento Animal;2;1;0;0;0;1;3
25/11/2016;12:21:00;209;Acidente com vítima;286;BR-101/ES;Norte;Colisão Lateral;2;2;0;1;0;0;2
25/11/2016;12:32:00;213;Acidente com vítima;17;BR-101/ES;Sul;Tombamento;2;0;0;1;0;0;2
27/11/2016;07:36:00;77;Acidente sem vítima;146;BR-101/ES;Norte;Colisão Traseira;1;2;0;0;0;0;1
27/11/2016;14:53:00;295;Acidente sem vítima;270;BR-101/ES;Norte;Colisão Lateral;3;4;0;0;0;0;1
27/11/2016;16:00:00;313;Acidente com vítima;386,5;BR-101/ES;Sul;Tombamento;2;0;0;1;0;0;2
28/11/2016;06:59:00;67;Atropelamento com morte;298;BR-101/ES;Norte;Atropelamento;2;1;1;0;0;1;3
28/11/2016;09:28:00;128;Acidente sem vítima;94;BR-101/ES;Norte;Tombamento;2;1;0;0;0;0;1
28/11/2016;13:08:00;244;Acidente com vítima;292;BR-101/ES;Norte;Colisão Traseira;2;1;0;1;0;0;2
28/11/2016;18:04:00;347;Acidente sem vítima;270;BR-101/ES;Norte;Colisão Lateral;2;3;0;0;0;0;1
29/11/2016;04:51:00;63;Acidente sem vítima;205;BR-101/ES;Norte;Colisão Lateral;1;12;0;0;0;0;1
29/11/2016;20:28:00;377;Acidente sem vítima;270;BR-101/ES;Norte;Colisão Lateral;2;2;0;0;0;0;1
30/11/2016;01:29:00;19;Acidente com vítima;407;BR-101/ES;Sul;Tombamento;2;0;0;1;0;0;2
30/11/2016;05:33:00;63;Acidente com vítima;419;BR-101/ES;Sul;Colisão Traseira;4;0;2;0;1;0;2
30/11/2016;05:54:00;65;Acidente sem vítima;149;BR-101/ES;Sul;Colisão Traseira;4;3;0;0;0;0;1
01/12/2016;12:46:00;263;Acidente com vítima;94;BR-101/ES;Sul;Choque;3;1;2;0;0;0;1
02/12/2016;03:59:00;63;Acidente com vítima;288;BR-101/ES;Sul;Colisão Traseira;2;1;1;0;0;0;1
02/12/2016;19:38:00;362;Acidente sem vítima;270;BR-101/ES;Sul;Veículo em Chamas;2;1;0;0;0;0;1
03/12/2016;13:47:00;241;Acidente com vítima;11,2;BR-101/ES;Sul;Colisão Traseira;2;1;0;1;0;0;2
04/12/2016;11:36:00;208;Acidente sem vítima;377;BR-101/ES;Norte;Choque com Objeto Fixo;2;2;0;0;0;0;1
05/12/2016;07:14:00;75;Acidente com vítima;270,8;BR-101/ES;Sul;Queda de Moto;2;1;0;0;1;0;2
05/12/2016;15:20:00;322;Acidente sem vítima;246;BR-101/ES;Norte;Colisão Traseira;2;2;0;0;0;0;1
05/12/2016;18:44:00;405;Acidente sem vítima;51;BR-101/ES;Norte;Choque;1;1;0;0;0;0;1
05/12/2016;19:03:00;408;Acidente sem vítima;293;BR-101/ES;Sul;Colisão Traseira;1;3;0;0;0;0;1
06/12/2016;13:59:00;285;Acidente sem vítima;322;BR-101/ES;Sul;Colisão Traseira;2;2;0;0;0;0;1
06/12/2016;17:55:00;362;Acidente com vítima;395;BR-101/ES;Sul;Colisão Transversal;2;1;1;0;0;0;1
07/12/2016;09:01:00;140;Acidente sem vítima;358;BR-101/ES;Norte;Veículo em Chamas;2;1;0;0;0;0;1
07/12/2016;15:40:00;319;Acidente sem vítima;399;BR-101/ES;Sul;Veículo em Chamas;1;1;0;0;0;0;1
07/12/2016;15:54:00;324;Acidente sem vítima;171,5;BR-101/ES;Norte;Colisão Lateral;3;3;0;0;0;0;1
09/12/2016;17:05:00;407;Acidente com vítima;242;BR-101/ES;Norte;Colisão Lateral;4;2;1;0;0;0;1
09/12/2016;22:19:00;505;Acidente sem vítima;226;BR-101/ES;Norte;Colisão Lateral;1;2;0;0;0;0;1
11/12/2016;14:19:00;226;Acidente sem vítima;423;BR-101/ES;Sul;Colisão Lateral;2;1;0;0;0;0;1
11/12/2016;19:57:00;333;Acidente sem vítima;3;BR-101/ES;Norte;Atropelamento de Bovino;3;2;0;0;0;0;1
11/12/2016;22:13:00;362;Acidente com vítima;399;BR-101/ES;Norte;Colisão Traseira;2;4;0;1;0;0;2
12/12/2016;00:08:00;2;Acidente com morte;954;BR-101/BA;Sul;Tombamento;3;0;0;0;0;1;3
12/12/2016;03:57:00;55;Acidente sem vítima;29;BR-101/ES;Sul;Tombamento;2;1;0;0;0;0;1
12/12/2016;17:39:00;370;Acidente sem vítima;211;BR-101/ES;Sul;Colisão Traseira;2;2;0;0;0;0;1
13/12/2016;15:54:00;340;Acidente sem vítima;123;BR-101/ES;Sul;Saída de Pista;2;1;0;0;0;0;1
14/12/2016;11:15:00;182;Acidente sem vítima;206;BR-101/ES;Norte;Colisão Traseira;2;2;0;0;0;0;1
14/12/2016;19:04:00;332;Acidente com vítima;401;BR-101/ES;Sul;Choque com Objeto Fixo;2;2;0;1;1;0;2
14/12/2016;20:10:00;346;Acidente sem vítima;269;BR-101/ES;Sul;Colisão Traseira;2;2;0;0;0;0;1
15/12/2016;15:49:00;301;Acidente com morte;374;BR-101/ES;Norte;Colisão Lateral;5;2;0;0;0;1;3
16/12/2016;10:44:00;171;Acidente sem vítima;264;BR-101/ES;Norte;Colisão Traseira;2;2;0;0;0;0;1
16/12/2016;14:23:00;279;Acidente sem vítima;242;BR-101/ES;Norte;Choque;2;2;0;0;0;0;1
17/12/2016;06:01:00;61;Acidente sem vítima;948;BR-101/BA;Sul;Saída de Pista;3;1;0;0;0;0;1
17/12/2016;21:46:00;356;Acidente sem vítima;280,8;BR-101/ES;Sul;Veículo em Chamas;2;1;0;0;0;0;1
18/12/2016;07:53:00;77;Acidente sem vítima;157;BR-101/ES;Norte;Saída de Pista;1;1;0;0;0;0;1
19/12/2016;12:11:00;228;Acidente sem vítima;296;BR-101/ES;Sul;Veículo em Chamas;2;1;0;0;0;0;1
19/12/2016;13:23:00;254;Acidente sem vítima;394;BR-101/ES;Sul;Colisão Lateral;2;4;0;0;0;0;1
20/12/2016;04:51:00;72;Acidente sem vítima;221;BR-101/ES;Norte;Engavetamento;3;11;0;0;0;0;1
20/12/2016;15:30:00;313;Acidente sem vítima;321;BR-101/ES;Sul;Colisão Traseira;1;5;0;0;0;0;1
20/12/2016;16:43:00;341;Acidente com vítima;250;BR-101/ES;Norte;Colisão Traseira;2;2;1;1;0;0;2
21/12/2016;23:24:00;468;Acidente com vítima;45;BR-101/ES;Norte;Colisão Lateral;2;4;1;1;0;0;2
22/12/2016;16:15:00;341;Acidente sem vítima;337;BR-101/ES;Norte;Colisão Traseira;4;2;0;0;0;0;1
23/12/2016;13:54:00;302;Acidente sem vítima;373;BR-101/ES;Sul;Saída de Pista;2;1;0;0;0;0;1
23/12/2016;15:24:00;345;Acidente sem vítima;194;BR-101/ES;Norte;Choque;3;2;0;0;0;0;1
23/12/2016;19:04:00;426;Acidente sem vítima;249;BR-101/ES;Sul;Colisão Traseira;2;6;0;0;0;0;1
24/12/2016;11:07:00;226;Acidente com morte;413;BR-101/ES;Sul;Colisão Frontal;1;1;3;0;1;1;3
26/12/2016;09:20:00;144;Acidente sem vítima;377;BR-101/ES;Sul;Colisão Traseira;4;2;0;0;0;0;1
27/12/2016;10:57:00;205;Acidente sem vítima;292;BR-101/ES;Norte;Colisão Lateral;2;2;0;0;0;0;1
27/12/2016;15:06:00;320;Acidente sem vítima;267;BR-101/ES;Sul;Colisão Transversal;2;6;0;0;0;0;1
29/12/2016;04:43:00;73;Acidente sem vítima;210;BR-101/ES;Norte;Colisão Lateral;2;8;0;0;0;0;1
29/12/2016;16:32:00;374;Acidente sem vítima;14;BR-101/ES;Norte;Colisão Lateral;3;4;0;0;0;0;1
29/12/2016;17:10:00;390;Acidente sem vítima;270;BR-101/ES;Norte;Colisão Traseira;2;6;0;0;0;0;1
29/12/2016;17:13:00;392;Acidente sem vítima;139;BR-101/ES;Norte;Colisão Lateral;4;3;0;0;0;0;1
30/12/2016;11:48:00;210;Acidente com vítima;254;BR-101/ES;Sul;Colisão Traseira;2;3;2;1;0;0;2
31/12/2016;09:47:00;172;Acidente com vítima;359;BR-101/ES;Norte;Saída de Pista;1;2;0;2;0;0;2
31/12/2016;10:44:00;185;Acidente com vítima;148;BR-101/ES;Sul;Colisão Lateral;2;2;1;0;0;0;1
01/01/2017;18:20:00;386;Acidente com vítima;302;BR-101/ES;Norte;Colisão Traseira;2;15;2;0;0;0;1
03/01/2017;13:53:00;253;Acidente sem vítima;436,5;BR-101/ES;Norte;Colisão Traseira;6;2;0;0;0;0;1
03/01/2017;16:36:00;311;Acidente sem vítima;435;BR-101/ES;Norte;Colisão Lateral;1;2;0;0;0;0;1
03/01/2017;16:36:00;312;Acidente sem vítima;213;BR-101/ES;Sul;Engavetamento;1;4;0;0;0;0;1
04/01/2017;18:03:00;386;Acidente com vítima;298;BR-101/ES;Norte;Colisão Traseira;1;1;1;0;0;0;1
05/01/2017;07:34:00;112;Acidente sem vítima;271;BR-101/ES;Norte;Colisão Lateral;2;3;0;0;0;0;1
05/01/2017;20:23:00;410;Acidente sem vítima;386,8;BR-101/ES;Norte;Tombamento;2;1;0;0;0;0;1
06/01/2017;10:54:00;186;Acidente sem vítima;148;BR-101/ES;Sul;Colisão Traseira;1;2;0;0;0;0;1
06/01/2017;13:39:00;281;Acidente sem vítima;285,7;BR-101/ES;Sul;Colisão Lateral;3;2;0;0;0;0;1
06/01/2017;17:10:00;342;Acidente sem vítima;369;BR-101/ES;Sul;Colisão Lateral;4;2;0;0;0;0;1
07/01/2017;07:33:00;105;Acidente com morte;130;BR-101/ES;Norte;Colisão Traseira;2;1;1;0;0;1;3
07/01/2017;19:27:00;341;Acidente sem vítima;268;BR-101/ES;Sul;Colisão Lateral;1;4;0;0;0;0;1
08/01/2017;05:48:00;77;Acidente sem vítima;11;BR-101/ES;Sul;Colisão Traseira;4;2;0;0;0;0;1
08/01/2017;15:47:00;262;Acidente com vítima;286;BR-101/ES;Sul;Colisão Traseira;2;2;1;1;0;0;2
08/01/2017;18:48:00;309;Acidente com vítima;286;BR-101/ES;Sul;Choque com Veículo Estacionado;2;1;0;5;0;0;2
09/01/2017;08:54:00;129;Acidente sem vítima;301;BR-101/ES;Norte;Choque com Objeto Fixo;1;1;0;0;0;0;1
09/01/2017;17:55:00;358;Acidente sem vítima;152;BR-101/ES;Sul;Colisão Traseira;1;5;0;0;0;0;1
09/01/2017;20:28:00;404;Acidente com vítima;156;BR-101/ES;Norte;Colisão Lateral;1;1;2;2;0;0;2
11/01/2017;16:21:00;296;Acidente sem vítima;272;BR-101/ES;Sul;Colisão Traseira;2;3;0;0;0;0;1
11/01/2017;20:07:00;359;Acidente sem vítima;377;BR-101/ES;Sul;Colisão Traseira;2;2;0;0;0;0;1
12/01/2017;06:50:00;91;Acidente sem vítima;445;BR-101/ES;Norte;Choque;2;1;0;0;0;0;1
12/01/2017;15:35:00;279;Acidente com vítima;266;BR-101/ES;Norte;Colisão Lateral;2;2;0;1;0;0;2
14/01/2017;23:40:00;400;Acidente com vítima;382,5;BR-101/ES;Norte;Saída de Pista;2;0;0;1;0;0;2
15/01/2017;08:44:00;109;Acidente sem vítima;209;BR-101/ES;Norte;Colisão Traseira;1;2;0;0;0;0;1
16/01/2017;11:24:00;223;Acidente com vítima;263;BR-101/ES;Norte;Colisão Lateral;2;1;0;1;0;0;2
16/01/2017;17:26:00;352;Acidente sem vítima;387;BR-101/ES;Norte;Engavetamento;2;3;0;0;0;0;1
17/01/2017;15:00:00;283;Acidente com vítima;65;BR-101/ES;Sul;Colisão Transversal;4;5;0;1;0;0;2
19/01/2017;08:01:00;102;Acidente com vítima;8,4;BR-101/ES;Sul;Tombamento;2;0;1;1;0;0;2
19/01/2017;13:43:00;251;Acidente com morte;395;BR-101/ES;Norte;Colisão Frontal;2;0;0;1;0;1;3
20/01/2017;00:30:00;6;Acidente com vítima;363;BR-101/ES;Sul;Saída de Pista;2;0;0;1;0;0;2
20/01/2017;06:57:00;93;Acidente sem vítima;350;BR-101/ES;Norte;Colisão Lateral;1;2;0;0;0;0;1
20/01/2017;14:38:00;296;Acidente sem vítima;408;BR-101/ES;Norte;Colisão Lateral;3;5;0;0;0;0;1
23/01/2017;08:50:00;130;Acidente sem vítima;304;BR-101/ES;Norte;Veículo em Chamas;2;1;0;0;0;0;1
23/01/2017;22:32:00;464;Acidente sem vítima;296;BR-101/ES;Norte;Choque;1;3;0;0;0;0;1
24/01/2017;05:30:00;98;Acidente com vítima;265;BR-101/ES;Norte;Colisão Traseira;2;2;0;1;0;0;2
24/01/2017;16:29:00;443;Acidente com vítima;399;BR-101/ES;Norte;Colisão Traseira;3;1;2;1;0;0;2
24/01/2017;22:22:00;571;Acidente com vítima;450;BR-101/ES;Norte;Tombamento;2;0;0;0;1;0;2
27/01/2017;16:24:00;439;Acidente sem vítima;297;BR-101/ES;Sul;Capotamento;2;3;0;0;0;0;1
28/01/2017;08:17:00;155;Acidente com morte;439;BR-101/ES;Sul;Colisão Transversal;2;1;0;0;0;1;3
30/01/2017;05:13:00;83;Acidente com vítima;29,3;BR-101/ES;Sul;Tombamento;4;0;0;1;0;0;2
30/01/2017;16:47:00;352;Acidente sem vítima;293;BR-101/ES;Norte;Colisão Lateral;1;3;0;0;0;0;1
30/01/2017;17:55:00;388;Acidente com vítima;270;BR-101/ES;Norte;Engavetamento;1;5;0;1;0;0;2
31/01/2017;08:04:00;144;Acidente sem vítima;246;BR-101/ES;Sul;Colisão Traseira;3;2;0;0;0;0;1
01/02/2017;07:21:00;143;Acidente com vítima;306;BR-101/ES;Norte;Colisão Lateral;1;0;1;0;1;0;2
01/02/2017;20:15:00;470;Acidente sem vítima;321;BR-101/ES;Norte;Colisão Lateral;2;2;0;0;0;0;1
02/02/2017;04:35:00;89;Acidente sem vítima;384;BR-101/ES;Sul;Colisão Traseira;2;2;0;0;0;0;1
02/02/2017;17:20:00;456;Acidente com vítima;230;BR-101/ES;Norte;Colisão Lateral;1;0;0;1;0;0;2
02/02/2017;18:42:00;477;Acidente sem vítima;223;BR-101/ES;Sul;Colisão Lateral;4;3;0;0;0;0;1
03/02/2017;16:33:00;408;Acidente sem vítima;450;BR-101/ES;Sul;Saída de Pista;2;3;0;0;0;0;1
03/02/2017;18:32:00;442;Acidente com vítima;329;BR-101/ES;Sul;Colisão Lateral;3;2;0;0;1;0;2
04/02/2017;09:16:00;159;Acidente com morte;447,9;BR-101/ES;Sul;Tombamento;2;0;0;0;1;1;3
06/02/2017;16:30:00;363;Acidente sem vítima;273;BR-101/ES;Norte;Colisão Traseira;2;2;0;0;0;0;1
09/02/2017;18:07:00;355;Acidente com vítima;148;BR-101/ES;Norte;Colisão Lateral;1;1;2;0;0;0;1
11/02/2017;02:13:00;53;Acidente com morte;149;BR-101/ES;Norte;Colisão Transversal;2;2;1;0;0;1;3
11/02/2017;02:32:00;60;Acidente com vítima;345;BR-101/ES;Sul;Saída de Pista;2;0;1;0;0;0;1
13/02/2017;06:08:00;105;Acidente sem vítima;144;BR-101/ES;Norte;Engavetamento;2;3;0;0;0;0;1
13/02/2017;06:14:00;106;Acidente com vítima;380;BR-101/ES;Norte;Colisão Transversal;2;0;2;0;0;0;1
13/02/2017;10:41:00;224;Acidente sem vítima;271;BR-101/ES;Norte;Colisão Lateral;3;2;0;0;0;0;1
13/02/2017;17:17:00;410;Acidente sem vítima;213;BR-101/ES;Sul;Colisão Transversal;2;3;0;0;0;0;1
14/02/2017;13:21:00;352;Acidente sem vítima;266;BR-101/ES;Norte;Colisão Lateral;3;3;0;0;0;0;1
14/02/2017;14:59:00;380;Acidente sem vítima;271;BR-101/ES;Norte;Veículo em Chamas;1;2;0;0;0;0;1
15/02/2017;08:40:00;151;Acidente sem vítima;67;BR-101/ES;Sul;Colisão Traseira;4;2;0;0;0;0;1
15/02/2017;11:16:00;260;Acidente sem vítima;288;BR-101/ES;Sul;Colisão Lateral;2;3;0;0;0;0;1
15/02/2017;11:28:00;266;Acidente sem vítima;271;BR-101/ES;Norte;Colisão Traseira;2;3;0;0;0;0;1
16/02/2017;05:19:00;97;Acidente sem vítima;212;BR-101/ES;Sul;Colisão Traseira;5;3;0;0;0;0;1
16/02/2017;22:27:00;472;Acidente com vítima;460;BR-101/ES;Sul;Colisão Lateral;3;0;1;2;0;0;2
17/02/2017;06:55:00;117;Acidente sem vítima;208;BR-101/ES;Norte;Colisão Lateral;2;3;0;0;0;0;1
17/02/2017;23:09:00;528;Acidente sem vítima;106;BR-101/ES;Sul;Saída de Pista;2;1;0;0;0;0;1
20/02/2017;09:49:00;184;Acidente com vítima;278;BR-101/ES;Norte;Choque com Objeto Fixo;3;0;1;0;0;0;1
20/02/2017;22:04:00;469;Acidente sem vítima;92;BR-101/ES;Norte;Colisão Traseira;5;2;0;0;0;0;1
21/02/2017;05:33:00;90;Acidente com vítima;331,5;BR-101/ES;Sul;Colisão Frontal;2;0;0;3;0;0;2
21/02/2017;06:40:00;102;Acidente sem vítima;269;BR-101/ES;Sul;Colisão Lateral;6;3;0;0;0;0;1
22/02/2017;09:52:00;184;Acidente sem vítima;948,2;BR-101/BA;Norte;Colisão Traseira;5;2;0;0;0;0;1
22/02/2017;22:46:00;512;Acidente sem vítima;123,7;BR-101/ES;Norte;Tombamento;2;1;0;0;0;0;1
23/02/2017;10:29:00;245;Acidente sem vítima;240;BR-101/ES;Norte;Saída de Pista;2;1;0;0;0;0;1
23/02/2017;15:07:00;385;Acidente com vítima;358,7;BR-101/ES;Norte;Tombamento;2;0;1;0;0;0;1
23/02/2017;21:33:00;494;Acidente sem vítima;266;BR-101/ES;Norte;Colisão Lateral;3;2;0;0;0;0;1
24/02/2017;08:24:00;129;Acidente sem vítima;325;BR-101/ES;Norte;Colisão Lateral;2;2;0;0;0;0;1
24/02/2017;10:57:00;225;Acidente sem vítima;295;BR-101/ES;Norte;Colisão Traseira;2;3;0;0;0;0;1
25/02/2017;10:00:00;221;Acidente sem vítima;436;BR-101/ES;Sul;Colisão Lateral;2;6;0;0;0;0;1
25/02/2017;16:08:00;423;Acidente com vítima;161;BR-101/ES;Sul;Colisão Transversal;2;1;1;0;0;0;1
26/02/2017;02:49:00;60;Acidente com vítima;378;BR-101/ES;Norte;Colisão Lateral;1;1;2;1;0;0;2
26/02/2017;19:53:00;384;Atropelamento com morte;381;BR-101/ES;Norte;Atropelamento;3;1;0;0;0;1;3
01/08/2020;08:29:00;114;Acidente sem vítima;394,3;BR-101/ES;Sul;Tombamento;2;1;0;0;0;0;1
03/08/2020;05:56:00;90;Acidente com vítima;380,5;BR-101/ES (Contorno de Iconha);Norte;Colisão com ciclista;1;0;1;0;0;0;1
03/08/2020;09:02:00;141;Acidente com vítima;73,9;BR-101/ES;Norte;Colisão Lateral;2;1;0;2;0;0;2
03/08/2020;13:26:00;267;Acidente sem vítima;296,7;BR-101/ES;Sul;Colisão Lateral;1;3;0;0;0;0;1
03/08/2020;18:26:00;351;Acidente sem vítima;66;BR-101/ES;Sul;Colisão Traseira;1;2;0;0;0;0;1
04/08/2020;10:07:00;164;Acidente sem vítima;279;BR-101/ES (Contorno de Vitória);Sul;Colisão Transversal;2;2;0;0;0;0;1
04/08/2020;11:51:00;210;Acidente sem vítima;242;BR-101/ES;Sul;Colisão Lateral;1;3;0;0;0;0;1
05/08/2020;07:05:00;95;Acidente com vítima;347,9;BR-101/ES;Sul;Colisão Lateral;2;1;0;2;0;0;2
05/08/2020;10:22:00;159;Acidente com vítima;267,5;BR-101/ES;Norte;Colisão Lateral;1;1;1;0;0;0;1
05/08/2020;16:43:00;306;Acidente sem vítima;215,9;BR-101/ES;Norte;Colisão Traseira;1;2;0;0;0;0;1
05/08/2020;18:37:00;329;Acidente sem vítima;435,9;BR-101/ES;Norte;Saída de Pista;2;1;0;0;0;0;1
05/08/2020;22:11:00;376;Acidente com vítima;166;BR-101/ES;Norte;Colisão Traseira;1;2;0;1;0;0;2
06/08/2020;03:27:00;71;Acidente sem vítima;11;BR-101/ES;Norte;Atropelamento de Bovino;2;1;0;0;0;0;1
07/08/2020;05:30:00;97;Acidente sem vítima;426,7;BR-101/ES;Sul;Tombamento;3;2;0;0;0;0;1
07/08/2020;06:48:00;111;Acidente sem vítima;254,7;BR-101/ES;Sul;Colisão Frontal;1;3;0;0;0;0;1
07/08/2020;07:57:00;132;Acidente com vítima;290,6;BR-101/ES (Contorno de Vitória);Norte;Colisão Lateral;2;3;1;0;0;0;1
07/08/2020;09:42:00;164;Acidente sem vítima;293;BR-101/ES (Contorno de Vitória);Sul;Colisão Lateral;3;2;0;0;0;0;1
07/08/2020;15:14:00;341;Acidente com vítima;116,9;BR-101/ES;Norte;Colisão Traseira;4;1;0;1;0;0;2
07/08/2020;18:44:00;413;Acidente sem vítima;245;BR-101/ES;Norte;Tombamento;3;1;0;0;0;0;1
07/08/2020;20:10:00;432;Acidente sem vítima;209;BR-101/ES;Sul;Colisão Traseira;2;8;0;0;0;0;1
07/08/2020;22:39:00;460;Acidente com vítima;458;BR-101/ES;Sul;Tombamento;1;1;1;0;0;0;1
09/08/2020;08:00:00;69;Acidente com vítima;386,9;BR-101/ES;Norte;Tombamento;2;0;1;0;0;0;1
10/08/2020;13:44:00;285;Acidente sem vítima;222,1;BR-101/ES;Norte;Colisão Lateral;2;4;0;0;0;0;1
10/08/2020;20:50:00;397;Acidente sem vítima;85;BR-101/ES;Sul;Saída de Pista;1;1;0;0;0;0;1
11/08/2020;08:02:00;137;Acidente sem vítima;303;BR-101/ES;Sul;Colisão Traseira;1;5;0;0;0;0;1