data;horario;n_da_ocorrencia;tipo_de_ocorrencia;km;trecho;sentido;tipo_de_acidente;caminhao;ilesos;levemente_feridos;moderadamente_feridos;gravemente_feridos;mortos;3
11/08/2020;11:39:00;223;Acidente sem vítima;458;BR-101/ES;Sul;Tombamento;2;1;0;0;0;0;1
11/08/2020;14:21:00;293;Acidente sem vítima;303;BR-101/ES;Sul;Colisão Lateral;1;3;0;0;0;0;1
12/08/2020;12:05:00;230;Acidente sem vítima;457;BR-101/ES;Sul;Colisão Traseira;1;2;0;0;0;0;1
12/08/2020;14:51:00;287;Acidente com vítima;147,2;BR-101/ES;Sul;Colisão Traseira;3;2;1;0;0;0;1
12/08/2020;21:22:00;401;Acidente sem vítima;245;BR-101/ES;Sul;Colisão Traseira;3;1;0;0;0;0;1
13/08/2020;07:55:00;135;Acidente sem vítima;294,2;BR-101/ES (Contorno de Vitória);Norte;Colisão Traseira;2;2;0;0;0;0;1
13/08/2020;12:16:00;257;Acidente sem vítima;363,2;BR-101/ES;Sul;Choque;3;2;0;0;0;0;1
13/08/2020;17:43:00;378;Acidente sem vítima;392;BR-101/ES;Sul;Colisão Traseira;1;2;0;0;0;0;1
14/08/2020;06:51:00;110;Acidente sem vítima;320,8;BR-101/ES;Sul;Colisão Traseira;3;2;0;0;0;0;1
14/08/2020;09:01:00;155;Acidente sem vítima;270,8;BR-101/ES;Norte;Colisão Lateral;2;2;0;0;0;0;1
14/08/2020;14:26:00;302;Acidente sem vítima;270,4;BR-101/ES;Sul;Danos Eventuais;1;4;0;0;0;0;1
14/08/2020;14:33:00;304;Acidente sem vítima;254;BR-101/ES;Sul;Colisão Traseira;1;2;0;0;0;0;1
14/08/2020;19:40:00;403;Acidente com vítima;332,5;BR-101/ES;Sul;Tombamento;1;0;0;1;0;0;2
15/08/2020;16:11:00;306;Acidente sem vítima;0,8;BR-101/ES;Norte;Choque com Objeto Fixo;1;1;0;0;0;0;1
15/08/2020;16:28:00;310;Acidente sem vítima;271;BR-101/ES (Contorno de Vitória);Sul;Colisão Traseira;1;2;0;0;0;0;1
15/08/2020;18:21:00;352;Acidente sem vítima;370;BR-101/ES;Sul;Colisão Traseira;2;6;0;0;0;0;1
17/08/2020;07:48:00;89;Acidente sem vítima;294;BR-101/ES (Contorno de Vitória);Norte;Engavetamento;2;4;0;0;0;0;1
17/08/2020;08:14:00;96;Acidente sem vítima;304,6;BR-101/ES;Sul;Choque com Objeto Fixo;2;1;0;0;0;0;1
17/08/2020;15:22:00;311;Acidente com vítima;288;BR-101/ES (Contorno de Vitória);Sul;Choque;6;3;1;0;0;0;1
17/08/2020;22:13:00;434;Acidente com vítima;395;BR-101/ES;Norte;Colisão Transversal;1;0;1;0;1;0;2
18/08/2020;17:16:00;366;Acidente sem vítima;182,5;BR-101/ES;Sul;Colisão Lateral;1;2;0;0;0;0;1
19/08/2020;06:44:00;121;Acidente sem vítima;183,2;BR-101/ES;Sul;Tombamento;2;1;0;0;0;0;1
19/08/2020;18:39:00;370;Acidente sem vítima;21;BR-101/ES;Norte;Colisão Lateral;3;3;0;0;0;0;1
19/08/2020;20:15:00;396;Acidente sem vítima;65;BR-101/ES;Sul;Colisão Lateral;3;2;0;0;0;0;1
19/08/2020;21:16:00;408;Acidente sem vítima;182,8;BR-101/ES;Sul;Tombamento;1;1;0;0;0;0;1
20/08/2020;06:59:00;88;Acidente sem vítima;159;BR-101/ES;Norte;Engavetamento;4;4;0;0;0;0;1
20/08/2020;09:27:00;164;Acidente sem vítima;294;BR-101/ES (Contorno de Vitória);Norte;Colisão Traseira;1;3;0;0;0;0;1
21/08/2020;06:19:00;90;Acidente sem vítima;266,3;BR-101/ES;Norte;Colisão Transversal;1;2;0;0;0;0;1
21/08/2020;09:06:00;147;Acidente sem vítima;221,3;BR-101/ES;Sul;Saída de Pista;1;4;0;0;0;0;1
22/08/2020;12:08:00;230;Acidente sem vítima;288;BR-101/ES (Contorno de Vitória);Norte;Colisão Traseira;1;2;0;0;0;0;1
22/08/2020;21:15:00;375;Acidente com morte;310;BR-101/ES;Norte;Colisão Frontal;2;1;0;0;0;1;3
24/08/2020;16:07:00;318;Acidente sem vítima;269,7;BR-101/ES;Norte;Colisão Lateral;2;2;0;0;0;0;1
24/08/2020;20:52:00;383;Acidente com vítima;370,5;BR-101/ES;Sul;Colisão Transversal;1;1;0;2;0;0;2
25/08/2020;02:38:00;40;Acidente sem vítima;332,3;BR-101/ES;Sul;Tombamento;2;1;0;0;0;0;1
25/08/2020;07:07:00;96;Acidente sem vítima;185;BR-101/ES;Norte;Colisão Lateral;1;3;0;0;0;0;1
25/08/2020;11:09:00;196;Acidente sem vítima;358;BR-101/ES;Sul;Choque com Veículo Estacionado;1;1;0;0;0;0;1
25/08/2020;11:23:00;200;Acidente com vítima;254,3;BR-101/ES;Norte;Colisão Transversal;1;1;0;1;0;0;2
25/08/2020;19:41:00;333;Acidente com vítima;4;BR-101/ES;Sul;Atropelamento de Equino;1;3;0;1;0;0;2
25/08/2020;20:43:00;343;Acidente com vítima;127;BR-101/ES;Norte;Colisão Traseira;2;1;1;0;0;0;1
26/08/2020;07:48:00;120;Acidente com vítima;296,8;BR-101/ES;Norte;Colisão Lateral;2;4;0;1;0;0;2
26/08/2020;19:17:00;383;Acidente com vítima;279;BR-101/ES (Contorno de Vitória);Norte;Colisão Transversal;3;1;0;1;0;0;2
27/08/2020;16:32:00;310;Acidente com vítima;16,45;BR-101/ES;Sul;Colisão Traseira;1;3;1;0;0;0;1
27/08/2020;19:36:00;359;Acidente sem vítima;270,5;BR-101/ES;Sul;Colisão Lateral;2;2;0;0;0;0;1
28/08/2020;05:49:00;94;Acidente sem vítima;221,8;BR-101/ES;Norte;Choque com Objeto Fixo;2;1;0;0;0;0;1
28/08/2020;06:17:00;98;Acidente com vítima;271,2;BR-101/ES (Contorno de Vitória);Norte;Colisão Lateral;1;0;0;1;0;0;2
28/08/2020;08:08:00;120;Acidente sem vítima;294;BR-101/ES (Contorno de Vitória);Norte;Colisão Traseira;1;2;0;0;0;0;1
28/08/2020;09:17:00;149;Acidente com vítima;286,5;BR-101/ES (Contorno de Vitória);Norte;Queda de Moto;1;1;0;0;1;0;2
28/08/2020;12:45:00;239;Acidente sem vítima;286;BR-101/ES (Contorno de Vitória);Norte;Colisão Traseira;3;1;0;0;0;0;1
28/08/2020;15:26:00;287;Acidente sem vítima;216,1;BR-101/ES;Norte;Colisão Traseira;1;1;0;0;0;0;1
28/08/2020;18:25:00;342;Acidente sem vítima;226;BR-101/ES;Sul;Colisão Traseira;3;2;0;0;0;0;1
28/08/2020;19:20:00;354;Acidente sem vítima;424;BR-101/ES;Norte;Colisão Lateral;2;1;0;0;0;0;1
28/08/2020;21:05:00;383;Acidente com vítima;8,2;BR-101/ES;Sul;Tombamento;1;0;0;1;0;0;2
29/08/2020;01:28:00;26;Acidente com vítima;450,1;BR-101/ES;Norte;Tombamento;2;0;0;1;0;0;2
29/08/2020;08:18:00;117;Acidente sem vítima;213;BR-101/ES;Sul;Engavetamento;3;4;0;0;0;0;1
29/08/2020;08:51:00;127;Acidente sem vítima;266,3;BR-101/ES;Sul;Colisão Lateral;1;3;0;0;0;0;1
29/08/2020;17:31:00;317;Acidente sem vítima;168,6;BR-101/ES;Sul;Colisão Lateral;1;1;0;0;0;0;1
30/08/2020;09:48:00;134;Acidente com vítima;318,5;BR-101/ES;Sul;Colisão Lateral;1;2;0;2;0;0;2
31/08/2020;06:31:00;108;Acidente sem vítima;293,6;BR-101/ES (Contorno de Vitória);Sul;Colisão Traseira;1;3;0;0;0;0;1
31/08/2020;07:51:00;139;Acidente sem vítima;440;BR-101/ES;Sul;Colisão Lateral;2;4;0;0;0;0;1
01/09/2020;09:04:00;160;Acidente com vítima;290;BR-101/ES (Contorno de Vitória);Sul;Colisão Lateral;1;1;0;1;0;0;2
01/09/2020;09:44:00;174;Acidente sem vítima;394,4;BR-101/ES;Norte;Colisão Lateral;3;2;0;0;0;0;1
01/09/2020;13:21:00;286;Acidente com morte;448,1;BR-101/ES;Norte;Colisão Transversal;4;3;2;0;1;1;3
02/09/2020;07:39:00;118;Acidente com vítima;65,9;BR-101/ES;Sul;Colisão Transversal;3;1;1;0;0;0;1
02/09/2020;12:20:00;230;Acidente com vítima;247,5;BR-101/ES;Sul;Colisão Traseira;2;1;0;1;0;0;2
02/09/2020;15:19:00;287;Acidente sem vítima;252,5;BR-101/ES;Norte;Colisão Traseira;4;1;0;0;0;0;1
03/09/2020;09:15:00;166;Acidente sem vítima;66,4;BR-101/ES;Norte;Colisão Traseira;2;3;0;0;0;0;1
03/09/2020;14:22:00;312;Acidente sem vítima;321,5;BR-101/ES;Norte;Colisão Lateral;1;1;0;0;0;0;1
04/09/2020;07:47:00;140;Acidente com vítima;174;BR-101/ES;Norte;Colisão Transversal;2;1;0;1;0;0;2
04/09/2020;08:06:00;149;Acidente sem vítima;270,6;BR-101/ES;Norte;Colisão Lateral;1;2;0;0;0;0;1
04/09/2020;11:40:00;255;Acidente sem vítima;270,2;BR-101/ES;Norte;Colisão Lateral;2;2;0;0;0;0;1
04/09/2020;14:56:00;352;Acidente sem vítima;242;BR-101/ES;Norte;Colisão Traseira;1;3;0;0;0;0;1
04/09/2020;16:42:00;400;Acidente sem vítima;255;BR-101/ES;Sul;Engavetamento;1;3;0;0;0;0;1
05/09/2020;01:00:00;20;Acidente com morte;940;BR-101/BA;Sul;Colisão Frontal;2;1;0;0;2;2;3
05/09/2020;04:31:00;63;Acidente com morte;455,9;BR-101/ES;Norte;Choque com Objeto Fixo;1;0;1;0;0;1;3
05/09/2020;04:47:00;66;Acidente sem vítima;131,5;BR-101/ES;Sul;Tombamento;2;1;0;0;0;0;1
05/09/2020;07:29:00;112;Acidente sem vítima;235;BR-101/ES;Sul;Veículo em Chamas;2;2;0;0;0;0;1
05/09/2020;12:36:00;224;Acidente sem vítima;266;BR-101/ES;Norte;Colisão Transversal;1;2;0;0;0;0;1
05/09/2020;15:40:00;315;Acidente sem vítima;188;BR-101/ES;Sul;Colisão Traseira;2;2;0;0;0;0;1
06/09/2020;16:21:00;265;Acidente sem vítima;268;BR-101/ES;Norte;Colisão Lateral;1;3;0;0;0;0;1
08/09/2020;07:05:00;123;Acidente sem vítima;289,5;BR-101/ES (Contorno de Vitória);Sul;Colisão Lateral;2;2;0;0;0;0;1
08/09/2020;08:33:00;165;Acidente sem vítima;265,3;BR-101/ES;Sul;Colisão Traseira;1;2;0;0;0;0;1
08/09/2020;13:14:00;302;Acidente sem vítima;270,4;BR-101/ES;Sul;Colisão Traseira;1;5;0;0;0;0;1
08/09/2020;15:02:00;340;Acidente com vítima;316,3;BR-101/ES;Sul;Colisão Lateral;1;2;1;0;0;0;1
08/09/2020;22:38:00;496;Acidente sem vítima;25;BR-101/ES;Sul;Colisão Traseira;5;2;0;0;0;0;1
09/09/2020;04:53:00;78;Acidente com vítima;162,9;BR-101/ES;Sul;Colisão Transversal;1;2;0;1;0;0;2
09/09/2020;07:43:00;141;Acidente sem vítima;293,5;BR-101/ES (Contorno de Vitória);Norte;Colisão Lateral;1;2;0;0;0;0;1
09/09/2020;13:02:00;290;Acidente sem vítima;109,7;BR-101/ES;Norte;Tombamento;3;1;0;0;0;0;1
09/09/2020;13:37:00;303;Acidente sem vítima;282;BR-101/ES (Contorno de Vitória);Norte;Choque com Objeto Fixo;2;2;0;0;0;0;1
10/09/2020;06:32:00;98;Acidente com vítima;141,8;BR-101/ES;Norte;Colisão Transversal;4;1;1;0;0;0;1
10/09/2020;10:56:00;203;Acidente sem vítima;208;BR-101/ES;Norte;Colisão Lateral;2;2;0;0;0;0;1
10/09/2020;15:04:00;313;Acidente sem vítima;102,8;BR-101/ES;Sul;Engavetamento;2;3;0;0;0;0;1
10/09/2020;16:58:00;352;Acidente com vítima;269,5;BR-101/ES;Norte;Colisão Lateral;2;1;0;1;0;0;2
10/09/2020;19:47:00;399;Acidente sem vítima;270,9;BR-101/ES;Norte;Colisão Lateral;1;2;0;0;0;0;1
10/09/2020;22:18:00;431;Acidente sem vítima;90;BR-101/ES;Norte;Colisão Traseira;1;2;0;0;0;0;1
11/09/2020;00:53:00;14;Acidente com vítima;135;BR-101/ES;Sul;Colisão Traseira;1;1;0;0;1;0;2
11/09/2020;02:42:00;40;Acidente sem vítima;398,1;BR-101/ES;Norte;Saída de Pista;1;1;0;0;0;0;1
11/09/2020;05:20:00;84;Acidente sem vítima;1;BR-101/ES;Sul;Colisão Traseira;2;2;0;0;0;0;1
11/09/2020;12:18:00;271;Acidente sem vítima;255,5;BR-101/ES;Sul;Colisão Frontal;1;2;0;0;0;0;1
11/09/2020;15:53:00;357;Acidente com vítima;267,8;BR-101/ES;Norte;Colisão Traseira;1;1;0;1;0;0;2
11/09/2020;16:10:00;366;Acidente sem vítima;65,5;BR-101/ES;Sul;Engavetamento;3;3;0;0;0;0;1
11/09/2020;17:01:00;382;Acidente sem vítima;292;BR-101/ES (Contorno de Vitória);Norte;Colisão Traseira;1;1;0;0;0;0;1
11/09/2020;19:04:00;414;Acidente sem vítima;292;BR-101/ES (Contorno de Vitória);Norte;Colisão Traseira;1;2;0;0;0;0;1
12/09/2020;05:36:00;96;Acidente com vítima;262;BR-101/ES;Sul;Colisão Traseira;3;2;1;0;0;0;1
12/09/2020;07:37:00;120;Acidente sem vítima;203;BR-101/ES;Norte;Tombamento;2;1;0;0;0;0;1
12/09/2020;15:45:00;272;Acidente sem vítima;243,9;BR-101/ES;Sul;Colisão Lateral;2;2;0;0;0;0;1
13/09/2020;02:04:00;35;Acidente sem vítima;294,8;BR-101/ES (Contorno de Vitória);Sul;Choque com Objeto Fixo;2;1;0;0;0;0;1
13/09/2020;03:36:00;47;Acidente sem vítima;947,9;BR-101/BA;Norte;Tombamento;2;1;0;0;0;0;1
13/09/2020;09:57:00;108;Acidente sem vítima;15,8;BR-101/ES;Sul;Colisão Lateral;2;2;0;0;0;0;1
13/09/2020;15:34:00;240;Acidente sem vítima;357,4;BR-101/ES;Norte;Choque;2;4;0;0;0;0;1
13/09/2020;16:18:00;253;Acidente sem vítima;299;BR-101/ES;Sul;Colisão Lateral;2;3;0;0;0;0;1
14/09/2020;07:12:00;125;Acidente com vítima;269,6;BR-101/ES;Norte;Colisão com ciclista;1;2;0;0;1;0;2
14/09/2020;12:55:00;270;Acidente sem vítima;5,6;BR-101/ES;Sul;Colisão Traseira;3;2;0;0;0;0;1
14/09/2020;14:02:00;287;Acidente sem vítima;313,7;BR-101/ES;Norte;Colisão Traseira;3;2;0;0;0;0;1
14/09/2020;14:26:00;293;Acidente sem vítima;310,8;BR-101/ES;Sul;Engavetamento;4;3;0;0;0;0;1
14/09/2020;17:37:00;357;Acidente sem vítima;107,3;BR-101/ES;Norte;Choque com Veículo Estacionado;1;1;0;0;0;0;1
14/09/2020;17:45:00;360;Acidente sem vítima;104,5;BR-101/ES;Norte;Colisão Traseira;1;6;0;0;0;0;1
15/09/2020;10:02:00;201;Acidente sem vítima;296,7;BR-101/ES;Norte;Colisão Lateral;2;2;0;0;0;0;1
15/09/2020;15:06:00;312;Acidente sem vítima;321;BR-101/ES;Sul;Colisão Traseira;1;1;0;0;0;0;1
16/09/2020;11:04:00;210;Acidente sem vítima;264,1;BR-101/ES;Norte;Colisão Transversal;1;2;0;0;0;0;1
16/09/2020;11:19:00;227;Acidente sem vítima;387,1;BR-101/ES;Norte;Engavetamento;1;8;0;0;0;0;1
16/09/2020;13:04:00;273;Acidente com vítima;294,6;BR-101/ES (Contorno de Vitória);Norte;Colisão Lateral;2;2;0;1;0;0;2
16/09/2020;15:28:00;312;Acidente sem vítima;265;BR-101/ES;Sul;Colisão Traseira;4;2;0;0;0;0;1
17/09/2020;16:34:00;348;Acidente sem vítima;266;BR-101/ES;Norte;Colisão Transversal;1;2;0;0;0;0;1
17/09/2020;20:05:00;410;Acidente sem vítima;439;BR-101/ES;Sul;Colisão Lateral;2;2;0;0;0;0;1
17/09/2020;21:36:00;438;Acidente sem vítima;290;BR-101/ES (Contorno de Vitória);Sul;Colisão Traseira;1;1;0;0;0;0;1
18/09/2020;02:55:00;41;Acidente com vítima;426;BR-101/ES;Sul;Tombamento;1;0;0;1;0;0;2
18/09/2020;10:07:00;177;Acidente sem vítima;263,9;BR-101/ES;Sul;Colisão Traseira;1;2;0;0;0;0;1
18/09/2020;11:20:00;223;Acidente sem vítima;254,5;BR-101/ES;Sul;Engavetamento;1;3;0;0;0;0;1
18/09/2020;22:18:00;454;Acidente com vítima;330;BR-101/ES;Norte;Colisão Traseira;2;2;2;0;0;0;1
18/09/2020;22:35:00;466;Acidente com vítima;946,3;BR-101/BA;Norte;Tombamento;1;1;0;0;2;0;2
19/09/2020;01:41:00;26;Acidente sem vítima;944;BR-101/BA;Sul;Choque com Objeto Fixo;4;1;0;0;0;0;1
19/09/2020;21:51:00;375;Acidente com morte;233;BR-101/ES;Sul;Colisão Frontal;1;1;0;0;0;1;3
20/09/2020;21:51:00;339;Acidente sem vítima;368,8;BR-101/ES;Norte;Tombamento;2;1;0;0;0;0;1
21/09/2020;11:54:00;262;Acidente sem vítima;263;BR-101/ES;Norte;Colisão Lateral;1;2;0;0;0;0;1
21/09/2020;14:21:00;330;Acidente sem vítima;262;BR-101/ES;Norte;Choque com Objeto Fixo;2;1;0;0;0;0;1
21/09/2020;17:40:00;385;Acidente com vítima;279;BR-101/ES (Contorno de Vitória);Norte;Colisão Transversal;2;1;1;0;0;0;1
22/09/2020;12:43:00;276;Acidente sem vítima;145,5;BR-101/ES;Norte;Colisão Lateral;2;2;0;0;0;0;1
22/09/2020;14:40:00;315;Acidente sem vítima;261;BR-101/ES;Sul;Colisão Lateral;2;3;0;0;0;0;1
22/09/2020;14:44:00;318;Acidente com vítima;138,5;BR-101/ES;Sul;Colisão Lateral;2;3;1;0;0;0;1
22/09/2020;18:13:00;386;Acidente sem vítima;290;BR-101/ES (Contorno de Vitória);Sul;Choque com Veículo Estacionado;1;5;0;0;0;0;1
23/09/2020;04:29:00;106;Acidente sem vítima;332,9;BR-101/ES;Sul;Choque com Objeto Fixo;2;1;0;0;0;0;1
23/09/2020;10:29:00;200;Acidente sem vítima;435,3;BR-101/ES;Sul;Saída de Pista;1;1;0;0;0;0;1
23/09/2020;10:53:00;211;Acidente sem vítima;61;BR-101/ES;Norte;Colisão Traseira;1;2;0;0;0;0;1
23/09/2020;14:02:00;295;Acidente com vítima;258,4;BR-101/ES;Sul;Colisão Lateral;2;1;1;1;0;0;2
23/09/2020;14:54:00;309;Acidente com vítima;211,9;BR-101/ES;Sul;Saída de Pista;1;0;1;0;0;0;1
23/09/2020;19:29:00;380;Acidente sem vítima;262,9;BR-101/ES;Norte;Colisão Traseira;3;2;0;0;0;0;1
23/09/2020;21:18:00;407;Acidente sem vítima;259;BR-101/ES;Sul;Colisão Lateral;1;2;0;0;0;0;1
23/09/2020;23:30:00;435;Acidente sem vítima;292;BR-101/ES (Contorno de Vitória);Sul;Choque com Objeto Fixo;2;1;0;0;0;0;1
24/09/2020;04:13:00;73;Acidente sem vítima;344;BR-101/ES;Norte;Colisão Lateral;3;5;0;0;0;0;1
24/09/2020;07:31:00;117;Acidente sem vítima;291,8;BR-101/ES (Contorno de Vitória);Norte;Colisão Traseira;1;2;0;0;0;0;1
24/09/2020;11:50:00;216;Acidente sem vítima;263,8;BR-101/ES;Norte;Colisão Lateral;1;3;0;0;0;0;1
24/09/2020;15:48:00;306;Acidente sem vítima;203,1;BR-101/ES;Sul;Choque;1;5;0;0;0;0;1
26/09/2020;03:18:00;62;Acidente sem vítima;211;BR-101/ES;Sul;Colisão Lateral;1;2;0;0;0;0;1
26/09/2020;07:19:00;134;Acidente com morte;6,5;BR-101/ES;Norte;Capotamento;1;0;0;0;0;1;3
26/09/2020;09:51:00;189;Acidente sem vítima;269,8;BR-101/ES;Sul;Colisão Lateral;1;7;0;0;0;0;1
26/09/2020;22:01:00;405;Acidente sem vítima;289;BR-101/ES (Contorno de Vitória);Sul;Colisão Traseira;1;3;0;0;0;0;1
27/09/2020;19:37:00;354;Acidente sem vítima;38,5;BR-101/ES;Norte;Atropelamento Animal;2;1;0;0;0;0;1
27/09/2020;21:29:00;379;Acidente sem vítima;297;BR-101/ES;Norte;Engavetamento;1;3;0;0;0;0;1
27/09/2020;22:06:00;389;Acidente com vítima;422;BR-101/ES;Norte;Colisão Lateral;1;1;0;1;0;0;2
28/09/2020;07:13:00;111;Acidente sem vítima;271,4;BR-101/ES (Contorno de Vitória);Norte;Colisão Traseira;2;1;0;0;0;0;1
29/09/2020;10:41:00;204;Acidente sem vítima;280;BR-101/ES (Contorno de Vitória);Norte;Choque;2;2;0;0;0;0;1
29/09/2020;11:52:00;240;Acidente sem vítima;265,6;BR-101/ES;Norte;Colisão Lateral;2;2;0;0;0;0;1
29/09/2020;12:42:00;268;Acidente com vítima;279;BR-101/ES (Contorno de Vitória);Norte;Colisão Transversal;3;1;0;0;1;0;2
29/09/2020;15:52:00;330;Acidente com vítima;267;BR-101/ES;Sul;Colisão Traseira;1;1;0;1;0;0;2
29/09/2020;17:37:00;369;Acidente sem vítima;441;BR-101/ES;Norte;Veículo em Chamas;2;1;0;0;0;0;1
30/09/2020;03:46:00;49;Acidente sem vítima;453;BR-101/ES;Norte;Saída de Pista;1;1;0;0;0;0;1
30/09/2020;21:28:00;421;Acidente com vítima;141;BR-101/ES;Norte;Colisão Traseira;2;1;0;1;0;0;2
01/10/2020;05:10:00;114;Acidente sem vítima;276,3;BR-101/ES (Contorno de Vitória);Sul;Atropelamento de Equino;2;1;0;0;0;0;1
01/10/2020;06:07:00;123;Acidente sem vítima;321;BR-101/ES;Sul;Veículo em Chamas;2;1;0;0;0;0;1
01/10/2020;07:39:00;151;Acidente sem vítima;261;BR-101/ES;Sul;Colisão Traseira;2;2;0;0;0;0;1
01/10/2020;20:44:00;428;Acidente sem vítima;298;BR-101/ES;Norte;Colisão Lateral;2;2;0;0;0;0;1
02/10/2020;02:20:00;88;Acidente sem vítima;311,7;BR-101/ES;Sul;Colisão Traseira;3;2;0;0;0;0;1
02/10/2020;14:14:00;353;Acidente sem vítima;254,3;BR-101/ES;Sul;Colisão Traseira;1;3;0;0;0;0;1
02/10/2020;19:31:00;458;Acidente sem vítima;265;BR-101/ES;Sul;Colisão Lateral;1;2;0;0;0;0;1
03/10/2020;04:25:00;61;Acidente com vítima;212;BR-101/ES;Sul;Colisão Lateral;1;2;0;1;0;0;2
03/10/2020;10:02:00;159;Acidente sem vítima;313;BR-101/ES;Norte;Colisão Frontal;1;2;0;0;0;0;1
04/10/2020;15:39:00;255;Acidente sem vítima;0,8;BR-101/ES;Sul;Colisão Traseira;2;13;0;0;0;0;1
05/10/2020;05:49:00;120;Acidente sem vítima;369;BR-101/ES;Norte;Colisão Lateral;2;5;0;0;0;0;1
05/10/2020;07:17:00;149;Acidente sem vítima;283,9;BR-101/ES (Contorno de Vitória);Norte;Colisão Traseira;1;2;0;0;0;0;1
05/10/2020;20:54:00;435;Acidente com vítima;70;BR-101/ES;Sul;Colisão Transversal;2;2;0;1;0;0;2
06/10/2020;10:13:00;226;Acidente com vítima;293,2;BR-101/ES (Contorno de Vitória);Norte;Engavetamento;2;5;1;0;0;0;1
07/10/2020;14:27:00;304;Acidente sem vítima;161,2;BR-101/ES;Norte;Colisão Traseira;1;7;0;0;0;0;1
07/10/2020;20:55:00;435;Acidente com vítima;287;BR-101/ES (Contorno de Vitória);Sul;Choque com Objeto Fixo;2;0;0;1;0;0;2
08/10/2020;18:53:00;374;Acidente sem vítima;293;BR-101/ES (Contorno de Vitória);Norte;Colisão Traseira;1;2;0;0;0;0;1
09/10/2020;09:14:00;189;Acidente sem vítima;68,5;BR-101/ES;Norte;Colisão Traseira;4;1;0;0;0;0;1
09/10/2020;09:32:00;196;Acidente com morte;417,5;BR-101/ES;Sul;Colisão Frontal;1;1;1;0;0;1;3
09/10/2020;10:20:00;211;Acidente sem vítima;235,7;BR-101/ES;Norte;Colisão Traseira;1;1;0;0;0;0;1
09/10/2020;13:33:00;290;Acidente sem vítima;237;BR-101/ES;Sul;Saída de Pista;1;1;0;0;0;0;1
09/10/2020;14:27:00;304;Acidente sem vítima;372,6;BR-101/ES (Contorno de Iconha);Norte;Colisão Lateral;1;2;0;0;0;0;1
09/10/2020;17:10:00;356;Acidente sem vítima;270,2;BR-101/ES;Norte;Colisão Lateral;1;5;0;0;0;0;1
09/10/2020;22:33:00;455;Acidente sem vítima;68;BR-101/ES;Norte;Colisão Traseira;2;2;0;0;0;0;1
10/10/2020;00:22:00;9;Acidente sem vítima;147;BR-101/ES;Sul;Colisão Traseira;3;2;0;0;0;0;1
10/10/2020;03:46:00;62;Acidente sem vítima;270;BR-101/ES;Sul;Colisão Lateral;2;2;0;0;0;0;1
10/10/2020;14:27:00;285;Acidente com vítima;210;BR-101/ES;Norte;Colisão Traseira;1;4;0;1;0;0;2
10/10/2020;14:57:00;293;Acidente sem vítima;297;BR-101/ES;Norte;Colisão Traseira;2;6;0;0;0;0;1
11/10/2020;06:44:00;70;Acidente sem vítima;314;BR-101/ES;Sul;Veículo em Chamas;2;1;0;0;0;0;1
11/10/2020;16:34:00;272;Acidente sem vítima;266;BR-101/ES;Norte;Colisão Traseira;2;6;0;0;0;0;1
12/10/2020;11:28:00;172;Acidente com vítima;266,7;BR-101/ES;Sul;Colisão Traseira;1;0;2;0;0;0;1
12/10/2020;14:12:00;231;Acidente sem vítima;429,4;BR-101/ES;Sul;Colisão Traseira;1;2;0;0;0;0;1
12/10/2020;15:01:00;248;Acidente sem vítima;294,7;BR-101/ES (Contorno de Vitória);Norte;Engavetamento;1;1;0;0;0;0;1
13/10/2020;07:07:00;132;Acidente sem vítima;229,4;BR-101/ES;Norte;Colisão Lateral;1;2;0;0;0;0;1
13/10/2020;08:03:00;150;Acidente sem vítima;213,5;BR-101/ES;Norte;Colisão Traseira;3;3;0;0;0;0;1
13/10/2020;09:17:00;188;Acidente sem vítima;297,5;BR-101/ES;Sul;Colisão Traseira;2;2;0;0;0;0;1
13/10/2020;13:06:00;298;Acidente sem vítima;249,9;BR-101/ES;Norte;Colisão Traseira;2;1;0;0;0;0;1
13/10/2020;19:02:00;408;Acidente sem vítima;67;BR-101/ES;Norte;Colisão Transversal;2;2;0;0;0;0;1
14/10/2020;06:12:00;102;Acidente com vítima;276,2;BR-101/ES (Contorno de Vitória);Sul;Colisão com ciclista;1;1;0;1;0;0;2
14/10/2020;06:47:00;107;Acidente sem vítima;264,4;BR-101/ES;Sul;Engavetamento;1;4;0;0;0;0;1
14/10/2020;11:09:00;234;Acidente sem vítima;148;BR-101/ES;Norte;Colisão Transversal;1;2;0;0;0;0;1
14/10/2020;13:24:00;290;Acidente sem vítima;265,9;BR-101/ES;Norte;Colisão Lateral;1;1;0;0;0;0;1
15/10/2020;04:10:00;63;Acidente com vítima;48;BR-101/ES;Sul;Colisão Traseira;4;1;0;1;2;0;2