data;horario;n_da_ocorrencia;tipo_de_ocorrencia;km;trecho;sentido;tipo_de_acidente;caminhao;ilesos;levemente_feridos;moderadamente_feridos;gravemente_feridos;mortos;3
17/03/2021;08:14:00;130;Acidente sem vítima;461;BR-101/ES;Sul;Saída de Pista;2;1;0;0;0;0;1
17/03/2021;11:53:00;218;Acidente sem vítima;262;BR-101/ES;Sul;Colisão Traseira;1;2;0;0;0;0;1
17/03/2021;14:04:00;253;Acidente com vítima;166;BR-101/ES;Norte;Colisão Traseira;2;1;1;0;0;0;1
17/03/2021;21:58:00;358;Acidente sem vítima;236,2;BR-101/ES;Sul;Choque;1;1;0;0;0;0;1
18/03/2021;08:18:00;150;Acidente sem vítima;110;BR-101/ES;Sul;Engavetamento;5;8;0;0;0;0;1
18/03/2021;08:37:00;155;Acidente sem vítima;264;BR-101/ES;Norte;Colisão Transversal;4;2;0;0;0;0;1
18/03/2021;10:30:00;189;Acidente sem vítima;356;BR-101/ES;Norte;Choque;2;2;0;0;0;0;1
18/03/2021;13:17:00;264;Acidente sem vítima;266,4;BR-101/ES;Sul;Tombamento;2;1;0;0;0;0;1
18/03/2021;16:15:00;300;Acidente com vítima;145,7;BR-101/ES;Sul;Colisão Traseira;1;1;1;0;0;0;1
19/03/2021;09:11:00;154;Acidente sem vítima;252,1;BR-101/ES;Sul;Colisão Traseira;3;2;0;0;0;0;1
19/03/2021;13:38:00;261;Acidente sem vítima;264,1;BR-101/ES;Sul;Saída de Pista;1;1;0;0;0;0;1
20/03/2021;03:48:00;46;Acidente sem vítima;209;BR-101/ES;Norte;Colisão Traseira;3;2;0;0;0;0;1
20/03/2021;04:15:00;50;Acidente com vítima;387,1;BR-101/ES;Norte;Tombamento;2;0;1;0;0;0;1
20/03/2021;08:43:00;132;Acidente com vítima;64;BR-101/ES;Sul;Engavetamento;3;2;1;1;0;0;2
20/03/2021;08:45:00;134;Acidente com vítima;295;BR-101/ES;Sul;Colisão Traseira;1;1;0;1;0;0;2
22/03/2021;07:19:00;131;Acidente com vítima;145,9;BR-101/ES;Sul;Colisão Traseira;2;3;2;0;0;0;1
22/03/2021;12:02:00;230;Acidente sem vítima;8,2;BR-101/ES;Sul;Tombamento;3;1;0;0;0;0;1
23/03/2021;11:05:00;209;Acidente sem vítima;269;BR-101/ES;Sul;Colisão Traseira;2;2;0;0;0;0;1
23/03/2021;16:39:00;310;Acidente sem vítima;288;BR-101/ES;Sul;Colisão Lateral;1;2;0;0;0;0;1
23/03/2021;17:38:00;329;Acidente sem vítima;66;BR-101/ES;Sul;Colisão Transversal;1;2;0;0;0;0;1
24/03/2021;09:24:00;188;Acidente sem vítima;275;BR-101/ES;Sul;Colisão Traseira;2;3;0;0;0;0;1
24/03/2021;11:01:00;224;Acidente com vítima;264;BR-101/ES;Norte;Colisão Transversal;1;3;4;1;0;0;2
24/03/2021;21:02:00;391;Acidente com vítima;63,3;BR-101/ES;Sul;Colisão Frontal;1;1;0;0;1;0;2
25/03/2021;04:50:00;57;Acidente sem vítima;201;BR-101/ES;Sul;Colisão Traseira;1;2;0;0;0;0;1
25/03/2021;07:05:00;108;Acidente sem vítima;277;BR-101/ES;Norte;Colisão Traseira;3;2;0;0;0;0;1
25/03/2021;08:06:00;118;Acidente sem vítima;343,7;BR-101/ES;Sul;Colisão Traseira;5;2;0;0;0;0;1
25/03/2021;09:08:00;140;Acidente sem vítima;344;BR-101/ES;Norte;Colisão Traseira;2;2;0;0;0;0;1
25/03/2021;16:09:00;279;Acidente sem vítima;343;BR-101/ES;Norte;Colisão Traseira;4;2;0;0;0;0;1
25/03/2021;21:28:00;367;Acidente sem vítima;401;BR-101/ES;Norte;Colisão Lateral;3;2;0;0;0;0;1
26/03/2021;13:31:00;254;Acidente sem vítima;267;BR-101/ES;Sul;Engavetamento;1;3;0;0;0;0;1
26/03/2021;19:10:00;342;Acidente com vítima;290;BR-101/ES;Sul;Colisão Lateral;1;1;1;0;0;0;1
27/03/2021;14:23:00;261;Acidente sem vítima;270,6;BR-101/ES;Norte;Colisão Transversal;1;4;0;0;0;0;1
27/03/2021;16:17:00;293;Acidente com vítima;135;BR-101/ES;Norte;Choque com Veículo Estacionado;2;1;0;1;0;0;2
27/03/2021;18:33:00;327;Acidente sem vítima;380,8;BR-101/ES;Norte;Tombamento;3;1;0;0;0;0;1
29/03/2021;04:36:00;57;Acidente com vítima;142,6;BR-101/ES;Sul;Colisão Traseira;5;1;1;0;0;0;1
29/03/2021;09:59:00;167;Acidente sem vítima;27;BR-101/ES;Norte;Colisão Lateral;1;2;0;0;0;0;1
29/03/2021;10:13:00;172;Acidente sem vítima;262;BR-101/ES;Sul;Colisão Traseira;1;3;0;0;0;0;1
29/03/2021;11:26:00;206;Acidente sem vítima;266;BR-101/ES;Norte;Engavetamento;3;3;0;0;0;0;1
29/03/2021;16:38:00;285;Acidente sem vítima;266;BR-101/ES;Norte;Colisão Lateral;1;2;0;0;0;0;1
30/03/2021;07:04:00;119;Acidente com vítima;6,9;BR-101/ES (Contorno Iconha);Sul;Colisão Lateral;7;2;2;0;0;0;1
30/03/2021;11:12:00;188;Acidente sem vítima;257;BR-101/ES;Norte;Colisão Lateral;1;2;0;0;0;0;1
30/03/2021;18:33:00;322;Acidente sem vítima;303;BR-101/ES;Norte;Colisão Lateral;2;2;0;0;0;0;1
31/03/2021;05:24:00;107;Acidente sem vítima;299;BR-101/ES;Norte;Colisão Traseira;3;2;0;0;0;0;1
31/03/2021;08:46:00;162;Acidente com morte;351;BR-101/ES;Sul;Tombamento;2;0;0;1;0;1;3
31/03/2021;10:02:00;193;Acidente com vítima;292,3;BR-101/ES;Sul;Colisão Lateral;1;0;0;1;0;0;2
31/03/2021;10:29:00;206;Acidente sem vítima;293,9;BR-101/ES;Norte;Colisão Traseira;2;1;0;0;0;0;1
31/03/2021;15:12:00;305;Acidente sem vítima;286;BR-101/ES;Sul;Engavetamento;4;5;0;0;0;0;1
31/03/2021;16:24:00;323;Acidente sem vítima;275,2;BR-101/ES;Norte;Saída de Pista;1;1;0;0;0;0;1
31/03/2021;16:44:00;331;Acidente sem vítima;275,5;BR-101/ES;Sul;Colisão Traseira;5;2;0;0;0;0;1
01/04/2021;09:53:00;162;Acidente sem vítima;297,7;BR-101/ES;Sul;Engavetamento;1;3;0;0;0;0;1
01/04/2021;15:55:00;311;Acidente sem vítima;42,3;BR-101/ES;Sul;Veículo em Chamas;1;1;0;0;0;0;1
02/04/2021;07:41:00;83;Acidente com vítima;369,2;BR-101/ES;Sul;Tombamento;2;0;0;1;0;0;2
02/04/2021;12:15:00;171;Acidente com vítima;294,1;BR-101/ES;Norte;Colisão Traseira;2;1;0;1;0;0;2
02/04/2021;14:16:00;198;Acidente sem vítima;299;BR-101/ES;Sul;Colisão Transversal;1;2;0;0;0;0;1
03/04/2021;17:56:00;266;Acidente com vítima;125,8;BR-101/ES;Norte;Colisão Transversal;1;3;2;1;0;0;2
04/04/2021;01:20:00;23;Acidente sem vítima;88;BR-101/ES;Sul;Colisão Transversal;1;4;0;0;0;0;1
04/04/2021;03:37:00;41;Acidente sem vítima;429,7;BR-101/ES;Sul;Colisão Traseira;4;2;0;0;0;0;1
05/04/2021;04:09:00;46;Acidente com vítima;267,8;BR-101/ES;Sul;Colisão Transversal;3;1;0;1;0;0;2
05/04/2021;08:20:00;125;Acidente sem vítima;303;BR-101/ES;Sul;Colisão Lateral;2;4;0;0;0;0;1
05/04/2021;08:38:00;131;Acidente sem vítima;273;BR-101/ES;Norte;Engavetamento;4;7;0;0;0;0;1
05/04/2021;19:03:00;327;Acidente com morte;189;BR-101/ES;Norte;Colisão Frontal;1;1;0;0;0;1;3
06/04/2021;17:39:00;327;Acidente sem vítima;294;BR-101/ES;Norte;Engavetamento;2;5;0;0;0;0;1
07/04/2021;02:43:00;41;Acidente com vítima;273,9;BR-101/ES;Norte;Colisão Traseira;4;1;0;1;0;0;2
07/04/2021;12:17:00;228;Acidente sem vítima;414;BR-101/ES;Sul;Tombamento;2;1;0;0;0;0;1
07/04/2021;13:14:00;248;Acidente sem vítima;292,9;BR-101/ES;Sul;Choque com Objeto Fixo;1;2;0;0;0;0;1
07/04/2021;15:26:00;277;Acidente com vítima;264,4;BR-101/ES;Sul;Colisão Lateral;1;1;0;1;0;0;2
07/04/2021;16:21:00;295;Acidente com vítima;159;BR-101/ES;Norte;Colisão Transversal;2;1;0;2;0;0;2
08/04/2021;04:23:00;64;Acidente sem vítima;303,1;BR-101/ES;Sul;Tombamento;1;1;0;0;0;0;1
08/04/2021;22:11:00;398;Acidente com vítima;381;BR-101/ES;Norte;Colisão Lateral;2;1;0;0;1;0;2
10/04/2021;06:21:00;92;Acidente sem vítima;285,3;BR-101/ES;Sul;Colisão Traseira;3;3;0;0;0;0;1
10/04/2021;08:40:00;135;Acidente sem vítima;275;BR-101/ES;Norte;Colisão Lateral;2;5;0;0;0;0;1
10/04/2021;11:29:00;194;Acidente sem vítima;361,1;BR-101/ES;Sul;Colisão Lateral;1;4;0;0;0;0;1
10/04/2021;18:52:00;310;Acidente com morte;63,2;BR-101/ES;Norte;Colisão Lateral;3;1;0;0;0;1;3
10/04/2021;22:29:00;352;Acidente com vítima;188,5;BR-101/ES;Sul;Tombamento;2;0;2;1;0;0;2
12/04/2021;18:20:00;319;Acidente com vítima;203;BR-101/ES;Norte;Colisão Traseira;1;1;1;0;0;0;1
13/04/2021;07:33:00;109;Acidente sem vítima;297,8;BR-101/ES;Norte;Colisão Lateral;2;5;0;0;0;0;1
13/04/2021;09:34:00;169;Acidente com vítima;76,9;BR-101/ES;Sul;Colisão Traseira;1;4;0;1;0;0;2
13/04/2021;15:31:00;311;Acidente sem vítima;301;BR-101/ES;Norte;Colisão Lateral;2;1;0;0;0;0;1
13/04/2021;17:19:00;339;Acidente sem vítima;294,5;BR-101/ES;Norte;Colisão Traseira;1;2;0;0;0;0;1
14/04/2021;02:46:00;44;Acidente sem vítima;129;BR-101/ES;Sul;Colisão Traseira;1;2;0;0;0;0;1
14/04/2021;08:14:00;160;Acidente com vítima;270,7;BR-101/ES;Norte;Engavetamento;2;4;1;0;0;0;1
14/04/2021;14:47:00;312;Acidente com morte;356;BR-101/ES;Norte;Engavetamento;5;3;0;1;0;1;3
14/04/2021;15:42:00;327;Acidente sem vítima;267,6;BR-101/ES;Norte;Colisão Traseira;3;3;0;0;0;0;1
14/04/2021;16:28:00;335;Acidente sem vítima;269,9;BR-101/ES;Norte;Colisão Lateral;1;2;0;0;0;0;1
14/04/2021;17:35:00;342;Acidente com vítima;300,2;BR-101/ES;Sul;Colisão Traseira;2;1;0;1;0;0;2
14/04/2021;18:49:00;359;Acidente sem vítima;276;BR-101/ES;Sul;Atropelamento de Equino;1;2;0;0;0;0;1
15/04/2021;09:34:00;155;Acidente com vítima;447,9;BR-101/ES;Norte;Tombamento;1;0;0;0;1;0;2
15/04/2021;10:35:00;175;Acidente sem vítima;271,8;BR-101/ES;Norte;Colisão Transversal;1;1;0;0;0;0;1
15/04/2021;10:54:00;186;Acidente com vítima;255,1;BR-101/ES;Sul;Colisão Traseira;1;4;2;0;0;0;1
15/04/2021;11:55:00;203;Acidente com vítima;266,15;BR-101/ES;Norte;Colisão Lateral;2;1;0;1;0;0;2
15/04/2021;15:58:00;291;Acidente sem vítima;260;BR-101/ES;Norte;Colisão Traseira;1;5;0;0;0;0;1
16/04/2021;16:42:00;336;Acidente com vítima;387,1;BR-101/ES;Sul;Tombamento;2;0;0;0;1;0;2
17/04/2021;05:27:00;70;Acidente sem vítima;287,8;BR-101/ES;Sul;Tombamento;1;1;0;0;0;0;1
17/04/2021;11:57:00;185;Acidente sem vítima;188,1;BR-101/ES;Norte;Saída de Pista;2;1;0;0;0;0;1
18/04/2021;16:49:00;227;Acidente com morte;387,2;BR-101/ES;Sul;Tombamento;5;1;1;0;0;1;3
18/04/2021;18:10:00;245;Acidente sem vítima;166;BR-101/ES;Norte;Colisão Traseira;6;2;0;0;0;0;1
19/04/2021;01:18:00;23;Acidente sem vítima;436;BR-101/ES;Sul;Tombamento;1;1;0;0;0;0;1
19/04/2021;18:19:00;299;Acidente sem vítima;65,7;BR-101/ES;Norte;Colisão Lateral;4;2;0;0;0;0;1
19/04/2021;19:09:00;304;Acidente sem vítima;361;BR-101/ES;Norte;Saída de Pista;2;1;0;0;0;0;1
20/04/2021;07:23:00;129;Acidente com vítima;242;BR-101/ES;Norte;Choque com Objeto Fixo;2;2;1;0;0;0;1
20/04/2021;14:00:00;308;Acidente sem vítima;368;BR-101/ES;Sul;Saída de Pista;2;1;0;0;0;0;1
20/04/2021;14:35:00;319;Acidente sem vítima;75,3;BR-101/ES;Norte;Colisão Lateral;1;4;0;0;0;0;1
21/04/2021;13:30:00;216;Acidente com vítima;19,1;BR-101/ES;Sul;Colisão Traseira;2;1;0;1;0;0;2
22/04/2021;06:38:00;91;Acidente sem vítima;385,8;BR-101/ES;Norte;Colisão Lateral;5;3;0;0;0;0;1
22/04/2021;08:29:00;135;Acidente com vítima;264,6;BR-101/ES;Norte;Colisão Traseira;1;1;1;0;0;0;1
22/04/2021;13:05:00;247;Acidente sem vítima;268;BR-101/ES;Norte;Colisão Lateral;3;2;0;0;0;0;1
22/04/2021;13:46:00;259;Acidente sem vítima;270,9;BR-101/ES;Sul;Colisão Lateral;1;4;0;0;0;0;1
22/04/2021;14:19:00;268;Acidente com morte;260,2;BR-101/ES;Norte;Colisão Traseira;1;1;0;0;0;1;3
22/04/2021;15:17:00;275;Acidente com vítima;279,6;BR-101/ES;Norte;Colisão Transversal;2;1;0;1;0;0;2
22/04/2021;16:16:00;290;Acidente sem vítima;278,8;BR-101/ES;Sul;Colisão Frontal;3;2;0;0;0;0;1
22/04/2021;17:47:00;311;Acidente com vítima;283,6;BR-101/ES;Norte;Engavetamento;3;8;1;0;0;0;1
23/04/2021;14:42:00;259;Acidente sem vítima;238,4;BR-101/ES;Norte;Colisão Traseira;2;2;0;0;0;0;1
24/04/2021;19:54:00;337;Acidente com vítima;268,3;BR-101/ES;Norte;Colisão Lateral;2;3;1;0;0;0;1
25/04/2021;15:09:00;255;Acidente com vítima;246,8;BR-101/ES;Norte;Colisão Transversal;1;4;1;0;0;0;1
26/04/2021;14:13:00;238;Acidente com vítima;264,4;BR-101/ES;Norte;Colisão Traseira;2;2;1;0;0;0;1
26/04/2021;17:23:00;283;Acidente sem vítima;64,5;BR-101/ES;Sul;Colisão Lateral;1;3;0;0;0;0;1
26/04/2021;17:49:00;292;Acidente com vítima;262,8;BR-101/ES;Sul;Colisão Lateral;1;1;0;1;0;0;2
26/04/2021;20:54:00;325;Acidente sem vítima;269;BR-101/ES;Norte;Colisão Lateral;2;3;0;0;0;0;1
27/04/2021;20:08:00;333;Acidente com vítima;392,5;BR-101/ES;Norte;Colisão Transversal;1;1;1;0;0;0;1
27/04/2021;23:01:00;375;Acidente com vítima;310,8;BR-101/ES;Norte;Capotamento;1;0;1;0;0;0;1
28/04/2021;08:06:00;145;Acidente com vítima;292,8;BR-101/ES;Norte;Colisão Lateral;2;1;0;1;0;0;2
28/04/2021;18:26:00;358;Atropelamento com morte;445,5;BR-101/ES;Sul;Atropelamento;1;1;0;0;0;1;3
29/04/2021;08:37:00;161;Acidente com vítima;265;BR-101/ES;Norte;Colisão Traseira;1;1;0;2;0;0;2
29/04/2021;09:04:00;171;Acidente sem vítima;270,6;BR-101/ES;Norte;Engavetamento;2;3;0;0;0;0;1
29/04/2021;15:35:00;306;Acidente sem vítima;387,6;BR-101/ES;Sul;Saída de Pista;2;1;0;0;0;0;1
29/04/2021;20:58:00;374;Acidente com vítima;337,5;BR-101/ES;Sul;Colisão Lateral;3;2;0;1;0;0;2
29/04/2021;21:00:00;375;Acidente sem vítima;270,3;BR-101/ES;Sul;Colisão Traseira;3;2;0;0;0;0;1
29/04/2021;23:09:00;393;Acidente sem vítima;264,7;BR-101/ES;Sul;Colisão Lateral;2;2;0;0;0;0;1
30/04/2021;09:37:00;163;Acidente sem vítima;450,1;BR-101/ES;Sul;Saída de Pista;2;1;0;0;0;0;1
30/04/2021;10:41:00;183;Acidente com vítima;289,2;BR-101/ES;Norte;Colisão Traseira;4;3;1;1;1;0;2
30/04/2021;15:43:00;285;Acidente sem vítima;271,5;BR-101/ES;Sul;Colisão Traseira;1;2;0;0;0;0;1
01/05/2021;14:51:00;206;Acidente sem vítima;296,2;BR-101/ES;Norte;Choque com Objeto Fixo;1;2;0;0;0;0;1
01/05/2021;15:33:00;217;Acidente sem vítima;947,3;BR-101/BA;Sul;Tombamento;3;1;0;0;0;0;1
02/05/2021;03:27:00;46;Acidente sem vítima;85;BR-101/ES;Sul;Choque com Objeto Fixo;1;1;0;0;0;0;1
02/05/2021;17:19:00;261;Acidente sem vítima;392,2;BR-101/ES;Norte;Colisão Lateral;2;2;0;0;0;0;1
02/05/2021;23:20:00;349;Acidente com vítima;441;BR-101/ES;Sul;Colisão Lateral;2;1;0;0;1;0;2
03/05/2021;15:21:00;316;Acidente sem vítima;149;BR-101/ES;Sul;Colisão Lateral;2;3;0;0;0;0;1
03/05/2021;20:19:00;392;Acidente com vítima;438,9;BR-101/ES;Sul;Colisão Transversal;1;2;0;2;0;0;2
03/05/2021;21:19:00;411;Acidente sem vítima;319;BR-101/ES;Norte;Saída de Pista;2;1;0;0;0;0;1
04/05/2021;04:23:00;81;Atropelamento sem morte;228;BR-101/ES;Sul;Atropelamento;2;1;0;0;1;0;2
04/05/2021;08:15:00;136;Acidente sem vítima;147,4;BR-101/ES;Sul;Colisão Lateral;1;2;0;0;0;0;1
04/05/2021;14:32:00;274;Acidente com vítima;246,2;BR-101/ES;Sul;Colisão Lateral;3;2;0;3;0;0;2
04/05/2021;17:02:00;324;Acidente com vítima;314;BR-101/ES;Norte;Queda de Moto;1;1;0;2;0;0;2
05/05/2021;15:22:00;262;Acidente com vítima;8,3;BR-101/ES;Sul;Tombamento;4;0;1;0;0;0;1
05/05/2021;18:51:00;315;Atropelamento com morte;308,5;BR-101/ES;Sul;Atropelamento;1;1;0;0;0;1;3
06/05/2021;10:05:00;166;Acidente sem vítima;331,7;BR-101/ES;Norte;Choque com Objeto Fixo;1;1;0;0;0;0;1
06/05/2021;10:33:00;175;Acidente sem vítima;299,1;BR-101/ES;Norte;Choque com Objeto Fixo;2;1;0;0;0;0;1
06/05/2021;12:12:00;231;Acidente com morte;266,4;BR-101/ES;Sul;Colisão Transversal;1;4;0;0;0;1;3
06/05/2021;17:08:00;343;Acidente com morte;269,8;BR-101/ES;Norte;Colisão Lateral;1;2;0;0;0;1;3
06/05/2021;18:09:00;363;Acidente sem vítima;155;BR-101/ES;Sul;Colisão Traseira;3;3;0;0;0;0;1
07/05/2021;07:07:00;107;Acidente com vítima;17,8;BR-101/ES;Norte;Tombamento;3;1;1;0;0;0;1
07/05/2021;15:08:00;290;Acidente sem vítima;109,8;BR-101/ES;Norte;Colisão Traseira;4;2;0;0;0;0;1
08/05/2021;09:05:00;131;Acidente com vítima;239;BR-101/ES;Norte;Colisão Traseira;1;4;1;0;0;0;1
08/05/2021;14:09:00;260;Acidente com vítima;270;BR-101/ES;Sul;Engavetamento;1;9;1;1;0;0;2
08/05/2021;17:26:00;328;Acidente sem vítima;270;BR-101/ES;Norte;Colisão Lateral;1;2;0;0;0;0;1
08/05/2021;18:19:00;335;Acidente sem vítima;231,4;BR-101/ES;Norte;Colisão Traseira;3;2;0;0;0;0;1
09/05/2021;16:08:00;237;Acidente sem vítima;392;BR-101/ES;Sul;Colisão Lateral;2;4;0;0;0;0;1
09/05/2021;19:16:00;299;Acidente sem vítima;228;BR-101/ES;Sul;Engavetamento;1;6;0;0;0;0;1
09/05/2021;20:16:00;308;Acidente sem vítima;340;BR-101/ES;Sul;Tombamento;1;2;0;0;0;0;1
10/05/2021;07:49:00;122;Acidente sem vítima;230;BR-101/ES;Norte;Colisão Traseira;1;25;0;0;0;0;1
10/05/2021;13:40:00;273;Acidente sem vítima;292,5;BR-101/ES;Norte;Colisão Traseira;2;2;0;0;0;0;1
10/05/2021;15:28:00;304;Acidente sem vítima;270,6;BR-101/ES;Norte;Engavetamento;2;3;0;0;0;0;1
11/05/2021;05:08:00;66;Acidente com vítima;388,5;BR-101/ES;Norte;Tombamento;2;0;0;1;0;0;2
11/05/2021;05:32:00;71;Acidente com vítima;380;BR-101/ES;Sul;Saída de Pista;2;0;1;0;0;0;1
11/05/2021;06:50:00;119;Acidente com vítima;288,9;BR-101/ES;Norte;Colisão Traseira;2;2;0;2;0;0;2
11/05/2021;07:53:00;137;Acidente sem vítima;254;BR-101/ES;Sul;Engavetamento;1;3;0;0;0;0;1
11/05/2021;08:13:00;142;Acidente sem vítima;405;BR-101/ES;Sul;Colisão Lateral;5;2;0;0;0;0;1
11/05/2021;09:57:00;182;Acidente sem vítima;237;BR-101/ES;Norte;Colisão Lateral;4;3;0;0;0;0;1
11/05/2021;17:10:00;329;Acidente sem vítima;219,9;BR-101/ES;Sul;Colisão Traseira;1;2;0;0;0;0;1
11/05/2021;18:07:00;345;Acidente sem vítima;304;BR-101/ES;Norte;Colisão Traseira;1;4;0;0;0;0;1
11/05/2021;20:32:00;370;Acidente sem vítima;270,7;BR-101/ES;Norte;Colisão Traseira;2;2;0;0;0;0;1
12/05/2021;02:22:00;41;Acidente sem vítima;348;BR-101/ES;Sul;Saída de Pista;1;1;0;0;0;0;1
12/05/2021;10:24:00;190;Acidente sem vítima;270,5;BR-101/ES;Sul;Colisão Lateral;2;2;0;0;0;0;1
12/05/2021;14:15:00;278;Acidente com vítima;326,4;BR-101/ES;Norte;Colisão Traseira;3;1;0;1;0;0;2
12/05/2021;18:27:00;348;Acidente sem vítima;280;BR-101/ES;Sul;Colisão Lateral;1;7;0;0;0;0;1
12/05/2021;20:23:00;373;Acidente sem vítima;288;BR-101/ES;Sul;Tombamento;2;1;0;0;0;0;1
13/05/2021;03:27:00;66;Acidente sem vítima;431;BR-101/ES;Sul;Colisão Lateral;2;2;0;0;0;0;1
13/05/2021;06:33:00;109;Acidente sem vítima;269;BR-101/ES;Norte;Colisão Lateral;2;3;0;0;0;0;1
13/05/2021;06:35:00;110;Acidente com morte;315,8;BR-101/ES;Norte;Choque;5;1;0;0;0;1;3
13/05/2021;09:47:00;172;Acidente sem vítima;335;BR-101/ES;Sul;Colisão Lateral;2;4;0;0;0;0;1
13/05/2021;15:55:00;307;Acidente sem vítima;368,05;BR-101/ES;Norte;Tombamento;1;1;0;0;0;0;1
14/05/2021;11:01:00;222;Acidente com vítima;443,2;BR-101/ES;Sul;Saída de Pista;3;0;0;1;0;0;2
14/05/2021;11:29:00;240;Acidente com vítima;288,8;BR-101/ES;Sul;Engavetamento;3;7;0;1;0;0;2
14/05/2021;11:58:00;252;Acidente com vítima;414,2;BR-101/ES;Norte;Colisão Traseira;2;4;0;2;0;0;2
14/05/2021;17:25:00;359;Acidente sem vítima;292;BR-101/ES;Norte;Colisão Lateral;3;3;0;0;0;0;1
15/05/2021;17:45:00;340;Acidente sem vítima;258;BR-101/ES;Norte;Tombamento;1;1;0;0;0;0;1
15/05/2021;18:03:00;343;Acidente sem vítima;270;BR-101/ES;Sul;Colisão Lateral;2;2;0;0;0;0;1
15/05/2021;18:07:00;344;Acidente com vítima;299,9;BR-101/ES;Sul;Colisão Transversal;1;1;0;1;0;0;2
16/05/2021;05:44:00;75;Acidente com morte;122,95;BR-101/ES;Norte;Colisão Frontal;1;1;0;0;0;1;3
16/05/2021;10:45:00;137;Acidente sem vítima;260;BR-101/ES;Norte;Colisão Lateral;2;3;0;0;0;0;1
16/05/2021;15:07:00;221;Acidente com morte;355;BR-101/ES;Sul;Colisão Frontal;1;0;0;1;1;1;3
17/05/2021;12:08:00;265;Acidente sem vítima;119,5;BR-101/ES;Norte;Saída de Pista;2;1;0;0;0;0;1
17/05/2021;20:50:00;429;Acidente com vítima;315,8;BR-101/ES;Norte;Colisão Lateral;3;2;0;1;0;0;2
18/05/2021;15:20:00;317;Acidente com vítima;102,8;BR-101/ES;Sul;Tombamento;1;0;1;0;0;0;1
18/05/2021;19:02:00;379;Acidente sem vítima;452;BR-101/ES;Norte;Colisão Traseira;1;3;0;0;0;0;1
19/05/2021;01:09:00;19;Acidente com vítima;273,95;BR-101/ES;Sul;Colisão Traseira;1;1;0;1;0;0;2
19/05/2021;11:11:00;209;Acidente com vítima;270,6;BR-101/ES;Norte;Colisão Transversal;1;2;0;1;0;0;2
19/05/2021;11:25:00;216;Acidente com vítima;79,2;BR-101/ES;Norte;Colisão Traseira;1;6;1;2;0;0;2
19/05/2021;14:41:00;302;Acidente sem vítima;118,5;BR-101/ES;Norte;Tombamento;1;2;0;0;0;0;1
19/05/2021;17:52:00;363;Acidente sem vítima;401;BR-101/ES;Sul;Colisão Traseira;6;4;0;0;0;0;1
19/05/2021;18:02:00;369;Acidente com vítima;122,6;BR-101/ES;Sul;Colisão Traseira;1;1;0;0;1;0;2
20/05/2021;06:36:00;99;Acidente sem vítima;939,4;BR-101/BA;Norte;Colisão Transversal;6;2;0;0;0;0;1
20/05/2021;07:19:00;116;Acidente sem vítima;29,4;BR-101/ES;Sul;Colisão Lateral;2;4;0;0;0;0;1
20/05/2021;13:34:00;249;Acidente sem vítima;289,2;BR-101/ES;Sul;Colisão Lateral;1;5;0;0;0;0;1
20/05/2021;18:11:00;319;Acidente com vítima;109;BR-101/ES;Sul;Colisão Traseira;1;1;1;0;0;0;1
21/05/2021;05:32:00;87;Acidente sem vítima;402;BR-101/ES;Norte;Veículo em Chamas;2;1;0;0;0;0;1
21/05/2021;07:18:00;111;Acidente com vítima;137,4;BR-101/ES;Norte;Colisão Traseira;1;1;0;1;0;0;2
21/05/2021;07:26:00;114;Acidente com vítima;357,7;BR-101/ES;Sul;Colisão Lateral;1;1;0;1;0;0;2
21/05/2021;08:29:00;134;Acidente sem vítima;17,2;BR-101/ES;Sul;Tombamento;3;1;0;0;0;0;1
21/05/2021;12:56:00;236;Acidente sem vítima;270,4;BR-101/ES;Norte;Colisão Lateral;2;2;0;0;0;0;1
21/05/2021;14:21:00;258;Acidente sem vítima;284,6;BR-101/ES;Sul;Colisão Traseira;1;2;0;0;0;0;1
21/05/2021;14:42:00;261;Acidente sem vítima;264,6;BR-101/ES;Norte;Colisão Lateral;1;2;0;0;0;0;1
22/05/2021;06:36:00;108;Acidente sem vítima;247;BR-101/ES;Sul;Colisão Traseira;2;4;0;0;0;0;1
22/05/2021;11:47:00;223;Acidente com vítima;276,3;BR-101/ES;Sul;Saída de Pista;1;2;0;1;0;0;2
22/05/2021;21:13:00;373;Acidente com vítima;281,9;BR-101/ES;Sul;Colisão Lateral;1;2;0;1;0;0;2
23/05/2021;11:48:00;191;Acidente sem vítima;65,7;BR-101/ES;Sul;Colisão Traseira;2;2;0;0;0;0;1
24/05/2021;03:32:00;45;Acidente sem vítima;236,5;BR-101/ES;Norte;Tombamento;2;1;0;0;0;0;1
24/05/2021;07:21:00;118;Acidente sem vítima;339;BR-101/ES;Norte;Colisão Traseira;1;2;0;0;0;0;1
24/05/2021;16:14:00;301;Acidente sem vítima;270,46;BR-101/ES;Norte;Colisão Lateral;1;2;0;0;0;0;1
24/05/2021;21:23:00;374;Acidente sem vítima;308;BR-101/ES;Sul;Choque com Veículo Estacionado;2;2;0;0;0;0;1