data;horario;n_da_ocorrencia;tipo_de_ocorrencia;km;trecho;sentido;tipo_de_acidente;caminhao;ilesos;levemente_feridos;moderadamente_feridos;gravemente_feridos;mortos;3
25/05/2021;07:19:00;147;Acidente com vítima;368,8;BR-101/ES;Sul;Colisão Lateral;4;1;1;0;0;0;1
25/05/2021;08:43:00;174;Acidente sem vítima;262,6;BR-101/ES;Sul;Engavetamento;1;4;0;0;0;0;1
25/05/2021;09:18:00;187;Acidente sem vítima;259,5;BR-101/ES;Sul;Colisão Lateral;1;4;0;0;0;0;1
25/05/2021;16:46:00;319;Acidente sem vítima;213,4;BR-101/ES;Sul;Colisão Traseira;2;8;0;0;0;0;1
26/05/2021;11:56:00;259;Acidente com vítima;68;BR-101/ES;Sul;Colisão Transversal;1;1;1;0;0;0;1
26/05/2021;21:10:00;413;Acidente sem vítima;257,5;BR-101/ES;Norte;Choque com Objeto Fixo;2;1;0;0;0;0;1
27/05/2021;06:36:00;96;Acidente com vítima;346,2;BR-101/ES;Norte;Saída de Pista;1;0;0;1;0;0;2
27/05/2021;13:18:00;253;Acidente sem vítima;257;BR-101/ES;Norte;Colisão Lateral;1;4;0;0;0;0;1
28/05/2021;10:15:00;181;Acidente com vítima;159,95;BR-101/ES;Norte;Colisão Lateral;2;1;0;1;0;0;2
28/05/2021;11:12:00;205;Acidente com vítima;289,1;BR-101/ES;Sul;Colisão Lateral;2;1;0;0;1;0;2
28/05/2021;15:08:00;292;Acidente sem vítima;292;BR-101/ES;Sul;Colisão Traseira;2;2;0;0;0;0;1
29/05/2021;12:58:00;227;Acidente sem vítima;321,9;BR-101/ES;Norte;Veículo em Chamas;1;1;0;0;0;0;1
29/05/2021;20:31:00;344;Acidente sem vítima;7;BR-101/ES;Norte;Colisão Traseira;1;3;0;0;0;0;1
30/05/2021;18:07:00;270;Acidente sem vítima;93;BR-101/ES;Sul;Saída de Pista;3;4;0;0;0;0;1
30/05/2021;19:44:00;289;Acidente com vítima;183,7;BR-101/ES;Sul;Capotamento;1;0;0;0;3;0;2
31/05/2021;07:11:00;131;Acidente sem vítima;949;BR-101/BA;Norte;Colisão Traseira;1;4;0;0;0;0;1
31/05/2021;15:19:00;304;Acidente com vítima;22,5;BR-101/ES;Sul;Saída de Pista;1;0;0;0;1;0;2
31/05/2021;16:06:00;316;Acidente sem vítima;267,8;BR-101/ES;Norte;Colisão Transversal;2;2;0;0;0;0;1
01/06/2021;19:22:00;369;Acidente sem vítima;269;BR-101/ES;Sul;Colisão Lateral;1;2;0;0;0;0;1
01/06/2021;19:42:00;374;Acidente sem vítima;284,9;BR-101/ES;Sul;Choque com Objeto Fixo;1;2;0;0;0;0;1
01/06/2021;20:38:00;384;Acidente sem vítima;281;BR-101/ES;Sul;Choque;1;1;0;0;0;0;1
02/06/2021;03:06:00;80;Acidente sem vítima;956,9;BR-101/BA;Sul;Veículo em Chamas;3;1;0;0;0;0;1
02/06/2021;14:38:00;286;Acidente com vítima;4,8;BR-101/ES;Sul;Tombamento;3;0;0;1;0;0;2
02/06/2021;15:42:00;297;Acidente sem vítima;146,43;BR-101/ES;Sul;Colisão Traseira;2;2;0;0;0;0;1
02/06/2021;18:32:00;333;Acidente sem vítima;949;BR-101/BA;Sul;Colisão Traseira;1;2;0;0;0;0;1
02/06/2021;18:41:00;335;Acidente sem vítima;269,1;BR-101/ES;Sul;Colisão Traseira;1;2;0;0;0;0;1
03/06/2021;18:13:00;342;Acidente com morte;303;BR-101/ES;Sul;Colisão Traseira;2;1;0;0;0;1;3
04/06/2021;04:21:00;54;Acidente sem vítima;945;BR-101/BA;Sul;Colisão Transversal;6;2;0;0;0;0;1
04/06/2021;05:32:00;76;Acidente sem vítima;437,9;BR-101/ES;Sul;Saída de Pista;3;1;0;0;0;0;1
04/06/2021;13:52:00;248;Atropelamento sem morte;227,4;BR-101/ES;Norte;Atropelamento;1;3;0;0;1;0;2
04/06/2021;13:55:00;249;Acidente com vítima;264;BR-101/ES;Norte;Colisão Lateral;1;1;1;0;0;0;1
04/06/2021;15:50:00;276;Acidente sem vítima;321;BR-101/ES;Sul;Choque com Objeto Fixo;2;2;0;0;0;0;1
04/06/2021;16:46:00;301;Acidente sem vítima;83;BR-101/ES;Norte;Veículo em Chamas;2;1;0;0;0;0;1
04/06/2021;19:03:00;343;Acidente sem vítima;131,3;BR-101/ES;Sul;Colisão Traseira;1;2;0;0;0;0;1
04/06/2021;19:42:00;355;Acidente com vítima;240,9;BR-101/ES;Sul;Colisão Traseira;1;1;0;0;1;0;2
05/06/2021;01:11:00;29;Acidente sem vítima;6;BR-101/ES;Norte;Choque com Veículo Estacionado;3;2;0;0;0;0;1
05/06/2021;09:51:00;142;Acidente sem vítima;155,7;BR-101/ES;Sul;Saída de Pista;1;1;0;0;0;0;1
05/06/2021;10:09:00;149;Acidente com vítima;188,2;BR-101/ES;Sul;Tombamento;1;0;3;0;0;0;1
05/06/2021;13:07:00;201;Acidente sem vítima;368,3;BR-101/ES;Norte;Saída de Pista;2;1;0;0;0;0;1
05/06/2021;17:36:00;262;Atropelamento sem morte;241;BR-101/ES;Sul;Atropelamento;1;1;0;0;1;0;2
06/06/2021;02:09:00;53;Acidente com vítima;945;BR-101/BA;Norte;Colisão Traseira;1;1;0;0;2;0;2
06/06/2021;08:07:00;103;Acidente sem vítima;304,4;BR-101/ES;Norte;Choque com Veículo Estacionado;2;2;0;0;0;0;1
06/06/2021;17:29:00;282;Acidente sem vítima;110,1;BR-101/ES;Norte;Colisão Lateral;1;4;0;0;0;0;1
07/06/2021;14:43:00;273;Acidente sem vítima;270,8;BR-101/ES;Norte;Colisão Lateral;1;3;0;0;0;0;1
07/06/2021;19:19:00;336;Acidente sem vítima;257,9;BR-101/ES;Sul;Colisão Traseira;2;2;0;0;0;0;1
08/06/2021;11:58:00;255;Acidente sem vítima;298;BR-101/ES;Sul;Choque com Objeto Fixo;3;1;0;0;0;0;1
08/06/2021;12:15:00;264;Acidente sem vítima;267;BR-101/ES;Norte;Colisão Lateral;2;2;0;0;0;0;1
08/06/2021;12:55:00;277;Acidente sem vítima;414;BR-101/ES;Norte;Tombamento;3;1;0;0;0;0;1
09/06/2021;13:17:00;235;Acidente sem vítima;233;BR-101/ES;Norte;Colisão Lateral;2;3;0;0;0;0;1
09/06/2021;13:39:00;241;Acidente sem vítima;437;BR-101/ES;Norte;Colisão Lateral;4;3;0;0;0;0;1
09/06/2021;14:31:00;251;Acidente sem vítima;268;BR-101/ES;Norte;Colisão Traseira;2;2;0;0;0;0;1
10/06/2021;15:03:00;296;Acidente sem vítima;270,5;BR-101/ES;Norte;Colisão Lateral;1;2;0;0;0;0;1
10/06/2021;18:49:00;357;Acidente sem vítima;366,5;BR-101/ES;Sul;Colisão Transversal;2;2;0;0;0;0;1
11/06/2021;05:10:00;100;Acidente com vítima;299,9;BR-101/ES;Norte;Tombamento;1;0;1;0;0;0;1
11/06/2021;18:19:00;399;Acidente com vítima;292;BR-101/ES;Sul;Colisão Transversal;1;2;1;0;0;0;1
12/06/2021;05:31:00;60;Acidente sem vítima;184,1;BR-101/ES;Norte;Saída de Pista;2;1;0;0;0;0;1
12/06/2021;09:25:00;129;Acidente com vítima;320,8;BR-101/ES;Norte;Colisão Traseira;3;1;0;2;0;0;2
12/06/2021;13:21:00;228;Acidente com vítima;295,7;BR-101/ES;Norte;Colisão Traseira;2;1;0;1;0;0;2
13/06/2021;04:39:00;44;Acidente sem vítima;293,9;BR-101/ES;Sul;Colisão Lateral;2;4;0;0;0;0;1
13/06/2021;14:56:00;204;Acidente sem vítima;67,4;BR-101/ES;Norte;Colisão Traseira;8;2;0;0;0;0;1
14/06/2021;06:23:00;92;Acidente com vítima;337,3;BR-101/ES;Sul;Tombamento;2;0;1;0;0;0;1
14/06/2021;07:15:00;109;Acidente com morte;339,1;BR-101/ES;Sul;Colisão Traseira;2;3;1;1;2;1;3
14/06/2021;07:55:00;122;Acidente com vítima;269,8;BR-101/ES;Norte;Colisão Traseira;1;0;1;1;0;0;2
14/06/2021;08:17:00;126;Acidente com vítima;67;BR-101/ES;Sul;Colisão Lateral;1;1;0;1;0;0;2
14/06/2021;10:19:00;167;Acidente sem vítima;267,7;BR-101/ES;Sul;Colisão Lateral;2;2;0;0;0;0;1
15/06/2021;06:56:00;126;Acidente sem vítima;270,7;BR-101/ES;Norte;Engavetamento;3;4;0;0;0;0;1
15/06/2021;07:44:00;146;Acidente sem vítima;270,7;BR-101/ES;Sul;Colisão Traseira;2;3;0;0;0;0;1
15/06/2021;10:40:00;224;Acidente sem vítima;394;BR-101/ES;Sul;Saída de Pista;1;1;0;0;0;0;1
15/06/2021;18:07:00;370;Acidente sem vítima;253;BR-101/ES;Sul;Engavetamento;1;5;0;0;0;0;1
17/06/2021;06:52:00;115;Acidente sem vítima;119,7;BR-101/ES;Norte;Colisão Traseira;1;2;0;0;0;0;1
17/06/2021;16:33:00;356;Acidente sem vítima;125,9;BR-101/ES;Norte;Colisão Traseira;1;2;0;0;0;0;1
18/06/2021;07:34:00;127;Acidente sem vítima;293,2;BR-101/ES;Norte;Colisão Traseira;1;2;0;0;0;0;1
18/06/2021;11:58:00;236;Acidente sem vítima;297,6;BR-101/ES;Norte;Colisão Traseira;1;2;0;0;0;0;1
18/06/2021;18:35:00;395;Acidente com vítima;228;BR-101/ES;Norte;Colisão Frontal;1;1;1;0;0;0;1
19/06/2021;14:51:00;263;Acidente com vítima;289;BR-101/ES;Sul;Tombamento;2;0;1;0;0;0;1
20/06/2021;11:00:00;200;Acidente sem vítima;368,5;BR-101/ES;Sul;Queda de Moto;1;2;0;0;0;0;1
20/06/2021;12:41:00;241;Acidente sem vítima;301;BR-101/ES;Norte;Colisão Lateral;1;2;0;0;0;0;1
21/06/2021;09:07:00;156;Acidente sem vítima;287,5;BR-101/ES;Sul;Colisão Traseira;2;3;0;0;0;0;1
21/06/2021;19:58:00;356;Acidente sem vítima;277;BR-101/ES;Norte;Colisão Transversal;2;2;0;0;0;0;1
21/06/2021;20:41:00;367;Acidente sem vítima;277;BR-101/ES;Norte;Colisão Traseira;2;3;0;0;0;0;1
22/06/2021;06:29:00;98;Acidente com vítima;361;BR-101/ES;Sul;Tombamento;7;3;0;0;1;0;2
22/06/2021;17:09:00;318;Acidente com vítima;266,4;BR-101/ES;Sul;Colisão Traseira;1;1;0;1;0;0;2
23/06/2021;09:26:00;177;Acidente sem vítima;305;BR-101/ES;Sul;Colisão Transversal;2;2;0;0;0;0;1
23/06/2021;10:00:00;193;Acidente sem vítima;229;BR-101/ES;Sul;Engavetamento;2;3;0;0;0;0;1
23/06/2021;13:57:00;294;Acidente sem vítima;298,4;BR-101/ES;Norte;Colisão Lateral;3;4;0;0;0;0;1
23/06/2021;17:10:00;363;Acidente sem vítima;101,3;BR-101/ES;Norte;Colisão Traseira;1;2;0;0;0;0;1
24/06/2021;05:45:00;106;Acidente sem vítima;212;BR-101/ES;Sul;Colisão Traseira;5;3;0;0;0;0;1
24/06/2021;15:37:00;316;Acidente sem vítima;139,5;BR-101/ES;Sul;Colisão Lateral;1;5;0;0;0;0;1
25/06/2021;02:26:00;41;Acidente sem vítima;437;BR-101/ES;Sul;Atropelamento de Bovino;2;1;0;0;0;0;1
25/06/2021;06:18:00;104;Acidente sem vítima;371;BR-101/ES;Norte;Veículo em Chamas;1;1;0;0;0;0;1
25/06/2021;13:19:00;247;Acidente sem vítima;269,7;BR-101/ES;Norte;Colisão Lateral;2;2;0;0;0;0;1
25/06/2021;18:31:00;333;Acidente com vítima;201,5;BR-101/ES;Sul;Colisão Lateral;2;1;0;2;0;0;2
27/06/2021;22:16:00;356;Acidente sem vítima;270;BR-101/ES;Norte;Colisão Lateral;1;2;0;0;0;0;1
28/06/2021;03:10:00;45;Acidente com vítima;269,5;BR-101/ES;Norte;Colisão Transversal;1;1;0;1;0;0;2
28/06/2021;04:50:00;55;Acidente com vítima;231,7;BR-101/ES;Sul;Colisão Lateral;2;1;0;0;1;0;2
28/06/2021;05:46:00;63;Acidente sem vítima;86,1;BR-101/ES;Sul;Saída de Pista;1;1;0;0;0;0;1
28/06/2021;12:04:00;226;Acidente com vítima;294,6;BR-101/ES;Norte;Colisão Traseira;1;0;0;2;0;0;2
28/06/2021;12:52:00;242;Acidente com vítima;139,4;BR-101/ES;Sul;Colisão Transversal;2;3;1;0;0;0;1
28/06/2021;15:02:00;280;Acidente sem vítima;79;BR-101/ES;Norte;Colisão Traseira;1;2;0;0;0;0;1
28/06/2021;15:26:00;289;Acidente sem vítima;68,6;BR-101/ES;Norte;Choque com Veículo Estacionado;1;2;0;0;0;0;1
28/06/2021;17:08:00;322;Acidente sem vítima;150;BR-101/ES;Sul;Colisão Lateral;1;6;0;0;0;0;1
28/06/2021;22:37:00;403;Acidente com morte;235;BR-101/ES;Sul;Colisão Lateral;1;1;0;0;0;1;3
29/06/2021;03:03:00;44;Acidente com vítima;939;BR-101/BA;Norte;Tombamento;3;0;0;1;0;0;2
29/06/2021;10:45:00;185;Acidente com vítima;226;BR-101/ES;Sul;Engavetamento;5;11;0;1;0;0;2
29/06/2021;18:55:00;302;Acidente sem vítima;288;BR-101/ES;Sul;Choque;2;1;0;0;0;0;1
29/06/2021;19:34:00;308;Acidente sem vítima;189;BR-101/ES;Norte;Colisão Lateral;1;2;0;0;0;0;1
30/06/2021;06:28:00;105;Acidente sem vítima;361;BR-101/ES;Sul;Colisão Lateral;1;1;0;0;0;0;1
30/06/2021;16:11:00;282;Acidente sem vítima;354;BR-101/ES;Sul;Colisão Lateral;1;4;0;0;0;0;1
01/07/2021;07:15:00;99;Acidente sem vítima;67;BR-101/ES;Norte;Colisão Lateral;1;4;0;0;0;0;1
01/07/2021;07:40:00;109;Acidente com vítima;148;BR-101/ES;Norte;Colisão Lateral;2;1;1;0;0;0;1
01/07/2021;09:02:00;150;Acidente sem vítima;41,5;BR-101/ES;Norte;Colisão Traseira;2;2;0;0;0;0;1
01/07/2021;22:40:00;436;Acidente sem vítima;414,2;BR-101/ES;Sul;Tombamento;1;1;0;0;0;0;1
01/07/2021;22:56:00;438;Acidente sem vítima;6;BR-101/ES;Norte;Colisão Lateral;1;2;0;0;0;0;1
01/07/2021;23:16:00;445;Acidente sem vítima;207;BR-101/ES;Sul;Colisão Traseira;2;2;0;0;0;0;1
02/07/2021;06:30:00;97;Acidente sem vítima;130;BR-101/ES;Sul;Colisão Lateral;3;2;0;0;0;0;1
02/07/2021;06:51:00;107;Acidente com vítima;400;BR-101/ES;Sul;Colisão Transversal;1;2;0;1;1;0;2
02/07/2021;09:12:00;163;Acidente sem vítima;293;BR-101/ES;Sul;Choque com Objeto Fixo;2;1;0;0;0;0;1
02/07/2021;10:59:00;214;Acidente sem vítima;268;BR-101/ES;Norte;Colisão Traseira;2;2;0;0;0;0;1
02/07/2021;19:53:00;414;Acidente sem vítima;243,4;BR-101/ES;Sul;Colisão Traseira;1;6;0;0;0;0;1
02/07/2021;20:23:00;420;Acidente sem vítima;321;BR-101/ES;Sul;Colisão Traseira;4;3;0;0;0;0;1
02/07/2021;23:07:00;459;Acidente sem vítima;15,6;BR-101/ES;Sul;Colisão Lateral;3;2;0;0;0;0;1
03/07/2021;12:58:00;252;Acidente sem vítima;294;BR-101/ES;Norte;Colisão Traseira;1;2;0;0;0;0;1
03/07/2021;19:37:00;355;Acidente sem vítima;141;BR-101/ES;Norte;Colisão Traseira;4;2;0;0;0;0;1
04/07/2021;03:31:00;61;Acidente com vítima;425;BR-101/ES;Norte;Saída de Pista;2;0;1;0;0;0;1
04/07/2021;22:17:00;370;Acidente com vítima;78;BR-101/ES;Norte;Colisão Traseira;2;4;0;1;0;0;2
05/07/2021;10:31:00;187;Acidente com vítima;211,3;BR-101/ES;Norte;Colisão Traseira;1;1;0;1;0;0;2
05/07/2021;15:22:00;296;Acidente sem vítima;162,3;BR-101/ES;Sul;Engavetamento;1;4;0;0;0;0;1
06/07/2021;14:37:00;324;Acidente sem vítima;315,5;BR-101/ES;Sul;Veículo em Chamas;2;1;0;0;0;0;1
06/07/2021;14:41:00;327;Acidente sem vítima;164;BR-101/ES;Sul;Colisão Transversal;2;2;0;0;0;0;1
06/07/2021;15:11:00;335;Acidente sem vítima;275,6;BR-101/ES;Sul;Colisão Lateral;3;3;0;0;0;0;1
06/07/2021;20:38:00;406;Acidente com vítima;8,2;BR-101/ES;Sul;Tombamento;3;1;0;1;0;0;2
07/07/2021;11:43:00;188;Acidente com vítima;286,9;BR-101/ES;Norte;Colisão Lateral;1;1;1;0;0;0;1
07/07/2021;14:43:00;241;Acidente sem vítima;266,3;BR-101/ES;Norte;Colisão Lateral;1;2;0;0;0;0;1
07/07/2021;18:30:00;311;Acidente sem vítima;279;BR-101/ES;Sul;Colisão Traseira;3;2;0;0;0;0;1
08/07/2021;02:58:00;37;Acidente sem vítima;208;BR-101/ES;Sul;Saída de Pista;2;1;0;0;0;0;1
08/07/2021;04:42:00;51;Acidente sem vítima;264;BR-101/ES;Sul;Colisão Transversal;1;2;0;0;0;0;1
08/07/2021;14:08:00;295;Acidente sem vítima;257,5;BR-101/ES;Norte;Colisão Traseira;2;2;0;0;0;0;1
08/07/2021;16:39:00;335;Acidente com morte;148,8;BR-101/ES;Sul;Colisão com ciclista;3;0;1;0;0;1;3
09/07/2021;06:32:00;100;Acidente com morte;338,1;BR-101/ES;Norte;Colisão Lateral;1;1;2;1;0;1;3
09/07/2021;10:24:00;172;Acidente sem vítima;61;BR-101/ES;Norte;Colisão Lateral;2;3;0;0;0;0;1
09/07/2021;13:16:00;251;Acidente sem vítima;269,6;BR-101/ES;Sul;Engavetamento;1;4;0;0;0;0;1
09/07/2021;18:42:00;349;Acidente sem vítima;32;BR-101/ES;Sul;Tombamento;2;1;0;0;0;0;1
09/07/2021;19:05:00;353;Acidente sem vítima;276;BR-101/ES;Norte;Colisão Traseira;2;2;0;0;0;0;1
10/07/2021;13:19:00;259;Acidente com vítima;6;BR-101/ES;Sul;Colisão Lateral;1;1;0;1;0;0;2
11/07/2021;14:13:00;209;Acidente com morte;123,6;BR-101/ES;Sul;Colisão Lateral;1;0;0;0;0;1;3
12/07/2021;03:45:00;56;Acidente com vítima;426,95;BR-101/ES;Sul;Tombamento;2;0;1;0;0;0;1
12/07/2021;08:09:00;103;Acidente sem vítima;368,8;BR-101/ES;Norte;Colisão Lateral;4;2;0;0;0;0;1
12/07/2021;13:01:00;229;Acidente com morte;952,9;BR-101/BA;Sul;Colisão Frontal;1;0;2;0;0;1;3
13/07/2021;05:14:00;81;Acidente sem vítima;267,6;BR-101/ES;Sul;Colisão Traseira;4;2;0;0;0;0;1
13/07/2021;05:47:00;87;Acidente sem vítima;18;BR-101/ES;Sul;Danos Eventuais;2;1;0;0;0;0;1
13/07/2021;10:22:00;172;Acidente sem vítima;147;BR-101/ES;Norte;Engavetamento;5;3;0;0;0;0;1
13/07/2021;15:58:00;308;Acidente sem vítima;69;BR-101/ES;Norte;Colisão Traseira;1;2;0;0;0;0;1
13/07/2021;20:47:00;384;Acidente sem vítima;302,7;BR-101/ES;Sul;Tombamento;2;1;0;0;0;0;1
14/07/2021;05:46:00;70;Acidente sem vítima;149,6;BR-101/ES;Sul;Colisão Traseira;3;5;0;0;0;0;1
14/07/2021;08:50:00;127;Acidente sem vítima;304,7;BR-101/ES;Sul;Choque com Objeto Fixo;1;1;0;0;0;0;1
14/07/2021;16:25:00;305;Acidente com vítima;17,8;BR-101/ES;Norte;Tombamento;2;0;1;0;0;0;1
14/07/2021;22:16:00;399;Acidente com vítima;435,9;BR-101/ES;Norte;Tombamento;2;0;0;0;1;0;2
15/07/2021;11:44:00;219;Acidente sem vítima;327,8;BR-101/ES;Sul;Colisão Lateral;1;4;0;0;0;0;1
15/07/2021;12:25:00;236;Acidente com vítima;356;BR-101/ES;Sul;Colisão Lateral;2;1;0;2;0;0;2
15/07/2021;20:04:00;363;Acidente sem vítima;255;BR-101/ES;Sul;Colisão Lateral;2;3;0;0;0;0;1
15/07/2021;20:07:00;365;Acidente sem vítima;267;BR-101/ES;Norte;Colisão Lateral;2;2;0;0;0;0;1
16/07/2021;09:42:00;160;Acidente sem vítima;299,1;BR-101/ES;Sul;Colisão Lateral;1;2;0;0;0;0;1
16/07/2021;10:24:00;183;Acidente sem vítima;297,6;BR-101/ES;Norte;Danos Eventuais;2;1;0;0;0;0;1
16/07/2021;10:33:00;187;Acidente com vítima;298,6;BR-101/ES;Sul;Colisão Traseira;1;2;0;1;0;0;2
16/07/2021;12:02:00;228;Acidente sem vítima;256;BR-101/ES;Norte;Colisão Traseira;5;2;0;0;0;0;1
16/07/2021;12:17:00;235;Acidente sem vítima;256;BR-101/ES;Norte;Colisão Lateral;1;3;0;0;0;0;1
16/07/2021;12:37:00;247;Acidente sem vítima;276,8;BR-101/ES;Norte;Colisão Traseira;3;2;0;0;0;0;1
16/07/2021;13:30:00;268;Acidente com vítima;202,1;BR-101/ES;Sul;Colisão Lateral;4;0;0;1;1;0;2
16/07/2021;18:08:00;343;Acidente com vítima;358,1;BR-101/ES;Sul;Colisão Lateral;2;2;2;0;0;0;1
17/07/2021;04:13:00;70;Atropelamento sem morte;233;BR-101/ES;Sul;Atropelamento;2;1;0;1;0;0;2
17/07/2021;05:31:00;88;Acidente sem vítima;6,8;BR-101/ES;Norte;Atropelamento de Bovino;1;2;0;0;0;0;1
17/07/2021;07:38:00;113;Acidente com vítima;108,8;BR-101/ES;Norte;Colisão Traseira;1;2;1;0;0;0;1
17/07/2021;16:39:00;303;Acidente sem vítima;144,1;BR-101/ES;Sul;Tombamento;2;1;0;0;0;0;1
17/07/2021;19:44:00;356;Acidente sem vítima;348;BR-101/ES;Sul;Choque;1;2;0;0;0;0;1
18/07/2021;18:10:00;313;Acidente com vítima;355,3;BR-101/ES;Sul;Colisão com ciclista;2;1;1;0;0;0;1
18/07/2021;18:16:00;315;Acidente sem vítima;290;BR-101/ES;Norte;Colisão Traseira;1;2;0;0;0;0;1
18/07/2021;22:30:00;371;Acidente com vítima;219,2;BR-101/ES;Norte;Choque com Objeto Fixo;1;4;2;0;1;0;2
18/07/2021;22:52:00;376;Acidente sem vítima;223,5;BR-101/ES;Sul;Tombamento;1;1;0;0;0;0;1
19/07/2021;11:35:00;191;Acidente com vítima;166,7;BR-101/ES;Norte;Colisão Traseira;2;2;1;1;0;0;2
19/07/2021;15:06:00;240;Acidente sem vítima;23,2;BR-101/ES;Sul;Choque com Veículo Estacionado;1;1;0;0;0;0;1
19/07/2021;20:35:00;306;Acidente com vítima;252,5;BR-101/ES;Sul;Colisão Traseira;4;1;1;0;0;0;1
19/07/2021;21:36:00;320;Acidente com vítima;457;BR-101/ES;Sul;Colisão Transversal;2;1;1;0;0;0;1
20/07/2021;07:00:00;90;Acidente sem vítima;414;BR-101/ES;Sul;Colisão Traseira;1;3;0;0;0;0;1
20/07/2021;09:29:00;139;Acidente sem vítima;340,5;BR-101/ES;Sul;Tombamento;1;1;0;0;0;0;1
20/07/2021;18:33:00;327;Acidente com vítima;233;BR-101/ES;Norte;Colisão Frontal;1;1;0;1;0;0;2
20/07/2021;22:10:00;374;Acidente sem vítima;230;BR-101/ES;Sul;Colisão Lateral;2;2;0;0;0;0;1
21/07/2021;06:51:00;96;Acidente com vítima;398,9;BR-101/ES;Norte;Colisão Traseira;3;1;1;0;0;0;1
21/07/2021;10:17:00;177;Acidente com vítima;300,4;BR-101/ES;Sul;Colisão Lateral;2;1;1;0;0;0;1
21/07/2021;11:20:00;206;Acidente sem vítima;439;BR-101/ES;Sul;Colisão Transversal;2;5;0;0;0;0;1
21/07/2021;12:56:00;243;Acidente sem vítima;324,9;BR-101/ES;Sul;Colisão Lateral;1;3;0;0;0;0;1
21/07/2021;19:37:00;355;Acidente sem vítima;414,9;BR-101/ES;Norte;Colisão Traseira;2;2;0;0;0;0;1
22/07/2021;02:47:00;34;Acidente sem vítima;440,1;BR-101/ES;Sul;Colisão Lateral;2;3;0;0;0;0;1
22/07/2021;14:43:00;290;Acidente sem vítima;119,6;BR-101/ES;Sul;Colisão Traseira;2;2;0;0;0;0;1
22/07/2021;18:15:00;360;Acidente sem vítima;286;BR-101/ES;Norte;Colisão Traseira;1;2;0;0;0;0;1
23/07/2021;05:20:00;84;Acidente sem vítima;262,1;BR-101/ES;Sul;Colisão Traseira;5;2;0;0;0;0;1
23/07/2021;05:45:00;91;Acidente com vítima;270,4;BR-101/ES;Norte;Colisão Traseira;1;2;0;1;0;0;2
23/07/2021;11:13:00;213;Acidente sem vítima;264,4;BR-101/ES;Norte;Colisão Traseira;4;2;0;0;0;0;1
23/07/2021;12:12:00;235;Acidente sem vítima;64,6;BR-101/ES;Sul;Colisão Traseira;3;2;0;0;0;0;1
23/07/2021;16:33:00;309;Acidente sem vítima;269,7;BR-101/ES;Norte;Colisão Lateral;1;1;0;0;0;0;1
24/07/2021;02:09:00;49;Acidente com vítima;55,3;BR-101/ES;Sul;Colisão Lateral;3;1;0;1;0;0;2
24/07/2021;07:05:00;93;Acidente sem vítima;334,1;BR-101/ES;Sul;Choque com Veículo Estacionado;1;2;0;0;0;0;1
24/07/2021;09:07:00;128;Acidente sem vítima;297;BR-101/ES;Sul;Colisão Lateral;1;2;0;0;0;0;1
24/07/2021;14:30:00;238;Acidente com vítima;383,9;BR-101/ES;Norte;Saída de Pista;1;0;0;1;0;0;2
24/07/2021;21:42:00;336;Acidente com vítima;139,6;BR-101/ES;Sul;Colisão Traseira;1;1;1;0;1;0;2
24/07/2021;23:09:00;359;Acidente sem vítima;258;BR-101/ES;Sul;Colisão Traseira;1;3;0;0;0;0;1
26/07/2021;08:35:00;124;Acidente sem vítima;121,1;BR-101/ES;Sul;Colisão Traseira;1;2;0;0;0;0;1
26/07/2021;09:23:00;145;Acidente com vítima;453,7;BR-101/ES;Sul;Saída de Pista;3;0;0;1;0;0;2
26/07/2021;11:52:00;211;Acidente sem vítima;309,6;BR-101/ES;Sul;Engavetamento;3;6;0;0;0;0;1
26/07/2021;12:12:00;220;Acidente sem vítima;270,5;BR-101/ES;Norte;Colisão Lateral;1;4;0;0;0;0;1
26/07/2021;17:55:00;335;Acidente sem vítima;74,9;BR-101/ES;Sul;Colisão Lateral;2;3;0;0;0;0;1
26/07/2021;18:01:00;336;Acidente sem vítima;265,3;BR-101/ES;Sul;Colisão Lateral;1;2;0;0;0;0;1
26/07/2021;19:41:00;347;Acidente com vítima;267,7;BR-101/ES;Norte;Colisão Traseira;2;3;1;0;0;0;1
27/07/2021;12:09:00;227;Acidente sem vítima;240,3;BR-101/ES;Norte;Danos Eventuais;2;1;0;0;0;0;1
27/07/2021;17:33:00;329;Acidente sem vítima;285,5;BR-101/ES;Norte;Colisão Lateral;1;3;0;0;0;0;1
27/07/2021;17:45:00;332;Acidente com vítima;149,8;BR-101/ES;Sul;Colisão Lateral;1;1;1;0;0;0;1
27/07/2021;20:05:00;357;Acidente sem vítima;270;BR-101/ES;Norte;Colisão Lateral;2;2;0;0;0;0;1
28/07/2021;04:13:00;73;Acidente sem vítima;23,5;BR-101/ES;Sul;Colisão Lateral;1;2;0;0;0;0;1
28/07/2021;10:16:00;190;Acidente com vítima;354,2;BR-101/ES;Sul;Colisão Traseira;2;1;1;0;0;0;1
28/07/2021;15:50:00;313;Acidente com vítima;176,2;BR-101/ES;Sul;Colisão Traseira;2;2;0;1;0;0;2