data;horario;n_da_ocorrencia;tipo_de_ocorrencia;km;trecho;sentido;tipo_de_acidente;caminhao;ilesos;levemente_feridos;moderadamente_feridos;gravemente_feridos;mortos;3
28/07/2021;15:55:00;314;Acidente sem vítima;270,8;BR-101/ES;Norte;Colisão Traseira;3;2;0;0;0;0;1
29/07/2021;05:13:00;83;Acidente sem vítima;294;BR-101/ES;Norte;Atropelamento de Equino;1;1;0;0;0;0;1
29/07/2021;18:15:00;332;Acidente sem vítima;289,8;BR-101/ES;Sul;Engavetamento;1;3;0;0;0;0;1
29/07/2021;18:26:00;334;Acidente com vítima;224,2;BR-101/ES;Sul;Engavetamento;4;1;3;0;0;0;1
30/07/2021;07:42:00;112;Acidente com vítima;317;BR-101/ES;Sul;Colisão Traseira;3;1;1;0;0;0;1
30/07/2021;08:19:00;132;Acidente sem vítima;293,6;BR-101/ES;Sul;Colisão Lateral;2;2;0;0;0;0;1
30/07/2021;21:34:00;406;Acidente sem vítima;271;BR-101/ES;Sul;Colisão Lateral;3;2;0;0;0;0;1
30/07/2021;21:48:00;410;Acidente sem vítima;94,2;BR-101/ES;Sul;Colisão Transversal;3;2;0;0;0;0;1
31/07/2021;07:41:00;105;Acidente com vítima;118,3;BR-101/ES;Norte;Colisão Traseira;1;2;0;1;0;0;2
31/07/2021;13:59:00;227;Acidente sem vítima;85,8;BR-101/ES;Norte;Colisão Lateral;1;4;0;0;0;0;1
31/07/2021;15:01:00;241;Acidente com vítima;298,3;BR-101/ES;Norte;Colisão Lateral;2;1;1;1;0;0;2
02/08/2021;09:30:00;145;Acidente com vítima;290,5;BR-101/ES;Sul;Colisão Transversal;1;2;2;1;0;0;2
02/08/2021;13:10:00;241;Acidente com vítima;388,7;BR-101/ES;Norte;Tombamento;3;0;1;0;0;0;1
02/08/2021;16:29:00;302;Acidente sem vítima;149,2;BR-101/ES;Sul;Colisão Traseira;1;2;0;0;0;0;1
02/08/2021;18:05:00;327;Acidente sem vítima;388,9;BR-101/ES;Sul;Colisão Lateral;5;7;0;0;0;0;1
02/08/2021;19:47:00;341;Acidente com vítima;295,5;BR-101/ES;Norte;Colisão Traseira;1;1;0;1;0;0;2
03/08/2021;11:56:00;246;Acidente sem vítima;276,3;BR-101/ES;Sul;Colisão Traseira;2;2;0;0;0;0;1
03/08/2021;13:40:00;286;Acidente sem vítima;398,9;BR-101/ES;Norte;Colisão Traseira;1;3;0;0;0;0;1
04/08/2021;08:07:00;115;Acidente sem vítima;147;BR-101/ES;Norte;Colisão Lateral;1;1;0;0;0;0;1
04/08/2021;09:19:00;148;Acidente sem vítima;66;BR-101/ES;Sul;Colisão Lateral;2;6;0;0;0;0;1
04/08/2021;14:05:00;255;Acidente sem vítima;120,5;BR-101/ES;Norte;Colisão Traseira;2;2;0;0;0;0;1
04/08/2021;14:07:00;256;Acidente com vítima;269,8;BR-101/ES;Norte;Choque com Veículo Estacionado;2;1;1;0;0;0;1
04/08/2021;14:53:00;270;Acidente sem vítima;67;BR-101/ES;Sul;Colisão Lateral;1;1;0;0;0;0;1
05/08/2021;06:56:00;107;Acidente sem vítima;294,9;BR-101/ES;Norte;Colisão Traseira;1;2;0;0;0;0;1
05/08/2021;10:15:00;178;Acidente sem vítima;293,6;BR-101/ES;Norte;Saída de Pista;1;1;0;0;0;0;1
05/08/2021;13:08:00;246;Acidente sem vítima;269,6;BR-101/ES;Sul;Colisão Traseira;3;2;0;0;0;0;1
05/08/2021;19:55:00;333;Acidente com vítima;65;BR-101/ES;Sul;Colisão com ciclista;2;1;0;1;0;0;2
06/08/2021;01:55:00;60;Acidente sem vítima;412,8;BR-101/ES;Sul;Atropelamento de Bovino;1;1;0;0;0;0;1
06/08/2021;04:51:00;88;Acidente com vítima;387,7;BR-101/ES;Norte;Colisão Lateral;2;2;2;4;0;0;2
06/08/2021;14:04:00;277;Acidente sem vítima;266,1;BR-101/ES;Sul;Engavetamento;4;3;0;0;0;0;1
07/08/2021;00:33:00;7;Acidente com morte;272,4;BR-101/ES;Norte;Colisão Frontal;1;2;0;0;0;1;3
07/08/2021;11:44:00;188;Acidente sem vítima;270,5;BR-101/ES;Sul;Colisão Traseira;1;2;0;0;0;0;1
08/08/2021;07:21:00;86;Acidente sem vítima;383,5;BR-101/ES;Norte;Saída de Pista;1;1;0;0;0;0;1
08/08/2021;19:15:00;265;Acidente com vítima;261;BR-101/ES;Sul;Colisão Traseira;1;10;5;0;0;0;1
09/08/2021;07:56:00;125;Acidente sem vítima;288,3;BR-101/ES;Sul;Colisão Transversal;2;2;0;0;0;0;1
09/08/2021;15:01:00;263;Acidente com vítima;259,4;BR-101/ES;Norte;Tombamento;2;0;1;0;0;0;1
09/08/2021;18:23:00;309;Acidente sem vítima;258;BR-101/ES;Sul;Engavetamento;1;4;0;0;0;0;1
10/08/2021;18:28:00;351;Acidente com vítima;117,1;BR-101/ES;Sul;Colisão Traseira;1;1;0;1;0;0;2
10/08/2021;18:50:00;357;Acidente sem vítima;116,8;BR-101/ES;Norte;Colisão Traseira;2;2;0;0;0;0;1
11/08/2021;07:07:00;108;Acidente sem vítima;267;BR-101/ES;Norte;Colisão Lateral;2;2;0;0;0;0;1
11/08/2021;07:37:00;113;Acidente sem vítima;390;BR-101/ES;Sul;Engavetamento;3;26;0;0;0;0;1
11/08/2021;14:43:00;276;Atropelamento sem morte;231;BR-101/ES;Sul;Atropelamento e Fuga;1;1;0;1;0;0;2
12/08/2021;07:16:00;105;Acidente sem vítima;266,5;BR-101/ES;Sul;Colisão Lateral;2;3;0;0;0;0;1
12/08/2021;18:27:00;313;Acidente com vítima;345;BR-101/ES;Sul;Engavetamento;3;6;2;0;0;0;1
13/08/2021;07:55:00;97;Acidente sem vítima;297,2;BR-101/ES;Norte;Colisão Traseira;1;1;0;0;0;0;1
13/08/2021;18:23:00;314;Acidente sem vítima;366;BR-101/ES;Sul;Colisão Transversal;2;2;0;0;0;0;1
13/08/2021;20:18:00;342;Acidente com vítima;279;BR-101/ES;Sul;Colisão Traseira;2;2;0;1;0;0;2
14/08/2021;07:20:00;98;Acidente sem vítima;169;BR-101/ES;Norte;Choque;1;1;0;0;0;0;1
14/08/2021;07:26:00;99;Acidente sem vítima;266,7;BR-101/ES;Norte;Colisão Lateral;2;2;0;0;0;0;1
14/08/2021;11:02:00;190;Acidente sem vítima;58;BR-101/ES;Sul;Colisão Traseira;1;1;0;0;0;0;1
14/08/2021;11:54:00;206;Acidente sem vítima;264,2;BR-101/ES;Sul;Colisão Traseira;1;3;0;0;0;0;1
15/08/2021;01:25:00;21;Acidente sem vítima;63;BR-101/ES;Norte;Atropelamento de Equino;1;1;0;0;0;0;1
15/08/2021;14:31:00;206;Acidente com vítima;426;BR-101/ES;Norte;Colisão Lateral;2;1;0;0;1;0;2
15/08/2021;15:03:00;209;Acidente sem vítima;425,9;BR-101/ES;Norte;Choque;2;1;0;0;0;0;1
15/08/2021;21:47:00;299;Acidente com vítima;302;BR-101/ES;Norte;Colisão Traseira;2;1;0;1;0;0;2
16/08/2021;22:32:00;347;Acidente sem vítima;30,3;BR-101/ES;Sul;Tombamento;3;1;0;0;0;0;1
16/08/2021;22:36:00;355;Acidente sem vítima;291;BR-101/ES;Sul;Saída de Pista;1;1;0;0;0;0;1
17/08/2021;08:20:00;117;Acidente sem vítima;270,7;BR-101/ES;Sul;Colisão Traseira;3;2;0;0;0;0;1
17/08/2021;11:46:00;206;Acidente sem vítima;288;BR-101/ES;Norte;Colisão Lateral;2;2;0;0;0;0;1
18/08/2021;00:29:00;11;Acidente com vítima;424,6;BR-101/ES;Norte;Choque com Objeto Fixo;1;0;0;0;1;0;2
18/08/2021;02:18:00;31;Acidente sem vítima;299;BR-101/ES;Sul;Choque;2;2;0;0;0;0;1
18/08/2021;09:58:00;151;Acidente sem vítima;267,5;BR-101/ES;Norte;Colisão Transversal;1;2;0;0;0;0;1
18/08/2021;12:46:00;232;Acidente sem vítima;297;BR-101/ES;Sul;Colisão Lateral;1;2;0;0;0;0;1
18/08/2021;14:15:00;266;Acidente com vítima;144;BR-101/ES;Norte;Colisão Transversal;3;1;1;0;0;0;1
18/08/2021;22:39:00;385;Acidente sem vítima;266;BR-101/ES;Sul;Colisão Traseira;2;2;0;0;0;0;1
19/08/2021;04:26:00;48;Acidente com vítima;131,99;BR-101/ES;Sul;Colisão Frontal;2;0;1;1;1;0;2
19/08/2021;05:07:00;55;Acidente com vítima;253,7;BR-101/ES;Sul;Colisão Lateral;2;2;0;1;0;0;2
19/08/2021;05:29:00;57;Acidente sem vítima;268;BR-101/ES;Sul;Colisão Traseira;1;1;0;0;0;0;1
19/08/2021;05:40:00;71;Acidente sem vítima;332,4;BR-101/ES;Sul;Saída de Pista;2;1;0;0;0;0;1
19/08/2021;07:11:00;90;Acidente com vítima;277,8;BR-101/ES;Norte;Colisão Transversal;2;1;0;0;1;0;2
19/08/2021;08:12:00;104;Acidente sem vítima;270;BR-101/ES;Sul;Colisão Traseira;1;2;0;0;0;0;1
19/08/2021;13:43:00;241;Acidente com vítima;450,1;BR-101/ES;Norte;Tombamento;2;0;1;0;0;0;1
20/08/2021;08:51:00;115;Acidente sem vítima;68,4;BR-101/ES;Norte;Colisão Transversal;2;2;0;0;0;0;1
20/08/2021;11:49:00;175;Acidente com vítima;145,5;BR-101/ES;Norte;Colisão Lateral;1;1;1;0;0;0;1
21/08/2021;10:36:00;157;Acidente com vítima;268,9;BR-101/ES;Norte;Colisão com ciclista;1;1;0;1;0;0;2
21/08/2021;12:57:00;224;Acidente sem vítima;297;BR-101/ES;Sul;Colisão Traseira;1;3;0;0;0;0;1
21/08/2021;15:43:00;279;Acidente sem vítima;152,2;BR-101/ES;Norte;Veículo em Chamas;4;1;0;0;0;0;1
23/08/2021;08:43:00;113;Acidente sem vítima;268;BR-101/ES;Sul;Colisão Traseira;1;3;0;0;0;0;1
23/08/2021;13:39:00;243;Acidente sem vítima;32,4;BR-101/ES;Sul;Saída de Pista;1;1;0;0;0;0;1
24/08/2021;08:21:00;131;Acidente sem vítima;285,6;BR-101/ES;Norte;Colisão Lateral;2;4;0;0;0;0;1
24/08/2021;19:25:00;335;Acidente sem vítima;263;BR-101/ES;Norte;Choque com Objeto Fixo;1;2;0;0;0;0;1
25/08/2021;19:11:00;321;Acidente sem vítima;457,7;BR-101/ES;Sul;Colisão Lateral;1;5;0;0;0;0;1
25/08/2021;20:09:00;331;Acidente sem vítima;171;BR-101/ES;Sul;Danos Eventuais;1;1;0;0;0;0;1
26/08/2021;00:01:00;1;Acidente sem vítima;321;BR-101/ES;Norte;Choque com Objeto Fixo;1;1;0;0;0;0;1
26/08/2021;01:28:00;12;Acidente sem vítima;171;BR-101/ES;Sul;Colisão Traseira;1;2;0;0;0;0;1
26/08/2021;07:29:00;113;Acidente sem vítima;264;BR-101/ES;Sul;Colisão Transversal;2;2;0;0;0;0;1
26/08/2021;09:22:00;159;Acidente com vítima;5;BR-101/ES;Sul;Colisão Traseira;2;5;1;0;0;0;1
26/08/2021;22:10:00;400;Acidente com vítima;294;BR-101/ES;Sul;Tombamento;1;0;0;1;0;0;2
27/08/2021;13:00:00;254;Acidente sem vítima;244;BR-101/ES;Sul;Saída de Pista;2;1;0;0;0;0;1
27/08/2021;16:12:00;323;Acidente sem vítima;149;BR-101/ES;Norte;Choque com Objeto Fixo;1;1;0;0;0;0;1
27/08/2021;18:42:00;375;Acidente sem vítima;151;BR-101/ES;Sul;Colisão Traseira;1;2;0;0;0;0;1
28/08/2021;01:58:00;31;Acidente sem vítima;6,5;BR-101/ES;Norte;Choque com Objeto Fixo;2;1;0;0;0;0;1
28/08/2021;04:14:00;44;Acidente sem vítima;311;BR-101/ES;Norte;Colisão Lateral;2;2;0;0;0;0;1
28/08/2021;08:05:00;91;Acidente sem vítima;289,3;BR-101/ES;Sul;Colisão Lateral;1;2;0;0;0;0;1
28/08/2021;14:28:00;227;Acidente com vítima;287,4;BR-101/ES;Sul;Colisão Lateral;1;1;0;1;1;0;2
29/08/2021;09:08:00;114;Acidente com vítima;388,6;BR-101/ES;Sul;Tombamento;2;0;1;0;0;0;1
30/08/2021;07:50:00;101;Acidente sem vítima;285;BR-101/ES;Sul;Veículo em Chamas;1;1;0;0;0;0;1
30/08/2021;16:49:00;301;Acidente sem vítima;396;BR-101/ES;Norte;Tombamento;2;1;0;0;0;0;1
30/08/2021;17:45:00;319;Acidente sem vítima;291;BR-101/ES;Sul;Colisão Transversal;5;2;0;0;0;0;1
31/08/2021;11:30:00;209;Acidente sem vítima;264;BR-101/ES;Norte;Colisão Traseira;2;4;0;0;0;0;1
31/08/2021;13:14:00;247;Acidente com vítima;443,6;BR-101/ES;Norte;Saída de Pista;1;1;1;0;0;0;1
31/08/2021;15:11:00;286;Acidente sem vítima;276;BR-101/ES;Sul;Choque;1;1;0;0;0;0;1
31/08/2021;17:09:00;327;Acidente sem vítima;298;BR-101/ES;Norte;Colisão Traseira;1;4;0;0;0;0;1
01/09/2021;06:11:00;88;Acidente sem vítima;265,9;BR-101/ES;Norte;Colisão Traseira;1;1;0;0;0;0;1
01/09/2021;06:33:00;91;Acidente com vítima;268,7;BR-101/ES;Norte;Queda de Moto;2;1;0;1;0;0;2
01/09/2021;15:01:00;275;Acidente sem vítima;270,4;BR-101/ES;Sul;Colisão Traseira;3;1;0;0;0;0;1
01/09/2021;22:56:00;371;Acidente com vítima;421;BR-101/ES;Sul;Tombamento;1;0;1;0;0;0;1
02/09/2021;06:44:00;81;Acidente sem vítima;220,2;BR-101/ES;Sul;Colisão Traseira;1;2;0;0;0;0;1
02/09/2021;08:19:00;99;Acidente sem vítima;254,1;BR-101/ES;Sul;Engavetamento;5;4;0;0;0;0;1
02/09/2021;09:15:00;114;Acidente sem vítima;414;BR-101/ES;Norte;Colisão Traseira;2;1;0;0;0;0;1
03/09/2021;08:21:00;107;Acidente sem vítima;292,1;BR-101/ES;Norte;Colisão Traseira;3;2;0;0;0;0;1
03/09/2021;10:10:00;151;Acidente sem vítima;942;BR-101/BA;Sul;Colisão Lateral;4;2;0;0;0;0;1
03/09/2021;12:46:00;232;Acidente com vítima;370;BR-101/ES;Sul;Colisão Transversal;2;1;1;0;0;0;1
03/09/2021;13:24:00;246;Acidente sem vítima;66,1;BR-101/ES;Sul;Colisão Traseira;4;2;0;0;0;0;1
03/09/2021;17:30:00;323;Acidente com vítima;258;BR-101/ES;Norte;Colisão Lateral;1;0;1;0;0;0;1
04/09/2021;00:39:00;8;Acidente com morte;93,7;BR-101/ES;Norte;Colisão Frontal;2;1;0;0;0;1;3
04/09/2021;09:07:00;132;Acidente com vítima;414,2;BR-101/ES;Norte;Tombamento;2;0;1;0;0;0;1
04/09/2021;10:49:00;177;Acidente sem vítima;457;BR-101/ES;Sul;Colisão Transversal;2;4;0;0;0;0;1
06/09/2021;07:34:00;102;Acidente sem vítima;270,46;BR-101/ES;Norte;Colisão Lateral;2;3;0;0;0;0;1
06/09/2021;11:02:00;174;Acidente sem vítima;260,3;BR-101/ES;Sul;Colisão Lateral;3;3;0;0;0;0;1
06/09/2021;17:24:00;302;Acidente sem vítima;290,5;BR-101/ES;Norte;Colisão Lateral;2;2;0;0;0;0;1
07/09/2021;04:28:00;62;Acidente com vítima;360,9;BR-101/ES;Norte;Saída de Pista;1;0;0;0;1;0;2
08/09/2021;21:25:00;324;Acidente sem vítima;270;BR-101/ES;Norte;Colisão Lateral;1;2;0;0;0;0;1
10/09/2021;14:16:00;242;Acidente sem vítima;185,7;BR-101/ES;Sul;Colisão Traseira;3;2;0;0;0;0;1
12/09/2021;01:15:00;15;Acidente sem vítima;269,7;BR-101/ES;Norte;Colisão Transversal;2;4;0;0;0;0;1
12/09/2021;19:29:00;332;Acidente sem vítima;395;BR-101/ES;Sul;Queda de Moto;1;2;0;0;0;0;1
13/09/2021;17:10:00;320;Acidente sem vítima;214,1;BR-101/ES;Sul;Colisão Lateral;1;1;0;0;0;0;1
14/09/2021;05:07:00;67;Acidente sem vítima;321,5;BR-101/ES;Norte;Atropelamento de Bovino;1;1;0;0;0;0;1
14/09/2021;06:52:00;79;Acidente com vítima;235;BR-101/ES;Norte;Choque;1;1;2;0;0;0;1
14/09/2021;07:21:00;89;Acidente sem vítima;358,1;BR-101/ES;Sul;Colisão Lateral;3;2;0;0;0;0;1
14/09/2021;13:02:00;225;Acidente sem vítima;266,3;BR-101/ES;Sul;Colisão Lateral;2;2;0;0;0;0;1
14/09/2021;18:16:00;303;Acidente sem vítima;96;BR-101/ES;Norte;Atropelamento Animal;1;2;0;0;0;0;1
15/09/2021;09:23:00;164;Acidente sem vítima;131;BR-101/ES;Sul;Colisão Lateral;3;3;0;0;0;0;1
15/09/2021;13:27:00;275;Acidente sem vítima;452;BR-101/ES;Norte;Colisão Traseira;1;5;0;0;0;0;1
15/09/2021;13:40:00;280;Acidente sem vítima;347;BR-101/ES;Norte;Colisão Traseira;3;3;0;0;0;0;1
15/09/2021;13:46:00;282;Acidente sem vítima;335,5;BR-101/ES;Norte;Colisão Lateral;2;4;0;0;0;0;1
16/09/2021;09:50:00;170;Acidente com vítima;251;BR-101/ES;Sul;Engavetamento;1;6;0;1;0;0;2
16/09/2021;13:46:00;272;Acidente com vítima;150,5;BR-101/ES;Sul;Colisão Transversal;1;1;0;1;0;0;2
17/09/2021;07:11:00;104;Acidente com morte;177,1;BR-101/ES;Sul;Colisão Frontal;2;0;1;0;0;2;3
17/09/2021;09:05:00;151;Acidente com vítima;293,7;BR-101/ES;Norte;Engavetamento;1;2;1;0;0;0;1
18/09/2021;04:32:00;67;Acidente com vítima;30,1;BR-101/ES;Sul;Colisão Traseira;2;1;3;1;0;0;2
18/09/2021;06:09:00;83;Acidente sem vítima;118;BR-101/ES;Norte;Colisão Lateral;1;3;0;0;0;0;1
18/09/2021;07:58:00;113;Acidente sem vítima;401,1;BR-101/ES;Sul;Colisão Traseira;2;2;0;0;0;0;1
18/09/2021;20:27:00;317;Acidente com vítima;76,8;BR-101/ES;Sul;Saída de Pista;1;0;0;0;1;0;2
19/09/2021;00:12:00;10;Acidente sem vítima;260;BR-101/ES;Sul;Colisão Traseira;1;2;0;0;0;0;1
19/09/2021;21:57:00;350;Acidente com morte;411,1;BR-101/ES;Norte;Colisão com ciclista;1;1;0;1;1;2;3
20/09/2021;07:18:00;103;Acidente com vítima;147,9;BR-101/ES;Sul;Colisão com ciclista;4;1;1;0;0;0;1
20/09/2021;12:00:00;224;Acidente sem vítima;276;BR-101/ES;Norte;Veículo em Chamas;3;1;0;0;0;0;1
20/09/2021;15:52:00;290;Acidente com vítima;270,4;BR-101/ES;Norte;Colisão Transversal;2;1;0;1;0;0;2
20/09/2021;23:58:00;413;Acidente com vítima;230;BR-101/ES;Sul;Queda de Moto;1;1;2;0;0;0;1
21/09/2021;07:09:00;82;Acidente sem vítima;110,5;BR-101/ES;Sul;Colisão Traseira;1;2;0;0;0;0;1
21/09/2021;08:27:00;110;Acidente sem vítima;295;BR-101/ES;Sul;Colisão Lateral;1;2;0;0;0;0;1
22/09/2021;02:14:00;51;Acidente sem vítima;6;BR-101/ES;Norte;Choque com Objeto Fixo;3;1;0;0;0;0;1
22/09/2021;05:07:00;76;Acidente sem vítima;394,4;BR-101/ES;Sul;Tombamento;2;1;0;0;0;0;1
22/09/2021;20:50:00;314;Acidente sem vítima;354;BR-101/ES;Norte;Saída de Pista;1;1;0;0;0;0;1
22/09/2021;22:06:00;327;Acidente sem vítima;388,4;BR-101/ES;Norte;Tombamento;2;1;0;0;0;0;1
23/09/2021;03:36:00;38;Atropelamento com morte;299,6;BR-101/ES;Norte;Atropelamento e Fuga;1;1;0;0;0;1;3
23/09/2021;12:55:00;214;Acidente sem vítima;295,1;BR-101/ES;Norte;Colisão Traseira;1;2;0;0;0;0;1
23/09/2021;19:13:00;318;Acidente com vítima;389,2;BR-101/ES;Sul;Colisão Traseira;5;6;0;1;0;0;2
24/09/2021;07:38:00;88;Acidente sem vítima;270;BR-101/ES;Norte;Colisão Lateral;2;2;0;0;0;0;1
24/09/2021;10:12:00;151;Acidente sem vítima;262,6;BR-101/ES;Norte;Colisão Lateral;3;3;0;0;0;0;1
24/09/2021;14:05:00;255;Acidente sem vítima;294,9;BR-101/ES;Sul;Colisão Lateral;2;3;0;0;0;0;1
24/09/2021;15:17:00;279;Acidente sem vítima;947,2;BR-101/BA;Sul;Tombamento;3;1;0;0;0;0;1
24/09/2021;19:40:00;365;Acidente sem vítima;241;BR-101/ES;Sul;Colisão Traseira;1;4;0;0;0;0;1
24/09/2021;20:41:00;383;Acidente sem vítima;296,1;BR-101/ES;Sul;Colisão Lateral;2;2;0;0;0;0;1
26/09/2021;02:06:00;32;Acidente sem vítima;393,6;BR-101/ES;Norte;Colisão Transversal;2;2;0;0;0;0;1
26/09/2021;16:32:00;218;Acidente sem vítima;337,9;BR-101/ES;Norte;Saída de Pista;2;1;0;0;0;0;1
27/09/2021;09:06:00;113;Acidente sem vítima;264,4;BR-101/ES;Norte;Colisão Lateral;1;2;0;0;0;0;1
27/09/2021;09:22:00;120;Acidente sem vítima;268;BR-101/ES;Sul;Colisão Lateral;1;1;0;0;0;0;1
27/09/2021;10:59:00;170;Acidente sem vítima;269;BR-101/ES;Norte;Colisão Traseira;2;2;0;0;0;0;1
27/09/2021;13:23:00;238;Acidente sem vítima;257,3;BR-101/ES;Norte;Colisão Lateral;1;2;0;0;0;0;1
27/09/2021;16:10:00;290;Acidente sem vítima;204,3;BR-101/ES;Norte;Colisão Lateral;1;3;0;0;0;0;1
27/09/2021;16:19:00;294;Acidente sem vítima;158,7;BR-101/ES;Norte;Colisão Traseira;2;2;0;0;0;0;1
27/09/2021;19:30:00;343;Acidente com vítima;408;BR-101/ES;Sul;Tombamento;2;0;0;0;1;0;2
27/09/2021;22:56:00;384;Acidente com vítima;256,8;BR-101/ES;Sul;Colisão Lateral;1;3;1;0;0;0;1
27/09/2021;23:00:00;387;Acidente sem vítima;149,5;BR-101/ES;Sul;Choque com Objeto Fixo;2;1;0;0;0;0;1
28/09/2021;02:46:00;46;Acidente sem vítima;443,4;BR-101/ES;Norte;Tombamento;2;1;0;0;0;0;1
28/09/2021;14:11:00;241;Acidente com vítima;419,5;BR-101/ES;Norte;Colisão Lateral;4;1;0;1;0;0;2
28/09/2021;15:29:00;267;Acidente sem vítima;419,5;BR-101/ES;Norte;Choque;2;1;0;0;0;0;1
28/09/2021;19:15:00;320;Acidente sem vítima;218,8;BR-101/ES;Sul;Colisão Traseira;3;4;0;0;0;0;1
29/09/2021;22:06:00;329;Acidente sem vítima;262;BR-101/ES;Norte;Colisão Lateral;2;3;0;0;0;0;1
30/09/2021;02:22:00;46;Acidente sem vítima;79,5;BR-101/ES;Norte;Atropelamento de Bovino;1;1;0;0;0;0;1
30/09/2021;06:05:00;86;Acidente sem vítima;223,5;BR-101/ES;Sul;Colisão Traseira;2;2;0;0;0;0;1
30/09/2021;08:09:00;107;Acidente com vítima;459,7;BR-101/ES;Sul;Tombamento;2;0;1;0;0;0;1
30/09/2021;10:12:00;146;Acidente sem vítima;267,8;BR-101/ES;Sul;Colisão Lateral;1;2;0;0;0;0;1
01/10/2021;08:17:00;108;Acidente com vítima;138,8;BR-101/ES;Sul;Colisão Lateral;1;1;2;0;0;0;1
01/10/2021;16:02:00;293;Acidente com vítima;110,3;BR-101/ES;Norte;Colisão Traseira;2;1;1;0;0;0;1
01/10/2021;18:32:00;339;Acidente sem vítima;303;BR-101/ES;Sul;Choque;1;3;0;0;0;0;1
02/10/2021;09:06:00;144;Acidente com vítima;143,2;BR-101/ES;Sul;Colisão Lateral;1;2;2;1;0;0;2
04/10/2021;06:30:00;84;Acidente sem vítima;244;BR-101/ES;Norte;Colisão Lateral;2;2;0;0;0;0;1
04/10/2021;16:57:00;274;Acidente sem vítima;296,8;BR-101/ES;Sul;Tombamento;1;1;0;0;0;0;1
04/10/2021;17:09:00;278;Acidente sem vítima;302;BR-101/ES;Norte;Colisão Lateral;1;1;0;0;0;0;1
04/10/2021;19:57:00;314;Acidente com vítima;458;BR-101/ES;Norte;Colisão Transversal;2;0;2;0;0;0;1
04/10/2021;22:09:00;341;Acidente sem vítima;292;BR-101/ES;Norte;Danos Eventuais;1;1;0;0;0;0;1
05/10/2021;08:06:00;130;Acidente com morte;63,3;BR-101/ES;Norte;Colisão Lateral;1;0;1;0;0;1;3
05/10/2021;08:22:00;139;Acidente sem vítima;296,8;BR-101/ES;Norte;Colisão Traseira;2;2;0;0;0;0;1
05/10/2021;08:33:00;142;Acidente sem vítima;354,8;BR-101/ES;Norte;Colisão Transversal;2;2;0;0;0;0;1
05/10/2021;23:30:00;385;Acidente sem vítima;443;BR-101/ES;Sul;Saída de Pista;1;1;0;0;0;0;1
06/10/2021;02:37:00;29;Acidente com vítima;316,2;BR-101/ES;Sul;Choque com Objeto Fixo;2;0;1;0;0;0;1
06/10/2021;04:46:00;46;Acidente com vítima;215,4;BR-101/ES;Sul;Tombamento;1;2;1;0;0;0;1
06/10/2021;11:45:00;184;Acidente sem vítima;174,8;BR-101/ES;Sul;Colisão Lateral;3;2;0;0;0;0;1
06/10/2021;18:13:00;314;Atropelamento com morte;204,4;BR-101/ES;Norte;Atropelamento;1;2;0;0;0;1;3
07/10/2021;08:26:00;114;Acidente sem vítima;147,5;BR-101/ES;Sul;Colisão Traseira;2;2;0;0;0;0;1
07/10/2021;15:04:00;269;Acidente com vítima;335,7;BR-101/ES;Norte;Colisão Traseira;2;1;0;1;0;0;2
07/10/2021;21:47:00;368;Acidente sem vítima;251;BR-101/ES;Norte;Choque;1;1;0;0;0;0;1
08/10/2021;03:41:00;68;Acidente com vítima;322,5;BR-101/ES;Norte;Saída de Pista;1;1;1;0;0;0;1
08/10/2021;08:16:00;112;Acidente sem vítima;269,7;BR-101/ES;Sul;Colisão Transversal;1;2;0;0;0;0;1
08/10/2021;09:22:00;130;Acidente sem vítima;266,3;BR-101/ES;Norte;Colisão Transversal;1;2;0;0;0;0;1
08/10/2021;13:37:00;229;Acidente sem vítima;149;BR-101/ES;Sul;Colisão Lateral;2;2;0;0;0;0;1
08/10/2021;20:34:00;344;Acidente sem vítima;269;BR-101/ES;Sul;Colisão Traseira;3;2;0;0;0;0;1
09/10/2021;09:35:00;129;Acidente com vítima;176,7;BR-101/ES;Norte;Colisão Traseira;2;1;1;0;0;0;1
09/10/2021;15:59:00;272;Acidente sem vítima;293,6;BR-101/ES;Norte;Colisão Lateral;1;2;0;0;0;0;1
09/10/2021;19:38:00;327;Acidente sem vítima;425;BR-101/ES;Sul;Colisão Traseira;2;2;0;0;0;0;1
09/10/2021;23:23:00;366;Acidente sem vítima;184,2;BR-101/ES;Norte;Colisão Traseira;1;3;0;0;0;0;1
10/10/2021;16:12:00;224;Acidente com vítima;241;BR-101/ES;Sul;Colisão Transversal;3;5;0;3;0;0;2
10/10/2021;20:17:00;265;Acidente com vítima;372,7;BR-101/ES;Norte;Colisão Traseira;1;3;3;0;0;0;1
11/10/2021;06:33:00;77;Acidente sem vítima;221;BR-101/ES;Sul;Colisão Traseira;1;1;0;0;0;0;1
11/10/2021;08:06:00;100;Acidente sem vítima;333,6;BR-101/ES;Norte;Colisão Lateral;3;3;0;0;0;0;1
11/10/2021;11:15:00;149;Acidente com vítima;370;BR-101/ES;Sul;Choque;1;2;0;1;0;0;2
11/10/2021;20:24:00;324;Acidente sem vítima;208;BR-101/ES;Sul;Choque;1;2;0;0;0;0;1