data;horario;n_da_ocorrencia;tipo_de_ocorrencia;km;trecho;sentido;tipo_de_acidente;caminhao;ilesos;levemente_feridos;moderadamente_feridos;gravemente_feridos;mortos;3
13/10/2021;06:16:00;90;Acidente com morte;228,3;BR-101/ES;Norte;Saída de Pista;2;0;0;0;0;1;3
13/10/2021;07:21:00;101;Acidente sem vítima;299,1;BR-101/ES;Norte;Colisão Transversal;2;2;0;0;0;0;1
13/10/2021;10:42:00;175;Acidente sem vítima;381,1;BR-101/ES;Sul;Colisão Traseira;1;2;0;0;0;0;1
14/10/2021;08:18:00;127;Acidente com vítima;129,7;BR-101/ES;Sul;Colisão Lateral;2;3;2;0;0;0;1
14/10/2021;08:21:00;128;Acidente sem vítima;295;BR-101/ES;Sul;Colisão Lateral;3;2;0;0;0;0;1
14/10/2021;11:20:00;198;Acidente sem vítima;270,5;BR-101/ES;Sul;Engavetamento;1;3;0;0;0;0;1
14/10/2021;13:05:00;238;Acidente sem vítima;332;BR-101/ES;Norte;Choque;1;1;0;0;0;0;1
15/10/2021;16:04:00;312;Acidente sem vítima;365;BR-101/ES;Sul;Colisão Lateral;1;2;0;0;0;0;1
15/10/2021;16:06:00;313;Acidente com vítima;292,9;BR-101/ES;Sul;Colisão Traseira;2;1;0;0;1;0;2
15/10/2021;20:21:00;372;Acidente com morte;184;BR-101/ES;Sul;Colisão com ciclista;1;2;0;0;0;2;3
18/10/2021;14:09:00;229;Acidente com vítima;213,3;BR-101/ES;Norte;Colisão Lateral;1;1;2;1;0;0;2
18/10/2021;19:10:00;312;Acidente com vítima;287;BR-101/ES;Sul;Colisão Traseira;1;2;0;1;0;0;2
19/10/2021;08:30:00;99;Acidente sem vítima;279;BR-101/ES;Norte;Colisão Traseira;2;1;0;0;0;0;1
19/10/2021;10:32:00;144;Acidente sem vítima;394,9;BR-101/ES;Sul;Colisão Lateral;2;2;0;0;0;0;1
20/10/2021;10:13:00;145;Acidente sem vítima;169,2;BR-101/ES;Norte;Colisão Traseira;1;5;0;0;0;0;1
20/10/2021;11:42:00;186;Acidente sem vítima;399,8;BR-101/ES;Norte;Danos Eventuais;2;1;0;0;0;0;1
20/10/2021;15:17:00;240;Acidente com vítima;204,8;BR-101/ES;Sul;Colisão Transversal;1;4;1;0;0;0;1
20/10/2021;18:37:00;293;Acidente sem vítima;214;BR-101/ES;Sul;Choque;2;1;0;0;0;0;1
20/10/2021;19:38:00;303;Acidente sem vítima;255;BR-101/ES;Sul;Colisão Traseira;2;3;0;0;0;0;1
20/10/2021;21:36:00;322;Atropelamento sem morte;299;BR-101/ES;Sul;Atropelamento;2;1;0;1;0;0;2
21/10/2021;10:15:00;175;Acidente sem vítima;387,9;BR-101/ES;Norte;Choque;2;1;0;0;0;0;1
21/10/2021;14:16:00;289;Acidente sem vítima;271,8;BR-101/ES;Norte;Colisão Traseira;1;2;0;0;0;0;1
22/10/2021;15:29:00;278;Acidente sem vítima;288;BR-101/ES;Sul;Colisão Lateral;4;2;0;0;0;0;1
22/10/2021;19:36:00;343;Acidente sem vítima;73;BR-101/ES;Sul;Colisão Lateral;2;2;0;0;0;0;1
24/10/2021;07:32:00;86;Acidente com vítima;371,8;BR-101/ES;Sul;Colisão Frontal;2;4;0;0;1;0;2
24/10/2021;13:58:00;214;Acidente sem vítima;426,9;BR-101/ES;Sul;Tombamento;2;1;0;0;0;0;1
24/10/2021;20:36:00;289;Acidente sem vítima;267;BR-101/ES;Norte;Choque com Objeto Fixo;1;1;0;0;0;0;1
24/10/2021;21:48:00;303;Acidente sem vítima;123;BR-101/ES;Sul;Choque com Veículo Estacionado;1;5;0;0;0;0;1
25/10/2021;07:09:00;120;Acidente sem vítima;144;BR-101/ES;Norte;Colisão Traseira;1;2;0;0;0;0;1
26/10/2021;07:09:00;104;Acidente sem vítima;8;BR-101/ES;Norte;Choque;1;1;0;0;0;0;1
26/10/2021;15:07:00;299;Acidente com vítima;391;BR-101/ES;Norte;Colisão Traseira;6;1;3;0;0;0;1
28/10/2021;11:03:00;165;Acidente sem vítima;190,1;BR-101/ES;Norte;Choque;1;1;0;0;0;0;1
28/10/2021;13:00:00;203;Acidente sem vítima;271,8;BR-101/ES;Norte;Colisão Lateral;1;1;0;0;0;0;1
28/10/2021;22:25:00;346;Acidente sem vítima;292;BR-101/ES;Sul;Veículo em Chamas;1;1;0;0;0;0;1
29/10/2021;00:14:00;1;Acidente sem vítima;176;BR-101/ES;Norte;Colisão Traseira;2;2;0;0;0;0;1
29/10/2021;08:49:00;141;Acidente sem vítima;414;BR-101/ES;Norte;Colisão Lateral;1;2;0;0;0;0;1
29/10/2021;09:18:00;151;Acidente sem vítima;291,7;BR-101/ES;Norte;Colisão Lateral;2;2;0;0;0;0;1
29/10/2021;11:09:00;208;Acidente com vítima;270,4;BR-101/ES;Norte;Colisão Traseira;1;3;0;1;0;0;2
29/10/2021;13:22:00;270;Acidente sem vítima;441;BR-101/ES;Sul;Engavetamento;4;3;0;0;0;0;1
29/10/2021;15:23:00;314;Atropelamento sem morte;240,9;BR-101/ES;Sul;Atropelamento;1;5;1;0;0;0;1
29/10/2021;16:05:00;332;Acidente com vítima;293,3;BR-101/ES;Norte;Colisão com ciclista;1;1;0;1;0;0;2
30/10/2021;11:03:00;150;Acidente com vítima;357,3;BR-101/ES;Norte;Colisão Frontal;1;1;4;0;0;0;1
30/10/2021;12:19:00;194;Acidente sem vítima;304,4;BR-101/ES;Sul;Colisão Traseira;2;1;0;0;0;0;1
31/10/2021;19:02:00;272;Acidente com vítima;31;BR-101/ES;Norte;Colisão Frontal;2;1;0;0;2;0;2
02/11/2021;01:50:00;35;Sem vítima;293,000;BR-101/ES;Crescente;Saída de pista;1;0;0;0;0;0;1
02/11/2021;22:12:00;369;Sem vítima;118,000;BR-101/ES;Decrescente;Colisão lateral no mesmo sentido;1;3;0;0;0;0;1
03/11/2021;07:23:00;86;Sem vítima;143,500;BR-101/ES;Decrescente;Colisão traseira;1;2;0;0;0;0;1
03/11/2021;11:45:00;197;Sem vítima;266,300;BR-101/ES;Decrescente;Colisão traseira;2;2;0;0;0;0;1
03/11/2021;16:08:00;281;Com vítima;267,700;BR-101/ES;Decrescente;Colisão lateral no mesmo sentido;2;1;1;0;0;0;1
03/11/2021;18:43:00;321;Com vítima;87,800;BR-101/ES;Crescente;Colisão lateral no mesmo sentido;1;1;3;0;1;0;2
04/11/2021;06:37:00;80;Com vítima;270,400;BR-101/ES;Decrescente;Colisão lateral no mesmo sentido;2;2;0;1;0;0;2
04/11/2021;08:58:00;127;Sem vítima;265,750;BR-101/ES;Crescente;Colisão traseira;2;2;0;0;0;0;1
04/11/2021;09:02:00;132;Sem vítima;292,000;BR-101/ES;Decrescente;Colisão lateral no mesmo sentido;1;2;0;0;0;0;1
04/11/2021;20:57:00;354;Sem vítima;31,000;BR-101/ES;Decrescente;Colisão traseira;3;0;0;0;0;0;1
05/11/2021;05:35:00;87;Sem vítima;320,000;BR-101/ES;Decrescente;Colisão traseira;2;1;0;0;0;0;1
05/11/2021;19:12:00;340;Com vítima;286,000;BR-101/ES;Crescente;Atropelamento de animal;1;3;0;0;0;0;1
06/11/2021;03:10:00;48;Sem vítima;331,000;BR-101/ES;Decrescente;Saída de pista;2;1;0;0;0;0;1
06/11/2021;06:09:00;83;Sem vítima;130,000;BR-101/ES;Decrescente;Colisão lateral no mesmo sentido;2;5;0;0;0;0;1
06/11/2021;19:41:00;345;Sem vítima;31,100;BR-101/ES;Decrescente;Colisão transversal;3;2;0;0;0;0;1
07/11/2021;07:18:00;75;Sem vítima;299,500;BR-101/ES;Crescente;Colisão lateral no mesmo sentido;2;1;0;0;0;0;1
07/11/2021;18:02:00;288;Sem vítima;398,900;BR-101/ES;Crescente;Colisão lateral no mesmo sentido;1;1;0;0;0;0;1
08/11/2021;16:39:00;270;Com vítima;320,800;BR-101/ES;Crescente;Colisão traseira;2;1;1;0;0;0;1
09/11/2021;06:50:00;87;Sem vítima;176,600;BR-101/ES;Decrescente;Colisão traseira;1;4;0;0;0;0;1
09/11/2021;07:15:00;98;Sem vítima;296,300;BR-101/ES;Decrescente;Colisão lateral no mesmo sentido;1;1;0;0;0;0;1
09/11/2021;10:53:00;166;Com vítima;387,100;BR-101/ES;Crescente;Tombamento;1;0;1;0;0;0;1
10/11/2021;05:47:00;80;Sem vítima;8,300;BR-101/ES;Crescente;Choque;1;1;0;0;0;0;1
10/11/2021;09:12:00;123;Sem vítima;403,500;BR-101/ES;Crescente;Colisão lateral no mesmo sentido;3;2;0;0;0;0;1
10/11/2021;11:36:00;193;Com vítima;344,800;BR-101/ES;Decrescente;Tombamento;1;0;0;1;0;0;2
10/11/2021;12:34:00;210;Com vítima;146,500;BR-101/ES;Decrescente;Colisão transversal;1;1;0;1;0;0;2
10/11/2021;13:56:00;234;Com vítima;288,900;BR-101/ES;Decrescente;Colisão transversal;1;1;0;1;0;0;2
10/11/2021;15:26:00;260;Sem vítima;171,600;BR-101/ES;Crescente;Choque;1;1;0;0;0;0;1
10/11/2021;23:05:00;371;Sem vítima;233,000;BR-101/ES;Crescente;Colisão traseira;2;2;0;0;0;0;1
11/11/2021;08:47:00;102;Sem vítima;125,500;BR-101/ES;Crescente;Colisão traseira;3;1;0;0;0;0;1
11/11/2021;09:07:00;109;Sem vítima;67,000;BR-101/ES;Decrescente;Colisão transversal;1;4;0;0;0;0;1
11/11/2021;13:45:00;225;Sem vítima;264,500;BR-101/ES;Crescente;Colisão traseira;3;2;0;0;0;0;1
11/11/2021;18:28:00;298;Sem vítima;169,500;BR-101/ES;Decrescente;Colisão traseira;3;2;0;0;0;0;1
12/11/2021;01:13:00;20;Sem vítima;291,500;BR-101/ES;Crescente;Choque;1;1;0;0;0;0;1
12/11/2021;07:22:00;95;Sem vítima;285,400;BR-101/ES;Crescente;Colisão traseira;1;2;0;0;0;0;1
12/11/2021;12:06:00;184;Sem vítima;357,900;BR-101/ES;Decrescente;Colisão traseira;1;1;0;0;0;0;1
12/11/2021;13:24:00;211;Com vítima;212,700;BR-101/ES;Crescente;Engavetamento;2;4;0;0;0;0;1
12/11/2021;16:48:00;267;Com vítima;256,700;BR-101/ES;Decrescente;Colisão traseira;1;0;2;1;0;0;2
12/11/2021;17:28:00;278;Com vítima;436,700;BR-101/ES;Decrescente;Saída de pista;2;0;0;0;1;0;2
12/11/2021;17:53:00;285;Com vítima;207,900;BR-101/ES;Decrescente;Colisão traseira;2;0;0;0;1;0;2
12/11/2021;19:45:00;320;Sem vítima;382,800;BR-101/ES;Decrescente;Saída de pista;1;1;0;0;0;0;1
13/11/2021;04:36:00;83;Sem vítima;270,000;BR-101/ES;Decrescente;Colisão traseira;3;2;0;0;0;0;1
16/11/2021;07:10:00;67;Sem vítima;301,000;BR-101/ES;Decrescente;Choque;1;0;0;0;0;0;1
16/11/2021;15:49:00;251;Sem vítima;124,000;BR-101/ES;Decrescente;Choque;1;2;0;0;0;0;1
17/11/2021;09:17:00;142;Sem vítima;294,100;BR-101/ES;Decrescente;Colisão lateral no mesmo sentido;3;2;0;0;0;0;1
17/11/2021;14:25:00;255;Sem vítima;171,000;BR-101/ES;Decrescente;Colisão traseira;3;1;0;0;0;0;1
17/11/2021;16:27:00;297;Sem vítima;349,400;BR-101/ES;Crescente;Saída de pista;2;1;0;0;0;0;1
18/11/2021;05:44:00;83;Sem vítima;280,200;BR-101/ES;Decrescente;Choque;2;2;0;0;0;0;1
18/11/2021;07:40:00;108;Sem vítima;213,300;BR-101/ES;Crescente;Colisão traseira;1;2;0;0;0;0;1
18/11/2021;09:47:00;153;Sem vítima;424,400;BR-101/ES;Decrescente;Choque;2;3;0;0;0;0;1
18/11/2021;10:45:00;183;Sem vítima;394,400;BR-101/ES;Crescente;Tombamento;1;1;0;0;0;0;1
19/11/2021;15:13:00;262;Com vítima;277,200;BR-101/ES;Crescente;Tombamento;1;0;1;0;0;0;1
19/11/2021;17:25:00;306;Com vítima;294,000;BR-101/ES;Decrescente;Colisão traseira;1;1;0;1;0;0;2
20/11/2021;15:51:00;257;Sem vítima;242,300;BR-101/ES;Crescente;Saída de pista;1;2;0;0;0;0;1
20/11/2021;16:09:00;264;Sem vítima;266,000;BR-101/ES;Decrescente;Engavetamento;1;2;0;0;0;0;1
20/11/2021;23:26:00;360;Sem vítima;284,800;BR-101/ES;Decrescente;Choque;3;1;0;0;0;0;1
21/11/2021;07:19:00;90;Com vítima;174,600;BR-101/ES;Decrescente;Colisão transversal;3;1;0;1;0;0;2
21/11/2021;20:05:00;283;Com vítima;380,700;BR-101/ES;Crescente;Colisão traseira;1;0;0;0;0;0;1
22/11/2021;14:48:00;297;Sem vítima;221,000;BR-101/ES;Crescente;Saída de pista;1;1;0;0;0;0;1
24/11/2021;06:34:00;70;Sem vítima;148,000;BR-101/ES;Crescente;Colisão transversal;1;1;0;0;0;0;1
24/11/2021;11:24:00;178;Com vítima;362,000;BR-101/ES;Crescente;Colisão lateral no mesmo sentido;1;1;0;0;0;0;1
24/11/2021;17:54:00;296;Sem vítima;296,000;BR-101/ES;Decrescente;Colisão traseira;2;2;0;0;0;0;1
24/11/2021;18:59:00;306;Sem vítima;296,000;BR-101/ES;Decrescente;Colisão lateral no mesmo sentido;1;3;0;0;0;0;1
25/11/2021;07:15:00;104;Com vítima;269,600;BR-101/ES;Decrescente;Colisão transversal;2;2;1;0;0;0;1
25/11/2021;12:54:00;231;Sem vítima;285,600;BR-101/ES;Decrescente;Colisão traseira;1;2;0;0;0;0;1
26/11/2021;03:39:00;51;Sem vítima;320,800;BR-101/ES;Decrescente;Choque;2;1;0;0;0;0;1
26/11/2021;10:57:00;215;Sem vítima;293,000;BR-101/ES;Crescente;Colisão traseira;2;1;0;0;0;0;1
26/11/2021;21:20:00;402;Sem vítima;372,000;BR-101/ES;Crescente;Saída de pista;2;2;0;0;0;0;1
26/11/2021;21:55:00;409;Sem vítima;264,000;BR-101/ES;Crescente;Colisão traseira;2;1;0;0;0;0;1
27/11/2021;05:37:00;61;Sem vítima;371,300;BR-101/ES;Decrescente;Colisão traseira;1;1;0;0;0;0;1
27/11/2021;07:09:00;89;Sem vítima;126,000;BR-101/ES;Crescente;Colisão traseira;3;1;0;0;0;0;1
28/11/2021;12:39:00;172;Sem vítima;255,500;BR-101/ES;Crescente;Colisão lateral no mesmo sentido;1;3;0;0;0;0;1
28/11/2021;22:59:00;342;Com vítima;158,000;BR-101/ES;Decrescente;Colisão traseira;1;3;0;0;0;0;1
29/11/2021;09:28:00;136;Sem vítima;297,800;BR-101/ES;Crescente;Colisão traseira;1;2;0;0;0;0;1
29/11/2021;12:54:00;234;Sem vítima;268,000;BR-101/ES;Crescente;Colisão lateral no mesmo sentido;1;5;0;0;0;0;1
29/11/2021;16:19:00;288;Sem vítima;270,400;BR-101/ES;Crescente;Colisão traseira;1;1;0;0;0;0;1
30/11/2021;08:50:00;121;Sem vítima;370,500;BR-101/ES;Crescente;Colisão transversal;1;5;0;0;0;0;1
30/11/2021;09:16:00;133;Com vítima;146,600;BR-101/ES;Crescente;Atropelamento de ciclista;2;0;2;0;0;0;1
30/11/2021;14:08:00;251;Sem vítima;127,000;BR-101/ES;Crescente;Colisão traseira;1;1;0;0;0;0;1
30/11/2021;21:41:00;386;Sem vítima;253,000;BR-101/ES;Decrescente;Saída de pista;2;1;0;0;0;0;1
01/12/2021;02:25:00;13;Sem vítima;242,000;BR-101/ES;Crescente;Colisão traseira;1;1;0;0;0;0;1
01/12/2021;06:07:00;26;Sem vítima;171,000;BR-101/ES;Decrescente;Colisão traseira;1;1;0;0;0;0;1
01/12/2021;10:13:00;73;Sem vítima;123,000;BR-101/ES;Decrescente;Colisão traseira;1;1;0;0;0;0;1
01/12/2021;19:58:00;178;Com vítima;253,000;BR-101/ES;Crescente;Saída de pista;1;0;0;1;0;0;2
02/12/2021;04:32:00;14;Sem vítima;413,000;BR-101/ES;Crescente;Saída de pista;1;1;0;0;0;0;1
02/12/2021;11:40:00;92;Sem vítima;357,000;BR-101/ES;Decrescente;Colisão traseira;1;3;0;0;0;0;1
02/12/2021;12:06:00;96;Sem vítima;279,000;BR-101/ES;Crescente;Colisão traseira;1;2;0;0;0;0;1
03/12/2021;20:55:00;202;Sem vítima;254,600;BR-101/ES;Crescente;Colisão traseira;1;2;0;0;0;0;1
03/12/2021;21:06:00;203;Sem vítima;137,800;BR-101/ES;Crescente;Colisão frontal;1;3;0;0;0;0;1
04/12/2021;11:11:00;75;Sem vítima;66,000;BR-101/ES;Decrescente;Colisão lateral no mesmo sentido;1;3;0;0;0;0;1
07/12/2021;04:25:00;13;Com vítima;274,900;BR-101/ES;Crescente;Atropelamento de animal;1;3;0;0;0;0;1
07/12/2021;06:13:00;23;Com vítima;277,000;BR-101/ES;Decrescente;Colisão transversal;1;0;0;2;0;0;2
07/12/2021;11:22:00;81;Com vítima;347,000;BR-101/ES;Decrescente;Colisão traseira;1;3;1;1;0;0;2
08/12/2021;12:14:00;78;Sem vítima;68,000;BR-101/ES;Decrescente;Colisão traseira;1;4;0;0;0;0;1
08/12/2021;20:12:00;168;Sem vítima;258,400;BR-101/ES;Crescente;Colisão traseira;1;2;0;0;0;0;1
09/12/2021;19:04:00;156;Sem vítima;317,200;BR-101/ES;Decrescente;Colisão traseira;1;4;0;0;0;0;1
10/12/2021;00:39:00;3;Sem vítima;273,000;BR-101/ES;Crescente;Tombamento;1;1;0;0;0;0;1
10/12/2021;09:47:00;76;Sem vítima;123,700;BR-101/ES;Crescente;Engavetamento;2;5;0;0;0;0;1
10/12/2021;09:47:00;78;Com vítima;956,000;BR-101/ES;Decrescente;Tombamento;1;0;0;1;0;0;2
10/12/2021;14:06:00;127;Com vítima;123,900;BR-101/ES;Decrescente;Engavetamento;1;1;0;0;0;1;3
10/12/2021;17:28:00;157;Sem vítima;354,000;BR-101/ES;Crescente;Saída de pista;1;2;0;0;0;0;1
10/12/2021;21:24:00;196;Sem vítima;130,000;BR-101/ES;Crescente;Colisão lateral no mesmo sentido;1;3;0;0;0;0;1
11/12/2021;22:52:00;199;Sem vítima;89,000;BR-101/ES;Crescente;Saída de pista;1;1;0;0;0;0;1
15/12/2021;13:57:00;114;Com vítima;68,000;BR-101/ES;Crescente;Engavetamento;1;4;1;0;0;0;1
16/12/2021;13:18:00;121;Com vítima;118,005;BR-101/ES;Crescente;Colisão frontal;1;3;1;0;0;0;1
16/12/2021;14:21:00;135;Sem vítima;103,000;BR-101/ES;Decrescente;Colisão traseira;1;3;0;0;0;0;1
16/12/2021;17:00:00;169;Sem vítima;398,900;BR-101/ES;Decrescente;Colisão traseira;1;2;0;0;0;0;1
17/12/2021;06:22:00;32;Com vítima;288,000;BR-101/ES;Crescente;Colisão lateral no mesmo sentido;2;4;0;0;0;0;1
17/12/2021;11:08:00;105;Sem vítima;295,000;BR-101/ES;Decrescente;Choque;1;1;0;0;0;0;1
17/12/2021;13:10:00;129;Sem vítima;282,000;BR-101/ES;Decrescente;Colisão frontal;1;2;0;0;0;0;1
18/12/2021;02:26:00;11;Sem vítima;357,700;BR-101/ES;Crescente;Choque;1;1;0;0;0;0;1
21/12/2021;08:59:00;65;Sem vítima;292,000;BR-101/ES;Decrescente;Colisão traseira;2;2;0;0;0;0;1
21/12/2021;20:55:00;192;Com vítima;145,900;BR-101/ES;Crescente;Colisão transversal;1;2;1;0;0;0;1
21/12/2021;23:55:00;215;Sem vítima;264,000;BR-101/ES;Crescente;Colisão traseira;1;2;0;0;0;0;1
22/12/2021;01:59:00;12;Sem vítima;418,800;BR-101/ES;Crescente;Colisão lateral em sentido contrário;2;2;0;0;0;0;1
22/12/2021;18:56:00;220;Sem vítima;206,000;BR-101/ES;Crescente;Colisão traseira;1;2;0;0;0;0;1
23/12/2021;14:40:00;147;Sem vítima;229,000;BR-101/ES;Decrescente;Colisão lateral no mesmo sentido;1;2;0;0;0;0;1
24/12/2021;05:12:00;22;Com vítima;442,100;BR-101/ES;Decrescente;Colisão frontal;1;2;0;0;1;0;2
24/12/2021;09:05:00;61;Sem vítima;31,000;BR-101/ES;Crescente;Colisão transversal;1;2;0;0;0;0;1
24/12/2021;14:19:00;139;Com vítima;276,000;BR-101/ES;Decrescente;Colisão traseira;1;1;0;1;0;0;2
24/12/2021;15:12:00;147;Sem vítima;398,000;BR-101/ES;Decrescente;Colisão traseira;1;1;0;0;0;0;1
24/12/2021;18:44:00;207;Sem vítima;140,000;BR-101/ES;Decrescente;Colisão transversal;1;5;0;0;0;0;1
25/12/2021;02:00:00;9;Com vítima;17,500;BR-101/ES;Decrescente;Colisão transversal;1;0;1;0;0;0;1
26/12/2021;21:04:00;176;Sem vítima;274,000;BR-101/ES;Decrescente;Atropelamento de animal;1;0;0;0;0;0;1
27/12/2021;13:51:00;126;Sem vítima;160,000;BR-101/ES;Crescente;Colisão transversal;1;2;0;0;0;0;1
28/12/2021;08:36:00;46;Sem vítima;79,000;BR-101/ES;Decrescente;Colisão traseira;1;2;0;0;0;0;1
29/12/2021;02:49:00;7;Sem vítima;13,500;BR-101/ES;Crescente;Choque;1;1;0;0;0;0;1
29/12/2021;15:32:00;142;Sem vítima;181,000;BR-101/ES;Crescente;Engavetamento;1;0;0;0;0;0;1
29/12/2021;18:14:00;166;Sem vítima;252,000;BR-101/ES;Crescente;Colisão traseira;2;2;0;0;0;0;1
30/12/2021;09:38:00;67;Sem vítima;304,000;BR-101/ES;Crescente;Choque;1;1;0;0;0;0;1
31/12/2021;12:53:00;93;Com vítima;219,000;BR-101/ES;Crescente;Saída de pista;1;0;0;1;0;0;2
03/01/2022;07:40:00;51;Com vítima;269,000;BR-101/ES;Decrescente;Colisão traseira;1;1;1;0;0;0;1
03/01/2022;08:48:00;69;Com vítima;338,000;BR-101/ES;Crescente;Colisão lateral em sentido contrário;1;3;0;0;1;0;2
03/01/2022;11:02:00;104;Sem vítima;256,000;BR-101/ES;Crescente;Colisão traseira;1;2;0;0;0;0;1
04/01/2022;10:12:00;91;Sem vítima;213,000;BR-101/ES;Decrescente;Engavetamento;1;4;0;0;0;0;1
04/01/2022;14:41:00;138;Sem vítima;104,000;BR-101/ES;Crescente;Acidentes de outra natureza;1;2;0;0;0;0;1
04/01/2022;21:28:00;202;Com vítima;420,800;BR-101/ES;Crescente;Colisão frontal;1;1;0;0;0;1;3
05/01/2022;12:12:00;99;Com vítima;293,000;BR-101/ES;Crescente;Engavetamento;3;3;1;1;0;0;2
05/01/2022;14:29:00;126;Sem vítima;380,300;BR-101/ES;Decrescente;Choque;1;1;0;0;0;0;1
06/01/2022;20:53:00;208;Sem vítima;67,000;BR-101/ES;Crescente;Colisão lateral no mesmo sentido;1;2;0;0;0;0;1
07/01/2022;06:49:00;13;Sem vítima;433,000;BR-101/ES;Crescente;Colisão lateral no mesmo sentido;1;2;0;0;0;0;1
07/01/2022;10:11:00;47;Sem vítima;129,000;BR-101/ES;Crescente;Colisão traseira;1;6;0;0;0;0;1
07/01/2022;10:48:00;56;Sem vítima;292,700;BR-101/ES;Crescente;Colisão traseira;1;7;0;0;0;0;1
07/01/2022;13:57:00;84;Com vítima;369,000;BR-101/ES;Decrescente;Colisão traseira;1;3;3;0;0;0;1
10/01/2022;16:11:00;176;Com vítima;228,000;BR-101/ES;Crescente;Colisão lateral no mesmo sentido;1;4;1;0;0;0;1
11/01/2022;21:10:00;187;Sem vítima;82,500;BR-101/ES;Crescente;Colisão lateral em sentido contrário;1;6;0;0;0;0;1
12/01/2022;11:57:00;100;Com vítima;65,800;BR-101/ES;Decrescente;Colisão traseira;1;3;1;0;0;0;1
12/01/2022;15:00:00;136;Sem vítima;152,000;BR-101/ES;Crescente;Tombamento;1;2;0;0;0;0;1
12/01/2022;19:01:00;194;Sem vítima;269,000;BR-101/ES;Decrescente;Colisão lateral no mesmo sentido;1;2;0;0;0;0;1
14/01/2022;02:57:00;15;Sem vítima;110,000;BR-101/ES;Decrescente;Saída de pista;1;1;0;0;0;0;1
14/01/2022;14:09:00;124;Sem vítima;424,900;BR-101/ES;Crescente;Colisão traseira;1;3;0;0;0;0;1
14/01/2022;20:29:00;203;Sem vítima;325,000;BR-101/ES;Crescente;Engavetamento;1;6;0;0;0;0;1
14/01/2022;23:13:00;222;Com vítima;149,000;BR-101/ES;Decrescente;Atropelamento de pedestre;1;1;0;0;0;1;3
15/01/2022;02:54:00;11;Com vítima;372,300;BR-101/ES;Crescente;Tombamento;1;0;1;0;0;0;1
16/01/2022;21:56:00;168;Sem vítima;435,500;BR-101/ES;Crescente;Tombamento;1;1;0;0;0;0;1
17/01/2022;08:57:00;52;Sem vítima;159,900;BR-101/ES;Crescente;Colisão transversal;1;3;0;0;0;0;1
19/01/2022;07:43:00;45;Com vítima;385,800;BR-101/ES;Decrescente;Saída de pista;1;0;1;0;0;0;1
19/01/2022;09:04:00;60;Sem vítima;320,000;BR-101/ES;Crescente;Colisão traseira;1;4;0;0;0;0;1
19/01/2022;11:59:00;90;Com vítima;160,005;BR-101/ES;Crescente;Colisão transversal;1;2;1;0;0;0;1
19/01/2022;20:02:00;168;Sem vítima;270,400;BR-101/ES;Decrescente;Colisão traseira;1;2;0;0;0;0;1
21/01/2022;09:02:00;60;Com vítima;77,000;BR-101/ES;Decrescente;Colisão traseira;1;2;1;0;0;0;1
21/01/2022;12:30:00;111;Sem vítima;150,100;BR-101/ES;Decrescente;Colisão traseira;1;2;0;0;0;0;1
22/01/2022;23:24:00;172;Sem vítima;294,300;BR-101/ES;Decrescente;Colisão traseira;1;2;0;0;0;0;1
23/01/2022;09:27:00;55;Com vítima;261,000;BR-101/ES;Decrescente;Tombamento;1;0;2;1;0;0;2
24/01/2022;07:34:00;41;Com vítima;285,008;BR-101/ES;Decrescente;Colisão traseira;1;1;1;0;0;0;1
24/01/2022;13:37:00;127;Com vítima;232,500;BR-101/ES;Decrescente;Colisão lateral em sentido contrário;1;4;2;0;0;0;1
25/01/2022;15:38:00;162;Sem vítima;355,800;BR-101/ES;Crescente;Engavetamento;1;3;0;0;0;0;1
25/01/2022;19:24:00;196;Com vítima;240,000;BR-101/ES;Crescente;Colisão transversal;1;1;0;1;0;0;2
26/01/2022;15:49:00;123;Sem vítima;422,000;BR-101/ES;Crescente;Colisão traseira;1;3;0;0;0;0;1
27/01/2022;12:05:00;77;Sem vítima;68,000;BR-101/ES;Decrescente;Engavetamento;2;7;0;0;0;0;1
28/01/2022;13:38:00;100;Sem vítima;264,000;BR-101/ES;Crescente;Colisão traseira;1;2;0;0;0;0;1
28/01/2022;16:21:00;135;Sem vítima;106,000;BR-101/ES;Decrescente;Engavetamento;1;4;0;0;0;0;1
29/01/2022;14:37:00;128;Sem vítima;101,400;BR-101/ES;Crescente;Colisão traseira;1;4;0;0;0;0;1