data;horario;n_da_ocorrencia;tipo_de_ocorrencia;km;trecho;sentido;tipo_de_acidente;caminhao;ilesos;levemente_feridos;moderadamente_feridos;gravemente_feridos;mortos;3
30/01/2022;16:48:00;121;Com vítima;369,000;BR-101/ES;Decrescente;Atropelamento de ciclista;1;1;0;0;0;1;3
01/02/2022;08:19:00;42;Sem vítima;267,000;BR-101/ES;Decrescente;Colisão lateral no mesmo sentido;1;2;0;0;0;0;1
01/02/2022;10:11:00;63;Sem vítima;297,000;BR-101/ES;Crescente;Colisão traseira;1;3;0;0;0;0;1
01/02/2022;13:57:00;105;Sem vítima;436,000;BR-101/ES;Decrescente;Saída de pista;1;2;0;0;0;0;1
02/02/2022;02:05:00;5;Sem vítima;176,000;BR-101/ES;Decrescente;Colisão traseira;1;2;0;0;0;0;1
04/02/2022;05:18:00;18;Sem vítima;313,000;BR-101/ES;Crescente;Tombamento;1;1;0;0;0;0;1
05/02/2022;05:47:00;18;Sem vítima;302,000;BR-101/ES;Crescente;Tombamento;1;1;0;0;0;0;1
05/02/2022;10:00:00;59;Sem vítima;288,000;BR-101/ES;Crescente;Colisão lateral no mesmo sentido;1;2;0;0;0;0;1
05/02/2022;11:03:00;77;Sem vítima;291,000;BR-101/ES;Crescente;Colisão lateral no mesmo sentido;1;2;0;0;0;0;1
05/02/2022;11:26:00;83;Com vítima;67,000;BR-101/ES;Decrescente;Colisão transversal;1;2;2;0;0;0;1
06/02/2022;22:25:00;173;Com vítima;231,000;BR-101/ES;Decrescente;Colisão lateral em sentido contrário;1;3;1;0;0;0;1
07/02/2022;07:01:00;31;Sem vítima;207,000;BR-101/ES;Crescente;Colisão traseira;1;2;0;0;0;0;1
07/02/2022;15:24:00;155;Com vítima;388,100;BR-101/ES;Decrescente;Colisão lateral em sentido contrário;1;1;1;0;0;0;1
07/02/2022;18:05:00;198;Sem vítima;270,000;BR-101/ES;Decrescente;Colisão lateral no mesmo sentido;1;2;0;0;0;0;1
08/02/2022;13:50:00;119;Sem vítima;241,000;BR-101/ES;Crescente;Colisão traseira;1;2;0;0;0;0;1
08/02/2022;15:43:00;137;Sem vítima;214,000;BR-101/ES;Crescente;Colisão traseira;1;5;0;0;0;0;1
10/02/2022;04:13:00;15;Com vítima;266,300;BR-101/ES;Crescente;Colisão traseira;1;1;0;1;0;0;2
10/02/2022;06:36:00;21;Com vítima;163,500;BR-101/ES;Crescente;Saída de pista;1;0;1;0;0;0;1
10/02/2022;09:58:00;79;Sem vítima;101,600;BR-101/ES;Decrescente;Choque;1;2;0;0;0;0;1
10/02/2022;12:23:00;101;Sem vítima;216,000;BR-101/ES;Crescente;Colisão traseira;2;2;0;0;0;0;1
11/02/2022;06:50:00;38;Com vítima;298,000;BR-101/ES;Decrescente;Colisão traseira;1;2;0;1;0;0;2
14/02/2022;13:38:00;107;Com vítima;100,200;BR-101/ES;Crescente;Colisão transversal;1;2;0;1;0;0;2
14/02/2022;19:30:00;165;Sem vítima;145,200;BR-101/ES;Decrescente;Colisão lateral no mesmo sentido;1;4;0;0;0;0;1
15/02/2022;21:53:00;247;Sem vítima;265,700;BR-101/ES;Crescente;Colisão traseira;2;3;0;0;0;0;1
16/02/2022;08:42:00;59;Sem vítima;452,000;BR-101/ES;Crescente;Colisão traseira;1;2;0;0;0;0;1
16/02/2022;12:16:00;116;Sem vítima;264,000;BR-101/ES;Crescente;Colisão lateral no mesmo sentido;1;2;0;0;0;0;1
17/02/2022;05:05:00;13;Sem vítima;325,600;BR-101/ES;Crescente;Colisão traseira;1;3;0;0;0;0;1
17/02/2022;09:11:00;63;Sem vítima;208,000;BR-101/ES;Crescente;Colisão lateral no mesmo sentido;1;3;0;0;0;0;1
18/02/2022;02:23:00;11;Com vítima;146,500;BR-101/ES;Decrescente;Colisão transversal;1;1;1;1;0;0;2
18/02/2022;20:46:00;221;Sem vítima;304,000;BR-101/ES;Decrescente;Colisão transversal;1;2;0;0;0;0;1
19/02/2022;02:46:00;12;Sem vítima;270,000;BR-101/ES;Crescente;Colisão traseira;1;2;0;0;0;0;1
20/02/2022;21:25:00;206;Com vítima;182,900;BR-101/ES;Crescente;Saída de pista;1;0;1;0;0;0;1
21/02/2022;08:11:00;51;Com vítima;399,800;BR-101/ES;Crescente;Colisão transversal;1;0;1;0;0;1;3
21/02/2022;08:26:00;55;Com vítima;144,000;BR-101/ES;Crescente;Colisão lateral no mesmo sentido;1;3;1;0;0;0;1
22/02/2022;10:44:00;96;Sem vítima;276,000;BR-101/ES;Decrescente;Colisão traseira;1;3;0;0;0;0;1
22/02/2022;11:49:00;111;Com vítima;145,000;BR-101/ES;Crescente;Colisão traseira;1;2;1;0;0;0;1
23/02/2022;12:10:00;119;Com vítima;94,000;BR-101/ES;Decrescente;Engavetamento;1;5;7;2;0;0;2
24/02/2022;09:11:00;76;Sem vítima;255,900;BR-101/ES;Decrescente;Colisão traseira;1;1;0;0;0;0;1
24/02/2022;14:32:00;141;Sem vítima;292,000;BR-101/ES;Crescente;Colisão traseira;1;2;0;0;0;0;1
25/02/2022;15:39:00;115;Sem vítima;333,000;BR-101/ES;Decrescente;Colisão traseira;1;2;0;0;0;0;1
26/02/2022;09:31:00;98;Com vítima;204,000;BR-101/ES;Decrescente;Atropelamento de pedestre;1;1;1;0;0;0;1
28/02/2022;09:36:00;70;Com vítima;82,600;BR-101/ES;Decrescente;Queda de moto;1;2;1;1;0;0;2
28/02/2022;23:38:00;181;Sem vítima;255,000;BR-101/ES;Decrescente;Colisão lateral em sentido contrário;1;2;0;0;0;0;1
03/03/2022;09:22:00;57;Sem vítima;448,000;BR-101/ES;Decrescente;Colisão traseira;1;2;0;0;0;0;1
04/03/2022;10:27:00;94;Sem vítima;295,500;BR-101/ES;Decrescente;Colisão traseira;1;3;0;0;0;0;1
04/03/2022;10:59:00;99;Com vítima;266,300;BR-101/ES;Crescente;Choque;1;0;1;0;0;0;1
05/03/2022;05:10:00;15;Com vítima;260,000;BR-101/ES;Crescente;Colisão traseira;1;1;0;0;1;0;2
05/03/2022;13:20:00;130;Sem vítima;424,000;BR-101/ES;Crescente;Engavetamento;1;4;0;0;0;0;1
07/03/2022;11:05:00;96;Sem vítima;268,000;BR-101/ES;Decrescente;Colisão lateral no mesmo sentido;1;2;0;0;0;0;1
07/03/2022;11:16:00;97;Sem vítima;268,000;BR-101/ES;Decrescente;Colisão lateral no mesmo sentido;1;1;0;0;0;0;1
07/03/2022;20:08:00;200;Com vítima;64,800;BR-101/ES;Crescente;Colisão traseira;1;1;0;0;0;1;3
08/03/2022;16:30:00;166;Com vítima;397,000;BR-101/ES;Crescente;Colisão traseira;1;1;1;0;0;0;1
08/03/2022;20:47:00;205;Com vítima;310,800;BR-101/ES;Decrescente;Atropelamento de pedestre;1;2;1;0;0;1;3
08/03/2022;22:20:00;214;Sem vítima;358,000;BR-101/ES;Decrescente;Colisão traseira;1;3;0;0;0;0;1
08/03/2022;23:24:00;218;Sem vítima;266,000;BR-101/ES;Decrescente;Colisão traseira;1;2;0;0;0;0;1
09/03/2022;10:39:00;95;Sem vítima;66,000;BR-101/ES;Decrescente;Colisão traseira;1;2;0;0;0;0;1
09/03/2022;11:21:00;107;Com vítima;299,000;BR-101/ES;Crescente;Colisão lateral no mesmo sentido;1;1;1;0;0;0;1
10/03/2022;12:24:00;103;Sem vítima;150,200;BR-101/ES;Decrescente;Colisão traseira;1;4;0;0;0;0;1
10/03/2022;13:51:00;111;Sem vítima;289,800;BR-101/ES;Decrescente;Saída de pista;1;1;0;0;0;0;1
11/03/2022;06:34:00;37;Com vítima;287,400;BR-101/ES;Decrescente;Colisão traseira;1;2;1;0;0;0;1
11/03/2022;08:52:00;75;Sem vítima;206,000;BR-101/ES;Crescente;Colisão lateral no mesmo sentido;1;4;0;0;0;0;1
11/03/2022;09:12:00;77;Sem vítima;233,000;BR-101/ES;Crescente;Colisão lateral no mesmo sentido;1;4;0;0;0;0;1
12/03/2022;09:42:00;70;Sem vítima;85,800;BR-101/ES;Crescente;Colisão traseira;1;4;0;0;0;0;1
12/03/2022;18:29:00;169;Sem vítima;34,500;BR-101/ES;Crescente;Colisão lateral no mesmo sentido;1;2;0;0;0;0;1
14/03/2022;06:34:00;37;Sem vítima;233,000;BR-101/ES;Decrescente;Colisão traseira;1;2;0;0;0;0;1
14/03/2022;09:20:00;85;Sem vítima;152,500;BR-101/ES;Crescente;Choque;1;2;0;0;0;0;1
14/03/2022;10:53:00;104;Com vítima;295,200;BR-101/ES;Decrescente;Colisão lateral no mesmo sentido;1;1;0;2;0;0;2
16/03/2022;23:45:00;214;Com vítima;66,800;BR-101/ES;Crescente;Atropelamento de pedestre;2;1;0;1;1;0;2
17/03/2022;00:00:00;15;Com vítima;167,600;BR-101/ES;Decrescente;Colisão transversal;1;1;1;0;0;0;1
17/03/2022;16:27:00;164;Sem vítima;452,000;BR-101/ES;Crescente;Colisão traseira;1;2;0;0;0;0;1
17/03/2022;17:43:00;180;Sem vítima;299,000;BR-101/ES;Crescente;Colisão transversal;1;3;0;0;0;0;1
18/03/2022;16:32:00;156;Sem vítima;293,000;BR-101/ES;Crescente;Colisão traseira;1;6;0;0;0;0;1
18/03/2022;18:39:00;188;Sem vítima;210,000;BR-101/ES;Crescente;Colisão traseira;1;4;0;0;0;0;1
19/03/2022;16:50:00;152;Com vítima;118,100;BR-101/ES;Decrescente;Colisão lateral em sentido contrário;1;2;3;2;0;0;2
19/03/2022;18:12:00;170;Sem vítima;241,800;BR-101/ES;Crescente;Colisão lateral no mesmo sentido;1;2;0;0;0;0;1
19/03/2022;23:27:00;205;Sem vítima;297,000;BR-101/ES;Decrescente;Colisão traseira;1;2;0;0;0;0;1
21/03/2022;08:38:00;72;Sem vítima;295,950;BR-101/ES;Decrescente;Colisão traseira;1;2;0;0;0;0;1
21/03/2022;15:12:00;143;Sem vítima;281,000;BR-101/ES;Decrescente;Tombamento;1;1;0;0;0;0;1
21/03/2022;15:21:00;146;Com vítima;276,000;BR-101/ES;Crescente;Capotamento;1;1;0;1;0;0;2
21/03/2022;18:03:00;177;Sem vítima;406,000;BR-101/ES;Decrescente;Colisão traseira;1;2;0;0;0;0;1
22/03/2022;00:10:00;2;Com vítima;357,700;BR-101/ES;Decrescente;Saída de pista;1;0;0;0;0;2;3
22/03/2022;01:48:00;10;Sem vítima;363,300;BR-101/ES;Decrescente;Saída de pista;1;1;0;0;0;0;1
24/03/2022;20:08:00;164;Sem vítima;226,000;BR-101/ES;Crescente;Choque;1;4;0;0;0;0;1
25/03/2022;15:27:00;143;Sem vítima;159,000;BR-101/ES;Decrescente;Colisão traseira;1;4;0;0;0;0;1
25/03/2022;21:01:00;218;Com vítima;146,000;BR-101/ES;Decrescente;Colisão traseira;1;2;1;0;0;0;1
26/03/2022;02:03:00;12;Sem vítima;357,500;BR-101/ES;Decrescente;Colisão traseira;1;3;0;0;0;0;1
27/03/2022;20:26:00;198;Sem vítima;68,500;BR-101/ES;Crescente;Colisão transversal;1;2;0;0;0;0;1
28/03/2022;07:02:00;34;Sem vítima;279,500;BR-101/ES;Decrescente;Colisão traseira;1;2;0;0;0;0;1
28/03/2022;07:09:00;35;Sem vítima;279,500;BR-101/ES;Decrescente;Colisão traseira;1;2;0;0;0;0;1
28/03/2022;14:28:00;125;Com vítima;209,000;BR-101/ES;Decrescente;Engavetamento;1;3;1;0;0;0;1
29/03/2022;13:26:00;104;Sem vítima;269,000;BR-101/ES;Crescente;Colisão traseira;1;4;0;0;0;0;1
29/03/2022;15:50:00;135;Sem vítima;294,000;BR-101/ES;Crescente;Colisão traseira;1;2;0;0;0;0;1
30/03/2022;05:39:00;26;Com vítima;165,000;BR-101/ES;Decrescente;Saída de pista;1;0;0;1;0;0;2
30/03/2022;11:26:00;101;Com vítima;203,500;BR-101/ES;Decrescente;Colisão lateral em sentido contrário;1;3;1;0;0;0;1
30/03/2022;20:29:00;207;Sem vítima;431,000;BR-101/ES;Decrescente;Colisão lateral no mesmo sentido;1;1;0;0;0;0;1
31/03/2022;10:30:00;98;Sem vítima;270,200;BR-101/ES;Crescente;Colisão traseira;1;2;0;0;0;0;1
31/03/2022;12:38:00;121;Com vítima;66,000;BR-101/ES;Crescente;Atropelamento de ciclista;1;1;0;1;0;0;2
31/03/2022;13:10:00;132;Sem vítima;253,000;BR-101/ES;Decrescente;Colisão traseira;1;2;0;0;0;0;1
31/03/2022;14:13:00;139;Com vítima;264,600;BR-101/ES;Crescente;Colisão traseira;1;1;1;0;0;0;1
31/03/2022;17:45:00;180;Com vítima;442,000;BR-101/ES;Decrescente;Colisão traseira;1;1;0;1;0;0;2
31/03/2022;19:23:00;208;Sem vítima;439,000;BR-101/ES;Crescente;Colisão traseira;2;3;0;0;0;0;1
01/04/2022;09:06:00;73;Com vítima;270,000;BR-101/ES;Decrescente;Colisão lateral no mesmo sentido;1;1;0;1;0;0;2
01/04/2022;16:46:00;157;Sem vítima;80,000;BR-101/ES;Crescente;Engavetamento;1;4;0;0;0;0;1
02/04/2022;00:52:00;7;Com vítima;101,800;BR-101/ES;Crescente;Choque;1;0;1;1;0;0;2
02/04/2022;05:59:00;26;Com vítima;297,500;BR-101/ES;Crescente;Colisão traseira;1;3;0;1;0;0;2
04/04/2022;04:05:00;14;Com vítima;396,400;BR-101/ES;Crescente;Saída de pista;1;0;1;0;0;0;1
04/04/2022;12:15:00;123;Sem vítima;75,500;BR-101/ES;Crescente;Colisão lateral no mesmo sentido;1;1;0;0;0;0;1
05/04/2022;06:28:00;29;Com vítima;200,600;BR-101/ES;Decrescente;Colisão lateral em sentido contrário;1;4;1;1;0;0;2
05/04/2022;10:27:00;101;Com vítima;277,000;BR-101/ES;Decrescente;Colisão lateral no mesmo sentido;1;0;1;0;0;0;1
05/04/2022;10:40:00;104;Com vítima;402,000;BR-101/ES;Crescente;Colisão lateral no mesmo sentido;1;1;2;0;0;0;1
06/04/2022;06:50:00;18;Sem vítima;365,800;BR-101/ES;Crescente;Choque;1;2;0;0;0;0;1
06/04/2022;11:58:00;72;Com vítima;221,800;BR-101/ES;Crescente;Colisão lateral em sentido contrário;1;2;0;2;0;0;2
07/04/2022;06:22:00;23;Com vítima;273,100;BR-101/ES;Decrescente;Colisão traseira;2;1;1;0;0;0;1
07/04/2022;11:11:00;76;Com vítima;257,300;BR-101/ES;Crescente;Colisão transversal;1;1;0;1;0;0;2
07/04/2022;14:58:00;125;Com vítima;210,800;BR-101/ES;Crescente;Engavetamento;1;3;1;0;0;0;1
07/04/2022;15:45:00;139;Sem vítima;166,000;BR-101/ES;Decrescente;Colisão traseira;1;2;0;0;0;0;1
07/04/2022;23:40:00;204;Com vítima;346,500;BR-101/ES;Crescente;Tombamento;1;0;1;0;0;0;1
08/04/2022;21:26:00;213;Sem vítima;12,000;BR-101/ES;Crescente;Colisão traseira;1;6;0;0;0;0;1
09/04/2022;10:01:00;77;Sem vítima;396,000;BR-101/ES;Crescente;Choque;1;1;0;0;0;0;1
10/04/2022;05:45:00;10;Com vítima;1,599;Contorno de Iconha/ES;Crescente;Tombamento;1;0;1;0;0;0;1
12/04/2022;04:56:00;23;Sem vítima;220,000;BR-101/ES;Decrescente;Colisão traseira;2;2;0;0;0;0;1
12/04/2022;15:36:00;165;Sem vítima;235,000;BR-101/ES;Decrescente;Colisão lateral em sentido contrário;1;1;0;0;0;0;1
13/04/2022;18:25:00;192;Com vítima;269,900;BR-101/ES;Decrescente;Atropelamento de ciclista;1;1;1;0;0;0;1
13/04/2022;20:52:00;206;Sem vítima;320,000;BR-101/ES;Decrescente;Choque;1;2;0;0;0;0;1
14/04/2022;06:49:00;43;Com vítima;90,000;BR-101/ES;Decrescente;Colisão traseira;2;2;2;0;0;0;1
14/04/2022;14:27:00;147;Sem vítima;308,000;BR-101/ES;Decrescente;Choque;1;2;0;0;0;0;1
14/04/2022;15:37:00;167;Sem vítima;241,600;BR-101/ES;Crescente;Colisão traseira;2;3;0;0;0;0;1
14/04/2022;16:17:00;176;Com vítima;443,500;BR-101/ES;Crescente;Colisão transversal;1;0;0;1;0;2;3
14/04/2022;20:50:00;230;Sem vítima;403,000;BR-101/ES;Decrescente;Colisão traseira;1;3;0;0;0;0;1
14/04/2022;20:51:00;231;Sem vítima;247,000;BR-101/ES;Decrescente;Colisão lateral no mesmo sentido;1;3;0;0;0;0;1
14/04/2022;21:42:00;242;Com vítima;264,300;BR-101/ES;Crescente;Colisão traseira;1;1;0;1;0;0;2
18/04/2022;05:54:00;26;Com vítima;393,500;BR-101/ES;Decrescente;Tombamento;1;0;0;0;0;1;3
18/04/2022;07:51:00;45;Sem vítima;266,800;BR-101/ES;Crescente;Colisão traseira;1;2;0;0;0;0;1
18/04/2022;16:15:00;148;Sem vítima;286,000;BR-101/ES;Decrescente;Colisão traseira;1;1;0;0;0;0;1
19/04/2022;09:15:00;73;Sem vítima;272,000;BR-101/ES;Decrescente;Atropelamento de animal;1;1;0;0;0;0;1
20/04/2022;12:35:00;108;Com vítima;396,000;BR-101/ES;Crescente;Colisão transversal;1;1;0;0;1;0;2
20/04/2022;14:17:00;126;Com vítima;268,000;BR-101/ES;Crescente;Colisão traseira;1;1;0;2;0;0;2
20/04/2022;16:37:00;154;Sem vítima;68,300;BR-101/ES;Crescente;Tombamento;1;1;0;0;0;0;1
20/04/2022;21:11:00;215;Com vítima;1,000;Contorno de Iconha/ES;Crescente;Colisão lateral no mesmo sentido;2;2;1;0;0;0;1
22/04/2022;15:05:00;128;Sem vítima;94,000;BR-101/ES;Decrescente;Colisão traseira;1;5;0;0;0;0;1
22/04/2022;15:50:00;136;Sem vítima;250,400;BR-101/ES;Crescente;Colisão traseira;1;3;0;0;0;0;1
23/04/2022;10:00:00;58;Sem vítima;358,400;BR-101/ES;Crescente;Colisão traseira;1;4;0;0;0;0;1
27/04/2022;08:37:00;48;Sem vítima;85,800;BR-101/ES;Decrescente;Colisão traseira;1;3;0;0;0;0;1
28/04/2022;11:03:00;84;Sem vítima;287,000;BR-101/ES;Crescente;Colisão lateral no mesmo sentido;1;2;0;0;0;0;1
28/04/2022;12:25:00;96;Sem vítima;282,800;BR-101/ES;Crescente;Colisão traseira;1;1;0;0;0;0;1
28/04/2022;13:37:00;109;Com vítima;183,000;BR-101/ES;Decrescente;Tombamento;1;0;0;1;0;0;2
28/04/2022;19:08:00;170;Sem vítima;291,000;BR-101/ES;Crescente;Colisão traseira;1;2;0;0;0;0;1
28/04/2022;23:27:00;201;Sem vítima;942,000;BR-101/ES;Crescente;Atropelamento de animal;1;1;0;0;0;0;1
29/04/2022;17:46:00;165;Sem vítima;297,000;BR-101/ES;Crescente;Colisão traseira;1;1;0;0;0;0;1
02/05/2022;17:02:00;173;Sem vítima;270,000;BR-101/ES;Decrescente;Colisão traseira;1;2;0;0;0;0;1
03/05/2022;00:46:00;2;Sem vítima;91,000;BR-101/ES;Crescente;Colisão traseira;1;2;0;0;0;0;1
03/05/2022;08:31:00;59;Com vítima;418,000;BR-101/ES;Decrescente;Colisão lateral em sentido contrário;2;4;0;1;0;0;2
03/05/2022;10:08:00;78;Com vítima;297,700;BR-101/ES;Crescente;Engavetamento;1;5;1;0;0;0;1
03/05/2022;17:10:00;138;Sem vítima;263,000;BR-101/ES;Crescente;Colisão lateral no mesmo sentido;2;4;0;0;0;0;1
04/05/2022;07:24:00;33;Sem vítima;146,000;BR-101/ES;Crescente;Colisão lateral no mesmo sentido;1;2;0;0;0;0;1
04/05/2022;17:59:00;158;Com vítima;146,000;BR-101/ES;Decrescente;Engavetamento;1;3;1;0;0;0;1
04/05/2022;21:21:00;188;Sem vítima;91,000;BR-101/ES;Decrescente;Colisão traseira;1;3;0;0;0;0;1
05/05/2022;05:20:00;15;Sem vítima;335,000;BR-101/ES;Decrescente;Choque;1;1;0;0;0;0;1
05/05/2022;15:15:00;118;Sem vítima;277,300;BR-101/ES;Crescente;Colisão lateral no mesmo sentido;1;2;0;0;0;0;1
06/05/2022;05:28:00;16;Com vítima;126,400;BR-101/ES;Crescente;Colisão traseira;1;1;1;0;0;0;1
06/05/2022;17:53:00;138;Com vítima;169,000;BR-101/ES;Crescente;Colisão lateral em sentido contrário;2;4;1;0;0;0;1
08/05/2022;17:38:00;121;Com vítima;241,000;BR-101/ES;Decrescente;Colisão transversal;1;1;0;1;0;0;2
09/05/2022;22:17:00;197;Sem vítima;293,000;BR-101/ES;Decrescente;Colisão traseira;1;2;0;0;0;0;1
10/05/2022;20:59:00;191;Com vítima;409,700;BR-101/ES;Decrescente;Colisão lateral em sentido contrário;1;1;2;0;0;0;1
11/05/2022;13:13:00;109;Sem vítima;268,000;BR-101/ES;Decrescente;Colisão traseira;1;4;0;0;0;0;1
11/05/2022;14:11:00;118;Com vítima;8,000;BR-101/ES;Crescente;Tombamento;1;0;1;1;0;0;2
11/05/2022;16:28:00;139;Sem vítima;382,000;BR-101/ES;Crescente;Colisão traseira;1;4;0;0;0;0;1
11/05/2022;20:36:00;177;Sem vítima;403,000;BR-101/ES;Decrescente;Colisão traseira;1;4;0;0;0;0;1
12/05/2022;06:47:00;25;Sem vítima;293,000;BR-101/ES;Decrescente;Engavetamento;1;5;0;0;0;0;1
12/05/2022;07:07:00;29;Com vítima;74,000;BR-101/ES;Decrescente;Engavetamento;1;3;1;0;0;0;1
12/05/2022;10:58:00;78;Sem vítima;255,000;BR-101/ES;Crescente;Colisão traseira;1;2;0;0;0;0;1
12/05/2022;18:13:00;144;Sem vítima;415,000;BR-101/ES;Decrescente;Colisão traseira;1;3;0;0;0;0;1
13/05/2022;17:36:00;138;Sem vítima;335,000;BR-101/ES;Crescente;Colisão traseira;1;2;0;0;0;0;1
14/05/2022;14:46:00;113;Sem vítima;270,000;BR-101/ES;Crescente;Colisão traseira;1;2;0;0;0;0;1
14/05/2022;15:44:00;132;Com vítima;88,400;BR-101/ES;Decrescente;Colisão traseira;1;2;0;0;0;0;1
16/05/2022;08:58:00;67;Com vítima;276,400;BR-101/ES;Decrescente;Colisão traseira;2;0;2;0;0;0;1
16/05/2022;10:54:00;87;Com vítima;276,250;BR-101/ES;Decrescente;Colisão traseira;2;2;1;0;0;0;1
16/05/2022;13:15:00;109;Com vítima;213,000;BR-101/ES;Decrescente;Colisão lateral em sentido contrário;1;1;0;1;0;0;2
18/05/2022;10:03:00;73;Sem vítima;276,600;BR-101/ES;Crescente;Colisão lateral no mesmo sentido;2;2;0;0;0;0;1
18/05/2022;18:51:00;156;Sem vítima;288,000;BR-101/ES;Decrescente;Acidentes de outra natureza;1;1;0;0;0;0;1
19/05/2022;18:18:00;195;Sem vítima;38,700;BR-101/ES;Crescente;Colisão lateral no mesmo sentido;1;4;0;0;0;0;1
20/05/2022;14:14:00;97;Sem vítima;117,000;BR-101/ES;Crescente;Engavetamento;2;3;0;0;0;0;1
20/05/2022;16:13:00;129;Com vítima;300,000;BR-101/ES;Decrescente;Colisão traseira;1;2;2;0;0;0;1
20/05/2022;19:17:00;175;Sem vítima;98,000;BR-101/ES;Crescente;Colisão lateral no mesmo sentido;1;2;0;0;0;0;1
20/05/2022;19:48:00;180;Sem vítima;398,900;BR-101/ES;Decrescente;Colisão traseira;1;2;0;0;0;0;1
22/05/2022;14:14:00;83;Com vítima;149,200;BR-101/ES;Decrescente;Colisão lateral no mesmo sentido;1;2;1;0;0;0;1
22/05/2022;17:06:00;113;Com vítima;80,400;BR-101/ES;Crescente;Engavetamento;1;39;2;0;0;0;1
23/05/2022;06:46:00;27;Sem vítima;276,100;BR-101/ES;Crescente;Colisão transversal;2;2;0;0;0;0;1
23/05/2022;07:55:00;45;Sem vítima;292,800;BR-101/ES;Crescente;Choque;1;1;0;0;0;0;1
23/05/2022;16:04:00;163;Sem vítima;266,300;BR-101/ES;Crescente;Colisão lateral no mesmo sentido;1;2;0;0;0;0;1
23/05/2022;17:58:00;180;Sem vítima;299,000;BR-101/ES;Crescente;Acidentes de outra natureza;1;2;0;0;0;0;1
24/05/2022;15:48:00;128;Sem vítima;322,000;BR-101/ES;Decrescente;Colisão traseira;1;2;0;0;0;0;1
25/05/2022;08:36:00;43;Sem vítima;426,000;BR-101/ES;Decrescente;Colisão transversal;1;2;0;0;0;0;1
27/05/2022;12:40:00;120;Com vítima;263,000;BR-101/ES;Crescente;Colisão traseira;1;1;0;1;0;0;2
27/05/2022;14:28:00;132;Sem vítima;294,200;BR-101/ES;Crescente;Tombamento;1;2;0;0;0;0;1
27/05/2022;18:25:00;177;Sem vítima;290,000;BR-101/ES;Crescente;Engavetamento;1;3;0;0;0;0;1
30/05/2022;07:10:00;31;Sem vítima;294,500;BR-101/ES;Decrescente;Colisão traseira;1;2;0;0;0;0;1
30/05/2022;10:14:00;72;Sem vítima;206,000;BR-101/ES;Decrescente;Choque;1;0;0;0;0;0;1
30/05/2022;11:27:00;87;Sem vítima;393,300;BR-101/ES;Crescente;Colisão traseira;1;2;0;0;0;0;1
31/05/2022;00:43:00;3;Sem vítima;434,400;BR-101/ES;Crescente;Colisão traseira;1;2;0;0;0;0;1
31/05/2022;07:11:00;48;Sem vítima;65,000;BR-101/ES;Decrescente;Colisão traseira;1;2;0;0;0;0;1
01/06/2022;07:05:00;27;Com vítima;261,000;BR-101/ES;Crescente;Colisão lateral no mesmo sentido;1;1;0;1;0;0;2
01/06/2022;14:12:00;132;Sem vítima;269,500;BR-101/ES;Decrescente;Colisão lateral no mesmo sentido;1;2;0;0;0;0;1
01/06/2022;18:54:00;178;Com vítima;23,900;BR-101/ES;Crescente;Atropelamento de animal;1;0;0;1;0;0;2
02/06/2022;06:42:00;24;Com vítima;185,950;BR-101/ES;Decrescente;Engavetamento;3;4;0;1;0;0;2
04/06/2022;00:06:00;1;Com vítima;116,000;BR-101/ES;Crescente;Choque;1;1;1;0;0;0;1
04/06/2022;10:00:00;74;Sem vítima;359,600;BR-101/ES;Crescente;Colisão lateral no mesmo sentido;1;2;0;0;0;0;1
06/06/2022;05:15:00;8;Sem vítima;271,300;BR-101/ES;Crescente;Colisão traseira;1;2;0;0;0;0;1
06/06/2022;14:52:00;109;Com vítima;203,900;BR-101/ES;Decrescente;Colisão traseira;1;1;1;0;0;0;1
06/06/2022;18:44:00;164;Sem vítima;94,000;BR-101/ES;Decrescente;Colisão transversal;1;2;0;0;0;0;1
07/06/2022;01:45:00;6;Sem vítima;147,000;BR-101/ES;Decrescente;Colisão traseira;1;2;0;0;0;0;1
07/06/2022;20:20:00;167;Com vítima;183,600;BR-101/ES;Crescente;Choque;1;1;5;1;0;0;2