data;horario;n_da_ocorrencia;tipo_de_ocorrencia;km;trecho;sentido;tipo_de_acidente;caminhao;ilesos;levemente_feridos;moderadamente_feridos;gravemente_feridos;mortos;3
08/06/2022;01:43:00;4;Com vítima;116,600;BR-101/ES;Crescente;Saída de pista;1;1;1;0;0;0;1
08/06/2022;13:04:00;154;Com vítima;185,000;BR-101/ES;Decrescente;Colisão traseira;1;1;0;1;0;0;2
08/06/2022;13:39:00;163;Sem vítima;28,000;BR-101/ES;Crescente;Colisão traseira;1;1;0;0;0;0;1
08/06/2022;13:56:00;167;Com vítima;291,000;BR-101/ES;Decrescente;Engavetamento;2;4;0;1;0;0;2
08/06/2022;18:50:00;225;Sem vítima;266,150;BR-101/ES;Crescente;Colisão traseira;1;3;0;0;0;0;1
08/06/2022;20:50:00;240;Sem vítima;295,000;BR-101/ES;Crescente;Colisão traseira;1;4;0;0;0;0;1
09/06/2022;17:59:00;177;Sem vítima;228,000;BR-101/ES;Crescente;Colisão traseira;2;2;0;0;0;0;1
09/06/2022;18:53:00;184;Sem vítima;255,500;BR-101/ES;Crescente;Colisão traseira;1;2;0;0;0;0;1
09/06/2022;23:36:00;216;Com vítima;133,200;BR-101/ES;Decrescente;Colisão frontal;2;1;0;1;1;1;3
10/06/2022;14:11:00;122;Sem vítima;294,300;BR-101/ES;Decrescente;Engavetamento;1;3;0;0;0;0;1
10/06/2022;17:12:00;163;Sem vítima;207,000;BR-101/ES;Crescente;Choque;1;4;0;0;0;0;1
10/06/2022;18:43:00;182;Sem vítima;211,000;BR-101/ES;Crescente;Colisão lateral no mesmo sentido;1;5;0;0;0;0;1
10/06/2022;18:54:00;183;Com vítima;126,800;BR-101/ES;Decrescente;Colisão lateral em sentido contrário;1;2;1;0;0;0;1
10/06/2022;23:56:00;232;Sem vítima;291,000;BR-101/ES;Crescente;Choque;1;1;0;0;0;0;1
11/06/2022;06:13:00;24;Com vítima;270,600;BR-101/ES;Decrescente;Colisão frontal;1;2;0;0;0;1;3
12/06/2022;08:12:00;52;Sem vítima;395,000;BR-101/ES;Decrescente;Acidentes de outra natureza;1;1;0;0;0;0;1
14/06/2022;06:53:00;29;Sem vítima;125,100;BR-101/ES;Decrescente;Choque;1;2;0;0;0;0;1
14/06/2022;10:45:00;85;Sem vítima;222,850;BR-101/ES;Decrescente;Desatrelamento;1;1;0;0;0;0;1
15/06/2022;12:43:00;113;Sem vítima;270,830;BR-101/ES;Decrescente;Acidentes de outra natureza;1;1;0;0;0;0;1
15/06/2022;13:03:00;122;Sem vítima;295,500;BR-101/ES;Decrescente;Colisão lateral no mesmo sentido;1;2;0;0;0;0;1
15/06/2022;15:00:00;139;Sem vítima;331,000;BR-101/ES;Decrescente;Choque;1;1;0;0;0;0;1
20/06/2022;19:56:00;193;Com vítima;436,000;BR-101/ES;Crescente;Colisão frontal;1;1;0;1;0;0;2
21/06/2022;17:50:00;150;Com vítima;290,000;BR-101/ES;Decrescente;Queda de moto;1;1;0;1;0;0;2
22/06/2022;04:53:00;12;Sem vítima;183,800;BR-101/ES;Decrescente;Engavetamento;2;3;0;0;0;0;1
22/06/2022;18:59:00;177;Sem vítima;406,400;BR-101/ES;Crescente;Colisão lateral em sentido contrário;1;2;0;0;0;0;1
24/06/2022;05:33:00;22;Com vítima;174,800;BR-101/ES;Decrescente;Colisão transversal;1;4;1;0;0;0;1
24/06/2022;06:39:00;30;Com vítima;143,000;BR-101/ES;Decrescente;Colisão transversal;1;1;2;0;0;0;1
24/06/2022;19:17:00;204;Com vítima;101,000;BR-101/ES;Crescente;Engavetamento;1;2;0;2;0;0;2
25/06/2022;10:43:00;86;Com vítima;301,700;BR-101/ES;Crescente;Atropelamento de pedestre;1;2;0;1;0;0;2
26/06/2022;05:39:00;17;Sem vítima;439,950;BR-101/ES;Crescente;Choque;1;1;0;0;0;0;1
27/06/2022;05:32:00;20;Sem vítima;270,600;BR-101/ES;Crescente;Colisão traseira;1;2;0;0;0;0;1
27/06/2022;07:32:00;42;Sem vítima;266,800;BR-101/ES;Crescente;Colisão traseira;1;2;0;0;0;0;1
27/06/2022;09:08:00;76;Sem vítima;106,000;BR-101/ES;Decrescente;Choque;1;3;0;0;0;0;1
27/06/2022;16:12:00;166;Sem vítima;370,500;BR-101/ES;Crescente;Colisão transversal;1;2;0;0;0;0;1
27/06/2022;22:14:00;218;Sem vítima;218,800;BR-101/ES;Crescente;Choque;1;1;0;0;0;0;1
28/06/2022;00:37:00;1;Sem vítima;135,000;BR-101/ES;Crescente;Choque;1;1;0;0;0;0;1
28/06/2022;14:46:00;137;Sem vítima;266,400;BR-101/ES;Decrescente;Colisão lateral no mesmo sentido;1;2;0;0;0;0;1
28/06/2022;16:16:00;157;Sem vítima;288,200;BR-101/ES;Crescente;Tombamento;1;1;0;0;0;0;1
29/06/2022;11:26:00;96;Sem vítima;306,000;BR-101/ES;Decrescente;Choque;1;2;0;0;0;0;1
29/06/2022;16:11:00;143;Com vítima;392,800;BR-101/ES;Decrescente;Colisão lateral em sentido contrário;1;1;1;0;0;0;1
29/06/2022;23:08:00;200;Com vítima;439,000;BR-101/ES;Decrescente;Colisão lateral no mesmo sentido;1;1;0;2;0;0;2
30/06/2022;07:12:00;24;Sem vítima;263,800;BR-101/ES;Crescente;Colisão lateral no mesmo sentido;1;3;0;0;0;0;1
30/06/2022;08:01:00;43;Sem vítima;320,700;BR-101/ES;Decrescente;Colisão traseira;1;4;0;0;0;0;1
30/06/2022;09:37:00;66;Sem vítima;49,800;BR-101/ES;Decrescente;Colisão lateral em sentido contrário;1;2;0;0;0;0;1
30/06/2022;10:15:00;73;Com vítima;396,400;BR-101/ES;Crescente;Saída de pista;1;0;1;0;0;0;1
30/06/2022;15:59:00;134;Com vítima;53,700;BR-101/ES;Decrescente;Colisão traseira;1;1;1;0;0;0;1
01/07/2022;08:31:00;66;Sem vítima;288,000;BR-101/ES;Decrescente;Colisão traseira;1;3;0;0;0;0;1
01/07/2022;15:58:00;170;Com vítima;28,200;BR-101/ES;Crescente;Colisão traseira;1;1;0;1;1;0;2
01/07/2022;21:58:00;243;Sem vítima;377,000;BR-101/ES;Crescente;Choque;1;2;0;0;0;0;1
02/07/2022;00:22:00;2;Com vítima;4,500;BR-101/ES;Crescente;Tombamento;1;0;2;0;0;0;1
04/07/2022;06:49:00;21;Com vítima;147,000;BR-101/ES;Decrescente;Colisão transversal;1;1;1;0;0;0;1
04/07/2022;18:55:00;170;Sem vítima;139,000;BR-101/ES;Decrescente;Saída de pista;1;1;0;0;0;0;1
05/07/2022;06:54:00;19;Com vítima;259,000;BR-101/ES;Crescente;Colisão traseira;1;1;0;0;0;1;3
05/07/2022;18:12:00;134;Sem vítima;382,000;BR-101/ES;Crescente;Colisão traseira;1;1;0;0;0;0;1
06/07/2022;11:48:00;105;Sem vítima;452,300;BR-101/ES;Decrescente;Acidentes de outra natureza;1;1;0;0;0;0;1
08/07/2022;16:53:00;140;Sem vítima;287,000;BR-101/ES;Decrescente;Choque;1;1;0;0;0;0;1
08/07/2022;16:57:00;141;Com vítima;124,500;BR-101/ES;Decrescente;Colisão traseira;1;3;0;1;0;1;3
10/07/2022;17:29:00;159;Sem vítima;0,800;BR-101/ES;Crescente;Colisão traseira;1;3;0;0;0;0;1
10/07/2022;20:41:00;185;Com vítima;366,400;BR-101/ES;Crescente;Colisão transversal;1;1;0;0;1;0;2
11/07/2022;07:35:00;38;Com vítima;388,400;BR-101/ES;Decrescente;Tombamento;1;0;1;2;0;0;2
11/07/2022;17:29:00;160;Sem vítima;270,600;BR-101/ES;Decrescente;Colisão lateral no mesmo sentido;1;3;0;0;0;0;1
12/07/2022;08:04:00;37;Sem vítima;320,800;BR-101/ES;Crescente;Choque;1;1;0;0;0;0;1
12/07/2022;10:10:00;70;Sem vítima;432,000;BR-101/ES;Crescente;Colisão traseira;1;2;0;0;0;0;1
12/07/2022;11:19:00;89;Sem vítima;293,000;BR-101/ES;Decrescente;Colisão lateral no mesmo sentido;2;3;0;0;0;0;1
12/07/2022;17:05:00;159;Sem vítima;253,000;BR-101/ES;Crescente;Engavetamento;1;6;0;0;0;0;1
13/07/2022;20:08:00;209;Sem vítima;223,000;BR-101/ES;Decrescente;Colisão traseira;2;2;0;0;0;0;1
14/07/2022;01:18:00;3;Sem vítima;229,700;BR-101/ES;Crescente;Colisão traseira;1;2;0;0;0;0;1
14/07/2022;06:38:00;29;Com vítima;19,000;BR-101/ES;Decrescente;Tombamento;1;0;1;0;1;0;2
14/07/2022;07:37:00;56;Com vítima;293,200;BR-101/ES;Decrescente;Colisão lateral no mesmo sentido;1;1;0;0;0;1;3
14/07/2022;12:02:00;100;Sem vítima;271,000;BR-101/ES;Decrescente;Colisão traseira;1;2;0;0;0;0;1
14/07/2022;13:44:00;115;Sem vítima;270,000;BR-101/ES;Crescente;Colisão transversal;1;4;0;0;0;0;1
14/07/2022;22:23:00;208;Sem vítima;293,000;BR-101/ES;Decrescente;Colisão lateral no mesmo sentido;1;2;0;0;0;0;1
15/07/2022;16:13:00;149;Sem vítima;158,800;BR-101/ES;Decrescente;Saída de pista;1;2;0;0;0;0;1
15/07/2022;19:36:00;189;Com vítima;32,000;BR-101/ES;Crescente;Colisão transversal;1;1;1;0;0;0;1
18/07/2022;07:09:00;52;Com vítima;13,800;BR-101/ES;Crescente;Saída de pista;1;0;1;1;0;0;2
18/07/2022;09:59:00;100;Com vítima;297,600;BR-101/ES;Crescente;Colisão traseira;1;1;0;0;1;0;2
19/07/2022;14:53:00;140;Sem vítima;276,000;BR-101/ES;Decrescente;Colisão traseira;1;1;0;0;0;0;1
19/07/2022;16:36:00;159;Sem vítima;394,900;BR-101/ES;Crescente;Colisão traseira;1;3;0;0;0;0;1
20/07/2022;13:16:00;111;Sem vítima;269,000;BR-101/ES;Crescente;Colisão transversal;1;2;0;0;0;0;1
20/07/2022;19:32:00;183;Sem vítima;437,800;BR-101/ES;Crescente;Saída de pista;1;1;0;0;0;0;1
20/07/2022;21:01:00;196;Sem vítima;75,200;BR-101/ES;Crescente;Engavetamento;1;3;0;0;0;0;1
21/07/2022;06:32:00;26;Sem vítima;253,800;BR-101/ES;Crescente;Engavetamento;2;5;0;0;0;0;1
21/07/2022;18:47:00;172;Sem vítima;248,200;BR-101/ES;Crescente;Colisão traseira;1;0;0;0;0;0;1
21/07/2022;20:44:00;191;Com vítima;149,000;BR-101/ES;Decrescente;Colisão transversal;1;1;2;0;0;0;1
22/07/2022;05:05:00;12;Sem vítima;273,000;BR-101/ES;Decrescente;Saída de pista;1;1;0;0;0;0;1
22/07/2022;06:33:00;28;Com vítima;231,000;BR-101/ES;Decrescente;Atropelamento de pedestre;1;1;0;0;1;1;3
22/07/2022;12:10:00;115;Com vítima;135,000;BR-101/ES;Crescente;Engavetamento;1;8;1;0;0;0;1
22/07/2022;14:29:00;144;Sem vítima;946,000;BR-101/ES;Crescente;Colisão lateral no mesmo sentido;1;4;0;0;0;0;1
22/07/2022;14:31:00;145;Com vítima;254,000;BR-101/ES;Crescente;Colisão lateral em sentido contrário;1;1;0;0;2;0;2
22/07/2022;14:59:00;155;Com vítima;210,800;BR-101/ES;Crescente;Tombamento;1;4;1;1;1;0;2
22/07/2022;16:33:00;182;Sem vítima;61,000;BR-101/ES;Crescente;Colisão traseira;1;1;0;0;0;0;1
23/07/2022;01:34:00;3;Sem vítima;22,000;BR-101/ES;Crescente;Colisão lateral no mesmo sentido;1;7;0;0;0;0;1
26/07/2022;00:51:00;5;Sem vítima;230,000;BR-101/ES;Decrescente;Colisão lateral em sentido contrário;1;2;0;0;0;0;1
27/07/2022;10:16:00;76;Sem vítima;270,700;BR-101/ES;Decrescente;Colisão lateral no mesmo sentido;1;3;0;0;0;0;1
28/07/2022;05:09:00;15;Sem vítima;340,600;BR-101/ES;Crescente;Saída de pista;1;1;0;0;0;0;1
29/07/2022;09:37:00;66;Com vítima;172,000;BR-101/ES;Crescente;Colisão lateral no mesmo sentido;1;4;2;0;0;0;1
30/07/2022;14:05:00;94;Com vítima;357,000;BR-101/ES;Decrescente;Colisão traseira;1;3;1;0;0;0;1
31/07/2022;08:02:00;23;Sem vítima;294,000;BR-101/ES;Decrescente;Colisão traseira;1;2;0;0;0;0;1
01/08/2022;00:49:00;3;Sem vítima;117,000;BR-101/ES;Crescente;Colisão lateral no mesmo sentido;1;2;0;0;0;0;1
01/08/2022;09:08:00;58;Com vítima;292,000;BR-101/ES;Decrescente;Colisão lateral no mesmo sentido;1;1;1;0;0;0;1
01/08/2022;15:17:00;113;Com vítima;146,500;BR-101/ES;Crescente;Engavetamento;3;2;0;0;1;0;2
02/08/2022;07:34:00;36;Com vítima;383,500;BR-101/ES;Decrescente;Engavetamento;2;5;1;1;0;0;2
02/08/2022;07:57:00;45;Com vítima;153,500;BR-101/ES;Decrescente;Engavetamento;1;3;1;0;0;0;1
03/08/2022;11:19:00;106;Sem vítima;260,000;BR-101/ES;Decrescente;Choque;1;1;0;0;0;0;1
03/08/2022;11:28:00;109;Sem vítima;266,200;BR-101/ES;Crescente;Engavetamento;1;2;0;0;0;0;1
04/08/2022;07:41:00;42;Sem vítima;268,000;BR-101/ES;Crescente;Colisão traseira;1;1;0;0;0;0;1
04/08/2022;10:49:00;84;Com vítima;188,101;BR-101/ES;Crescente;Colisão lateral em sentido contrário;1;3;2;0;0;0;1
04/08/2022;15:03:00;117;Sem vítima;276,000;BR-101/ES;Decrescente;Choque;1;1;0;0;0;0;1
04/08/2022;19:16:00;172;Com vítima;46,000;BR-101/ES;Crescente;Colisão lateral no mesmo sentido;1;1;1;0;0;0;1
05/08/2022;10:54:00;88;Sem vítima;307,000;BR-101/ES;Crescente;Colisão lateral no mesmo sentido;1;2;0;0;0;0;1
05/08/2022;16:18:00;156;Com vítima;270,000;BR-101/ES;Decrescente;Engavetamento;1;8;1;0;0;0;1
08/08/2022;07:56:00;49;Sem vítima;19,000;BR-101/ES;Decrescente;Colisão traseira;1;2;0;0;0;0;1
09/08/2022;01:28:00;6;Com vítima;384,950;BR-101/ES;Decrescente;Atropelamento de animal;1;0;0;1;0;0;2
09/08/2022;10:06:00;58;Sem vítima;29,900;BR-101/ES;Decrescente;Colisão lateral no mesmo sentido;1;2;0;0;0;0;1
09/08/2022;17:35:00;126;Com vítima;262,000;BR-101/ES;Decrescente;Colisão traseira;1;2;0;1;0;0;2
10/08/2022;12:50:00;114;Sem vítima;102,900;BR-101/ES;Crescente;Acidentes de outra natureza;1;0;0;0;0;0;1
10/08/2022;14:31:00;128;Sem vítima;254,000;BR-101/ES;Crescente;Engavetamento;1;3;0;0;0;0;1
11/08/2022;16:33:00;171;Sem vítima;398,900;BR-101/ES;Crescente;Choque;1;1;0;0;0;0;1
12/08/2022;15:27:00;154;Com vítima;307,700;BR-101/ES;Decrescente;Colisão traseira;1;2;0;1;0;0;2
14/08/2022;03:51:00;18;Sem vítima;222,200;BR-101/ES;Crescente;Choque;1;1;0;0;0;0;1
14/08/2022;04:52:00;20;Com vítima;408,500;BR-101/ES;Decrescente;Colisão lateral em sentido contrário;1;3;1;0;0;0;1
15/08/2022;10:04:00;78;Sem vítima;180,000;BR-101/ES;Decrescente;Saída de pista;1;2;0;0;0;0;1
15/08/2022;15:00:00;119;Sem vítima;254,000;BR-101/ES;Crescente;Colisão traseira;1;6;0;0;0;0;1
15/08/2022;20:00:00;171;Sem vítima;451,000;BR-101/ES;Crescente;Tombamento;1;2;0;0;0;0;1
16/08/2022;07:06:00;31;Com vítima;147,500;BR-101/ES;Decrescente;Atropelamento de ciclista;1;1;1;0;0;0;1
17/08/2022;09:50:00;69;Sem vítima;149,000;BR-101/ES;Decrescente;Engavetamento;1;1;0;0;0;0;1
17/08/2022;18:17:00;153;Sem vítima;263,900;BR-101/ES;Crescente;Acidentes de outra natureza;1;1;0;0;0;0;1
19/08/2022;10:51:00;83;Sem vítima;388,600;BR-101/ES;Crescente;Engavetamento;2;5;0;0;0;0;1
19/08/2022;15:31:00;125;Com vítima;281,000;BR-101/ES;Crescente;Colisão transversal;1;1;1;0;0;0;1
19/08/2022;17:38:00;151;Sem vítima;254,000;BR-101/ES;Crescente;Engavetamento;1;5;0;0;0;0;1
20/08/2022;08:46:00;46;Sem vítima;363,000;BR-101/ES;Crescente;Choque;1;2;0;0;0;0;1
21/08/2022;21:32:00;152;Sem vítima;354,600;BR-101/ES;Crescente;Choque;1;1;0;0;0;0;1
22/08/2022;13:47:00;104;Sem vítima;229,400;BR-101/ES;Decrescente;Choque;1;2;0;0;0;0;1
23/08/2022;05:16:00;22;Sem vítima;417,800;BR-101/ES;Decrescente;Atropelamento de animal;1;1;0;0;0;0;1
23/08/2022;13:35:00;115;Sem vítima;259,900;BR-101/ES;Crescente;Colisão lateral no mesmo sentido;1;2;0;0;0;0;1
24/08/2022;08:52:00;53;Sem vítima;110,000;BR-101/ES;Crescente;Colisão traseira;1;2;0;0;0;0;1
24/08/2022;16:12:00;120;Sem vítima;361,000;BR-101/ES;Decrescente;Colisão traseira;1;9;0;0;0;0;1
24/08/2022;20:29:00;171;Sem vítima;298,000;BR-101/ES;Decrescente;Colisão lateral no mesmo sentido;1;3;0;0;0;0;1
25/08/2022;08:19:00;47;Sem vítima;258,900;BR-101/ES;Crescente;Choque;1;0;0;0;0;0;1
25/08/2022;08:57:00;57;Sem vítima;258,500;BR-101/ES;Crescente;Colisão lateral no mesmo sentido;1;2;0;0;0;0;1
25/08/2022;09:46:00;68;Sem vítima;384,000;BR-101/ES;Decrescente;Choque;1;2;0;0;0;0;1
26/08/2022;20:43:00;164;Sem vítima;28,000;BR-101/ES;Crescente;Choque;1;1;0;0;0;0;1
29/08/2022;10:13:00;73;Sem vítima;276,000;BR-101/ES;Decrescente;Choque;1;1;0;0;0;0;1
29/08/2022;12:51:00;99;Com vítima;393,500;BR-101/ES;Crescente;Colisão lateral em sentido contrário;1;1;0;2;0;0;2
29/08/2022;14:59:00;113;Sem vítima;259,250;BR-101/ES;Decrescente;Tombamento;1;2;0;0;0;0;1
29/08/2022;17:53:00;144;Sem vítima;358,300;BR-101/ES;Decrescente;Saída de pista;1;3;0;0;0;0;1
30/08/2022;15:01:00;107;Com vítima;315,700;BR-101/ES;Decrescente;Capotamento;1;0;1;0;0;0;1
31/08/2022;03:30:00;14;Sem vítima;90,600;BR-101/ES;Decrescente;Colisão traseira;1;1;0;0;0;0;1
31/08/2022;06:55:00;26;Sem vítima;142,700;BR-101/ES;Decrescente;Colisão traseira;1;2;0;0;0;0;1
31/08/2022;08:16:00;72;Sem vítima;334,000;BR-101/ES;Decrescente;Colisão transversal;1;2;0;0;0;0;1
31/08/2022;13:10:00;126;Com vítima;291,000;BR-101/ES;Decrescente;Colisão lateral no mesmo sentido;1;1;0;1;0;0;2
01/09/2022;08:13:00;43;Sem vítima;281,000;BR-101/ES;Decrescente;Colisão traseira;1;5;0;0;0;0;1
01/09/2022;11:13:00;80;Com vítima;262,300;BR-101/ES;Decrescente;Engavetamento;1;5;0;1;0;0;2
01/09/2022;11:34:00;84;Com vítima;240,400;BR-101/ES;Decrescente;Choque;1;2;1;0;0;0;1
02/09/2022;15:52:00;116;Com vítima;294,100;BR-101/ES;Crescente;Engavetamento;2;4;0;1;0;0;2
02/09/2022;16:34:00;126;Com vítima;69,600;BR-101/ES;Crescente;Colisão transversal;1;1;1;0;0;0;1
03/09/2022;01:06:00;10;Sem vítima;316,200;BR-101/ES;Crescente;Colisão lateral no mesmo sentido;1;3;0;0;0;0;1
03/09/2022;10:11:00;74;Sem vítima;285,000;BR-101/ES;Decrescente;Choque;1;2;0;0;0;0;1
03/09/2022;15:50:00;128;Sem vítima;298,000;BR-101/ES;Decrescente;Colisão lateral no mesmo sentido;1;0;0;0;0;0;1
05/09/2022;01:19:00;5;Sem vítima;275,000;BR-101/ES;Decrescente;Colisão traseira;1;2;0;0;0;0;1
06/09/2022;15:46:00;121;Sem vítima;272,000;BR-101/ES;Decrescente;Engavetamento;1;3;0;0;0;0;1
06/09/2022;16:20:00;127;Sem vítima;254,000;BR-101/ES;Crescente;Colisão traseira;1;2;0;0;0;0;1
07/09/2022;04:09:00;18;Com vítima;182,500;BR-101/ES;Decrescente;Colisão traseira;1;2;0;0;0;0;1
10/09/2022;20:53:00;149;Com vítima;93,400;BR-101/ES;Decrescente;Colisão transversal;1;1;0;0;1;0;2
12/09/2022;10:30:00;100;Sem vítima;265,000;BR-101/ES;Crescente;Colisão traseira;1;3;0;0;0;0;1
13/09/2022;11:50:00;79;Sem vítima;337,000;BR-101/ES;Decrescente;Colisão traseira;1;5;0;0;0;0;1
13/09/2022;15:26:00;109;Sem vítima;360,000;BR-101/ES;Crescente;Colisão traseira;2;3;0;0;0;0;1
13/09/2022;22:46:00;164;Com vítima;279,400;BR-101/ES;Crescente;Colisão traseira;1;1;0;1;0;0;2
14/09/2022;13:15:00;114;Sem vítima;185,900;BR-101/ES;Crescente;Choque;1;1;0;0;0;0;1
15/09/2022;07:21:00;36;Sem vítima;398,900;BR-101/ES;Crescente;Colisão traseira;1;2;0;0;0;0;1
15/09/2022;23:42:00;190;Sem vítima;179,700;BR-101/ES;Crescente;Saída de pista;1;1;0;0;0;0;1
16/09/2022;06:42:00;21;Sem vítima;264,000;BR-101/ES;Decrescente;Colisão traseira;2;3;0;0;0;0;1
16/09/2022;13:37:00;114;Sem vítima;146,500;BR-101/ES;Crescente;Choque;1;2;0;0;0;0;1
16/09/2022;17:49:00;158;Sem vítima;304,700;BR-101/ES;Decrescente;Colisão traseira;1;2;0;0;0;0;1
20/09/2022;13:35:00;130;Sem vítima;265,000;BR-101/ES;Decrescente;Colisão traseira;1;2;0;0;0;0;1
20/09/2022;16:44:00;167;Sem vítima;229,500;BR-101/ES;Crescente;Colisão traseira;1;2;0;0;0;0;1
21/09/2022;11:00:00;85;Sem vítima;124,300;BR-101/ES;Decrescente;Colisão lateral no mesmo sentido;1;2;0;0;0;0;1
21/09/2022;12:43:00;106;Sem vítima;398,200;BR-101/ES;Decrescente;Tombamento;1;1;0;0;0;0;1
22/09/2022;06:30:00;23;Sem vítima;268,000;BR-101/ES;Crescente;Colisão traseira;1;3;0;0;0;0;1
22/09/2022;11:19:00;84;Sem vítima;150,400;BR-101/ES;Crescente;Colisão lateral em sentido contrário;1;3;0;0;0;0;1
22/09/2022;13:34:00;103;Com vítima;140,800;BR-101/ES;Decrescente;Colisão lateral em sentido contrário;1;1;0;1;0;0;2
22/09/2022;14:38:00;112;Com vítima;389,000;BR-101/ES;Decrescente;Colisão frontal;1;1;0;1;0;0;2
23/09/2022;05:52:00;14;Sem vítima;265,800;BR-101/ES;Crescente;Colisão traseira;1;2;0;0;0;0;1
23/09/2022;15:56:00;136;Sem vítima;140,000;BR-101/ES;Crescente;Colisão transversal;1;3;0;0;0;0;1
24/09/2022;10:08:00;85;Sem vítima;77,000;BR-101/ES;Decrescente;Colisão traseira;1;3;0;0;0;0;1
26/09/2022;18:35:00;162;Sem vítima;66,000;BR-101/ES;Decrescente;Colisão lateral no mesmo sentido;1;2;0;0;0;0;1
28/09/2022;02:16:00;7;Sem vítima;388,400;BR-101/ES;Decrescente;Tombamento;1;1;0;0;0;0;1
28/09/2022;15:14:00;116;Sem vítima;269,600;BR-101/ES;Decrescente;Saída de pista;1;5;0;0;0;0;1
29/09/2022;17:48:00;158;Sem vítima;252,900;BR-101/ES;Crescente;Colisão traseira;2;2;0;0;0;0;1
30/09/2022;06:06:00;16;Com vítima;267,800;BR-101/ES;Crescente;Choque;1;0;1;0;0;0;1
30/09/2022;06:31:00;21;Com vítima;393,550;BR-101/ES;Crescente;Colisão frontal;1;1;0;2;0;0;2
03/10/2022;16:54:00;126;Sem vítima;297,500;BR-101/ES;Crescente;Colisão traseira;3;3;0;0;0;0;1
04/10/2022;09:15:00;55;Com vítima;225,500;BR-101/ES;Crescente;Tombamento;1;0;1;0;0;0;1
04/10/2022;11:38:00;82;Com vítima;289,000;BR-101/ES;Decrescente;Engavetamento;1;3;0;1;0;0;2
04/10/2022;12:10:00;86;Sem vítima;288,000;BR-101/ES;Decrescente;Colisão lateral em sentido contrário;2;2;0;0;0;0;1
04/10/2022;15:33:00;108;Sem vítima;293,000;BR-101/ES;Decrescente;Colisão transversal;1;2;0;0;0;0;1
04/10/2022;21:27:00;149;Sem vítima;270,300;BR-101/ES;Decrescente;Choque;1;2;0;0;0;0;1
04/10/2022;22:05:00;153;Sem vítima;289,600;BR-101/ES;Decrescente;Saída de pista;1;1;0;0;0;0;1
05/10/2022;06:15:00;23;Sem vítima;62,500;BR-101/ES;Decrescente;Colisão traseira;1;2;0;0;0;0;1
05/10/2022;11:59:00;87;Com vítima;213,000;BR-101/ES;Decrescente;Colisão traseira;1;1;1;0;0;0;1
07/10/2022;10:36:00;73;Sem vítima;258,000;BR-101/ES;Decrescente;Colisão traseira;1;2;0;0;0;0;1
07/10/2022;18:54:00;166;Sem vítima;208,000;BR-101/ES;Crescente;Colisão traseira;1;2;0;0;0;0;1
08/10/2022;12:40:00;86;Sem vítima;941,000;BR-101/ES;Decrescente;Colisão transversal;1;4;0;0;0;0;1
08/10/2022;15:17:00;107;Sem vítima;127,000;BR-101/ES;Crescente;Colisão traseira;1;6;0;0;0;0;1
09/10/2022;23:33:00;143;Sem vítima;265,300;BR-101/ES;Crescente;Colisão traseira;1;3;0;0;0;0;1
10/10/2022;07:21:00;38;Com vítima;191,000;BR-101/ES;Decrescente;Colisão lateral no mesmo sentido;1;3;1;0;0;0;1
10/10/2022;17:02:00;168;Sem vítima;214,000;BR-101/ES;Crescente;Colisão transversal;1;3;0;0;0;0;1
11/10/2022;19:40:00;169;Com vítima;72,000;BR-101/ES;Crescente;Saída de pista;1;1;4;0;0;0;1
12/10/2022;16:47:00;126;Sem vítima;263,800;BR-101/ES;Decrescente;Colisão lateral no mesmo sentido;1;2;0;0;0;0;1
13/10/2022;06:53:00;21;Sem vítima;145,200;BR-101/ES;Crescente;Colisão lateral no mesmo sentido;1;4;0;0;0;0;1
13/10/2022;19:15:00;162;Sem vítima;358,000;BR-101/ES;Crescente;Colisão lateral no mesmo sentido;1;3;0;0;0;0;1
14/10/2022;08:52:00;71;Sem vítima;213,000;BR-101/ES;Crescente;Engavetamento;1;2;0;0;0;0;1
17/10/2022;14:21:00;113;Sem vítima;320,800;BR-101/ES;Crescente;Choque;1;1;0;0;0;0;1
17/10/2022;17:50:00;147;Com vítima;64,300;BR-101/ES;Crescente;Colisão transversal;1;1;0;1;0;0;2
18/10/2022;11:52:00;103;Sem vítima;77,200;BR-101/ES;Crescente;Colisão lateral no mesmo sentido;1;4;0;0;0;0;1