data;horario;n_da_ocorrencia;tipo_de_ocorrencia;km;trecho;sentido;tipo_de_acidente;caminhao;ilesos;levemente_feridos;moderadamente_feridos;gravemente_feridos;mortos;3
18/10/2022;13:35:00;115;Com vítima;288,000;BR-101/ES;Crescente;Choque;1;0;0;3;0;0;2
19/10/2022;06:44:00;28;Com vítima;286,700;BR-101/ES;Crescente;Colisão traseira;1;3;0;1;0;0;2
19/10/2022;06:54:00;32;Com vítima;267,300;BR-101/ES;Crescente;Colisão lateral no mesmo sentido;1;4;4;0;0;0;1
19/10/2022;10:58:00;76;Sem vítima;118,000;BR-101/ES;Crescente;Colisão traseira;2;4;0;0;0;0;1
19/10/2022;19:58:00;154;Com vítima;347,900;BR-101/ES;Crescente;Choque;1;0;0;1;0;0;2
20/10/2022;04:47:00;15;Sem vítima;263,000;BR-101/ES;Crescente;Colisão transversal;1;2;0;0;0;0;1
20/10/2022;11:01:00;86;Sem vítima;267,000;BR-101/ES;Decrescente;Colisão lateral no mesmo sentido;1;0;0;0;0;0;1
21/10/2022;11:16:00;89;Sem vítima;254,700;BR-101/ES;Crescente;Engavetamento;1;15;0;0;0;0;1
21/10/2022;16:55:00;149;Sem vítima;271,000;BR-101/ES;Decrescente;Colisão traseira;1;2;0;0;0;0;1
21/10/2022;17:23:00;158;Sem vítima;249,000;BR-101/ES;Crescente;Colisão lateral no mesmo sentido;1;2;0;0;0;0;1
21/10/2022;18:26:00;170;Com vítima;212,500;BR-101/ES;Crescente;Engavetamento;1;7;0;1;0;0;2
21/10/2022;19:12:00;180;Sem vítima;171,000;BR-101/ES;Crescente;Colisão traseira;1;3;0;0;0;0;1
21/10/2022;22:51:00;217;Sem vítima;184,000;BR-101/ES;Decrescente;Tombamento;1;2;0;0;0;0;1
24/10/2022;03:16:00;9;Sem vítima;320,800;BR-101/ES;Crescente;Colisão traseira;2;2;0;0;0;0;1
24/10/2022;16:10:00;99;Sem vítima;446,000;BR-101/ES;Crescente;Choque;1;1;0;0;0;0;1
24/10/2022;17:57:00;122;Com vítima;287,000;BR-101/ES;Decrescente;Choque;1;0;0;1;0;0;2
27/10/2022;13:37:00;111;Sem vítima;146,000;BR-101/ES;Crescente;Colisão lateral no mesmo sentido;1;3;0;0;0;0;1
27/10/2022;15:39:00;133;Com vítima;288,500;BR-101/ES;Crescente;Engavetamento;2;14;0;0;2;0;2
29/10/2022;23:26:00;156;Com vítima;17,600;BR-101/ES;Crescente;Colisão frontal;1;1;0;0;1;0;2
31/10/2022;05:19:00;21;Com vítima;241,000;BR-101/ES;Crescente;Colisão transversal;1;1;0;0;1;0;2
31/10/2022;07:08:00;36;Sem vítima;119,700;BR-101/ES;Decrescente;Colisão traseira;1;7;0;0;0;0;1
01/11/2022;14:01:00;64;Com vítima;295,000;BR-101/ES;Crescente;Colisão lateral no mesmo sentido;1;1;0;1;0;0;2
02/11/2022;05:36:00;15;Sem vítima;349,200;BR-101/ES;Decrescente;Tombamento;1;1;0;0;0;0;1
02/11/2022;13:18:00;72;Com vítima;235,000;BR-101/ES;Decrescente;Choque;1;0;0;1;0;0;2
02/11/2022;15:42:00;79;Sem vítima;289,000;BR-101/ES;Decrescente;Colisão traseira;1;2;0;0;0;0;1
02/11/2022;20:52:00;111;Com vítima;311,000;BR-101/ES;Crescente;Tombamento;1;0;1;0;0;0;1
03/11/2022;03:37:00;5;Sem vítima;422,200;BR-101/ES;Decrescente;Tombamento;1;1;0;0;0;0;1
03/11/2022;06:17:00;10;Sem vítima;159,800;BR-101/ES;Crescente;Colisão lateral em sentido contrário;1;2;0;0;0;0;1
04/11/2022;13:11:00;92;Sem vítima;203,000;BR-101/ES;Crescente;Colisão traseira;1;2;0;0;0;0;1
08/11/2022;16:05:00;125;Sem vítima;439,000;BR-101/ES;Crescente;Colisão transversal;1;2;0;0;0;0;1
09/11/2022;09:23:00;51;Com vítima;267,400;BR-101/ES;Crescente;Colisão traseira;1;1;0;1;0;0;2
10/11/2022;14:05:00;101;Sem vítima;269,000;BR-101/ES;Decrescente;Engavetamento;1;3;0;0;0;0;1
13/11/2022;06:17:00;27;Sem vítima;408,000;BR-101/ES;Crescente;Tombamento;1;1;0;0;0;0;1
14/11/2022;20:15:00;148;Com vítima;159,700;BR-101/ES;Crescente;Engavetamento;2;4;0;0;1;1;3
15/11/2022;09:37:00;65;Com vítima;407,800;BR-101/ES;Crescente;Colisão traseira;1;1;0;1;0;0;2
15/11/2022;20:55:00;188;Com vítima;439,000;BR-101/ES;Crescente;Colisão transversal;1;1;0;0;1;0;2
16/11/2022;10:27:00;59;Sem vítima;285,000;BR-101/ES;Crescente;Saída de pista;1;1;0;0;0;0;1
16/11/2022;14:15:00;101;Com vítima;221,000;BR-101/ES;Decrescente;Colisão traseira;2;1;0;2;0;0;2
17/11/2022;00:08:00;1;Sem vítima;408,000;BR-101/ES;Crescente;Tombamento;1;1;0;0;0;0;1
17/11/2022;07:41:00;25;Com vítima;82,700;BR-101/ES;Crescente;Colisão lateral em sentido contrário;1;1;1;0;0;0;1
17/11/2022;14:29:00;94;Com vítima;93,500;BR-101/ES;Crescente;Tombamento;1;0;1;2;0;0;2
17/11/2022;17:17:00;116;Sem vítima;239,300;BR-101/ES;Decrescente;Colisão lateral em sentido contrário;1;2;0;0;0;0;1
18/11/2022;17:59:00;167;Sem vítima;119,800;BR-101/ES;Decrescente;Colisão traseira;1;2;0;0;0;0;1
21/11/2022;10:23:00;75;Sem vítima;294,000;BR-101/ES;Crescente;Colisão lateral no mesmo sentido;1;2;0;0;0;0;1
22/11/2022;04:32:00;9;Com vítima;440,000;BR-101/ES;Crescente;Saída de pista;1;0;1;0;0;0;1
22/11/2022;06:03:00;15;Sem vítima;286,000;BR-101/ES;Decrescente;Colisão traseira;1;3;0;0;0;0;1
22/11/2022;14:04:00;103;Sem vítima;255,400;BR-101/ES;Crescente;Colisão traseira;1;3;0;0;0;0;1
22/11/2022;17:51:00;155;Sem vítima;147,000;BR-101/ES;Crescente;Colisão traseira;1;2;0;0;0;0;1
23/11/2022;00:10:00;2;Sem vítima;308,000;BR-101/ES;Decrescente;Colisão traseira;1;2;0;0;0;0;1
23/11/2022;06:31:00;20;Sem vítima;367,000;BR-101/ES;Decrescente;Engavetamento;1;3;0;0;0;0;1
23/11/2022;06:46:00;23;Sem vítima;288,000;BR-101/ES;Decrescente;Colisão transversal;1;3;0;0;0;0;1
23/11/2022;13:44:00;104;Sem vítima;339,000;BR-101/ES;Crescente;Colisão lateral em sentido contrário;1;2;0;0;0;0;1
24/11/2022;05:34:00;12;Sem vítima;280,400;BR-101/ES;Decrescente;Colisão lateral no mesmo sentido;1;2;0;0;0;0;1
24/11/2022;14:51:00;106;Com vítima;360,200;BR-101/ES;Crescente;Colisão lateral em sentido contrário;1;2;1;0;0;0;1
24/11/2022;18:04:00;129;Sem vítima;119,000;BR-101/ES;Crescente;Colisão traseira;1;3;0;0;0;0;1
25/11/2022;07:48:00;33;Sem vítima;269,600;BR-101/ES;Decrescente;Colisão lateral no mesmo sentido;1;3;0;0;0;0;1
25/11/2022;08:36:00;40;Sem vítima;255,000;BR-101/ES;Crescente;Engavetamento;1;2;0;0;0;0;1
25/11/2022;11:38:00;75;Com vítima;276,500;BR-101/ES;Crescente;Engavetamento;3;2;1;3;0;0;2
25/11/2022;13:27:00;90;Sem vítima;273,000;BR-101/ES;Decrescente;Colisão traseira;1;1;0;0;0;0;1
25/11/2022;15:55:00;120;Sem vítima;398,900;BR-101/ES;Crescente;Engavetamento;1;7;0;0;0;0;1
25/11/2022;18:52:00;155;Com vítima;242,900;BR-101/ES;Crescente;Atropelamento de pedestre;1;4;0;0;0;1;3
25/11/2022;20:45:00;188;Com vítima;94,000;BR-101/ES;Crescente;Colisão transversal;1;1;1;0;0;0;1
25/11/2022;21:39:00;194;Sem vítima;338,000;BR-101/ES;Crescente;Saída de pista;1;1;0;0;0;0;1
26/11/2022;14:25:00;144;Sem vítima;261,000;BR-101/ES;Crescente;Saída de pista;1;1;0;0;0;0;1
26/11/2022;20:36:00;200;Sem vítima;263,000;BR-101/ES;Crescente;Colisão transversal;1;2;0;0;0;0;1
29/11/2022;14:02:00;109;Com vítima;145,500;BR-101/ES;Crescente;Colisão traseira;1;1;0;1;0;0;2
29/11/2022;20:36:00;180;Com vítima;66,600;BR-101/ES;Decrescente;Colisão traseira;1;2;2;1;0;0;2
01/12/2022;06:18:00;39;Com vítima;298,000;BR-101/ES;Crescente;Colisão traseira;1;1;0;1;0;0;2
02/12/2022;05:13:00;26;Com vítima;7,000;BR-101/ES;Crescente;Saída de pista;1;0;1;0;0;0;1
02/12/2022;08:23:00;56;Com vítima;279,000;BR-101/ES;Decrescente;Colisão traseira;1;2;0;1;0;0;2
02/12/2022;09:59:00;76;Sem vítima;264,500;BR-101/ES;Crescente;Colisão lateral no mesmo sentido;1;2;0;0;0;0;1
03/12/2022;19:15:00;178;Com vítima;237,000;BR-101/ES;Crescente;Colisão transversal;1;1;1;1;1;0;2
05/12/2022;08:12:00;58;Sem vítima;282,000;BR-101/ES;Crescente;Choque;1;2;0;0;0;0;1
07/12/2022;16:37:00;131;Com vítima;223,550;BR-101/ES;Decrescente;Colisão lateral em sentido contrário;2;1;0;1;0;0;2
07/12/2022;17:50:00;137;Sem vítima;298,000;BR-101/ES;Crescente;Colisão traseira;1;3;0;0;0;0;1
07/12/2022;22:21:00;189;Sem vítima;244,900;BR-101/ES;Crescente;Saída de pista;1;1;0;0;0;0;1
08/12/2022;06:06:00;24;Com vítima;145,000;BR-101/ES;Crescente;Colisão transversal;1;1;0;1;0;0;2
08/12/2022;12:44:00;115;Sem vítima;266,300;BR-101/ES;Decrescente;Colisão traseira;1;2;0;0;0;0;1
09/12/2022;06:37:00;30;Sem vítima;372,500;BR-101/ES;Decrescente;Colisão transversal;1;2;0;0;0;0;1
09/12/2022;11:28:00;98;Sem vítima;294,000;BR-101/ES;Decrescente;Colisão traseira;1;2;0;0;0;0;1
09/12/2022;18:37:00;186;Com vítima;217,000;BR-101/ES;Decrescente;Colisão lateral no mesmo sentido;1;1;0;0;1;0;2
11/12/2022;17:26:00;144;Com vítima;370,500;BR-101/ES;Decrescente;Colisão transversal;1;1;0;0;1;1;3
12/12/2022;10:32:00;96;Sem vítima;254,600;BR-101/ES;Crescente;Engavetamento;1;6;0;0;0;0;1
12/12/2022;17:21:00;191;Com vítima;436,100;BR-101/ES;Crescente;Saída de pista;1;0;0;1;0;0;2
12/12/2022;19:17:00;211;Com vítima;176,000;BR-101/ES;Crescente;Colisão frontal;1;2;0;0;0;1;3
13/12/2022;14:46:00;124;Sem vítima;218,000;BR-101/ES;Decrescente;Colisão lateral no mesmo sentido;2;3;0;0;0;0;1
14/12/2022;00:06:00;2;Com vítima;266,000;BR-101/ES;Crescente;Colisão transversal;1;0;0;1;1;0;2
14/12/2022;09:35:00;66;Sem vítima;295,000;BR-101/ES;Decrescente;Engavetamento;1;5;0;0;0;0;1
15/12/2022;13:08:00;99;Sem vítima;220,300;BR-101/ES;Decrescente;Engavetamento;1;6;0;0;0;0;1
16/12/2022;13:10:00;125;Com vítima;260,000;BR-101/ES;Decrescente;Colisão traseira;1;2;0;1;0;0;2
17/12/2022;10:35:00;78;Sem vítima;270,000;BR-101/ES;Decrescente;Colisão lateral no mesmo sentido;1;2;0;0;0;0;1
19/12/2022;08:47:00;51;Com vítima;288,100;BR-101/ES;Decrescente;Colisão transversal;1;1;0;3;2;0;2
19/12/2022;10:46:00;68;Com vítima;205,700;BR-101/ES;Crescente;Colisão transversal;1;3;2;1;0;0;2
19/12/2022;12:18:00;73;Sem vítima;273,000;BR-101/ES;Decrescente;Engavetamento;3;3;0;0;0;0;1
19/12/2022;20:49:00;157;Sem vítima;271,500;BR-101/ES;Decrescente;Colisão traseira;1;2;0;0;0;0;1
20/12/2022;05:18:00;14;Sem vítima;269,400;BR-101/ES;Decrescente;Colisão traseira;2;2;0;0;0;0;1
20/12/2022;07:53:00;24;Sem vítima;268,000;BR-101/ES;Decrescente;Colisão lateral em sentido contrário;1;2;0;0;0;0;1
20/12/2022;17:46:00;141;Sem vítima;269,800;BR-101/ES;Crescente;Colisão traseira;1;1;0;0;0;0;1
20/12/2022;19:26:00;161;Sem vítima;255,000;BR-101/ES;Crescente;Colisão traseira;2;2;0;0;0;0;1
20/12/2022;23:23:00;197;Sem vítima;235,500;BR-101/ES;Crescente;Saída de pista;1;1;0;0;0;0;1
21/12/2022;01:40:00;11;Sem vítima;400,000;BR-101/ES;Crescente;Saída de pista;1;1;0;0;0;0;1
21/12/2022;17:12:00;176;Sem vítima;269,000;BR-101/ES;Decrescente;Colisão traseira;1;2;0;0;0;0;1
21/12/2022;18:33:00;192;Sem vítima;266,300;BR-101/ES;Decrescente;Colisão traseira;1;2;0;0;0;0;1
23/12/2022;07:58:00;54;Sem vítima;457,000;BR-101/ES;Crescente;Colisão transversal;1;2;0;0;0;0;1
23/12/2022;14:52:00;125;Com vítima;254,800;BR-101/ES;Decrescente;Engavetamento;1;5;1;0;0;0;1
23/12/2022;21:11:00;211;Sem vítima;73,000;BR-101/ES;Crescente;Colisão lateral em sentido contrário;1;1;0;0;0;0;1
24/12/2022;09:48:00;68;Sem vítima;255,600;BR-101/ES;Decrescente;Colisão traseira;1;12;0;0;0;0;1
24/12/2022;18:46:00;165;Sem vítima;147,000;BR-101/ES;Crescente;Choque;1;1;0;0;0;0;1
26/12/2022;07:04:00;29;Sem vítima;256,200;BR-101/ES;Decrescente;Choque;1;2;0;0;0;0;1
27/12/2022;02:24:00;7;Com vítima;276,000;BR-101/ES;Decrescente;Tombamento;1;0;0;1;0;0;2
27/12/2022;07:08:00;32;Sem vítima;262,800;BR-101/ES;Decrescente;Engavetamento;1;7;0;0;0;0;1
27/12/2022;23:37:00;211;Sem vítima;412,000;BR-101/ES;Crescente;Choque;1;1;0;0;0;0;1
28/12/2022;05:36:00;22;Sem vítima;255,000;BR-101/ES;Crescente;Colisão traseira;1;4;0;0;0;0;1
29/12/2022;01:47:00;7;Sem vítima;122,700;BR-101/ES;Crescente;Acidentes de outra natureza;1;1;0;0;0;0;1
29/12/2022;16:16:00;149;Sem vítima;274,000;BR-101/ES;Crescente;Engavetamento;3;6;0;0;0;0;1
29/12/2022;17:24:00;159;Sem vítima;414,000;BR-101/ES;Crescente;Colisão traseira;1;1;0;0;0;0;1
30/12/2022;10:04:00;69;Sem vítima;0,800;BR-101/ES;Crescente;Colisão lateral no mesmo sentido;1;7;0;0;0;0;1
30/12/2022;11:59:00;95;Sem vítima;269,000;BR-101/ES;Decrescente;Colisão traseira;1;2;0;0;0;0;1
30/12/2022;13:00:00;110;Sem vítima;392,000;BR-101/ES;Crescente;Colisão transversal;1;7;0;0;0;0;1
01/01/2023;00:57:00;7;Sem vítima;85,500;BR-101/ES;Decrescente;Colisão traseira;1;2;0;0;0;0;1
01/01/2023;01:27:00;12;Com vítima;114,000;BR-101/ES;Decrescente;Saída de pista;1;0;1;0;0;0;1
02/01/2023;05:53:00;29;Sem vítima;336,700;BR-101/ES;Decrescente;Colisão traseira;1;2;0;0;0;0;1
02/01/2023;07:39:00;53;Sem vítima;125,000;BR-101/ES;Decrescente;Colisão traseira;1;6;0;0;0;0;1
02/01/2023;09:55:00;110;Sem vítima;330,000;BR-101/ES;Decrescente;Colisão lateral no mesmo sentido;1;3;0;0;0;0;1
02/01/2023;19:28:00;245;Sem vítima;331,000;BR-101/ES;Crescente;Colisão transversal;1;4;0;0;0;0;1
04/01/2023;14:35:00;132;Sem vítima;246,000;BR-101/ES;Decrescente;Choque;1;1;0;0;0;0;1
04/01/2023;15:27:00;141;Com vítima;946,500;BR-101/ES;Decrescente;Colisão traseira;1;2;0;1;0;0;2
05/01/2023;09:39:00;76;Sem vítima;56,400;BR-101/ES;Decrescente;Colisão transversal;1;3;0;0;0;0;1
06/01/2023;14:40:00;145;Sem vítima;265,500;BR-101/ES;Crescente;Colisão traseira;1;3;0;0;0;0;1
08/01/2023;07:44:00;27;Sem vítima;226,000;BR-101/ES;Crescente;Choque;1;1;0;0;0;0;1
08/01/2023;13:55:00;80;Sem vítima;258,300;BR-101/ES;Decrescente;Atropelamento de animal;1;1;0;0;0;0;1
09/01/2023;19:40:00;198;Sem vítima;213,000;BR-101/ES;Crescente;Colisão traseira;1;1;0;0;0;0;1
10/01/2023;10:34:00;97;Sem vítima;320,800;BR-101/ES;Decrescente;Colisão traseira;1;6;0;0;0;0;1
11/01/2023;09:34:00;74;Sem vítima;452,000;BR-101/ES;Decrescente;Colisão traseira;1;1;0;0;0;0;1
11/01/2023;11:51:00;103;Com vítima;68,000;BR-101/ES;Crescente;Engavetamento;1;6;2;0;0;0;1
11/01/2023;13:21:00;113;Sem vítima;304,000;BR-101/ES;Crescente;Colisão lateral no mesmo sentido;1;5;0;0;0;0;1
12/01/2023;00:13:00;1;Sem vítima;458,900;BR-101/ES;Crescente;Colisão traseira;1;2;0;0;0;0;1
12/01/2023;08:32:00;44;Com vítima;266,600;BR-101/ES;Crescente;Colisão lateral no mesmo sentido;1;1;0;1;0;0;2
12/01/2023;13:28:00;83;Sem vítima;453,000;BR-101/ES;Crescente;Saída de pista;1;1;0;0;0;0;1
12/01/2023;19:18:00;143;Com vítima;141,500;BR-101/ES;Crescente;Colisão traseira;1;1;0;0;1;0;2
13/01/2023;07:40:00;46;Com vítima;280,000;BR-101/ES;Decrescente;Colisão lateral no mesmo sentido;1;1;0;0;0;1;3
13/01/2023;08:16:00;53;Com vítima;435,500;BR-101/ES;Crescente;Colisão lateral no mesmo sentido;1;2;1;0;4;0;2
14/01/2023;05:31:00;30;Sem vítima;255,000;BR-101/ES;Decrescente;Colisão transversal;1;2;0;0;0;0;1
14/01/2023;11:33:00;110;Com vítima;349,200;BR-101/ES;Crescente;Saída de pista;1;0;0;1;0;1;3
14/01/2023;17:56:00;191;Com vítima;288,500;BR-101/ES;Decrescente;Colisão traseira;1;1;1;0;0;0;1
15/01/2023;14:19:00;88;Com vítima;179,000;BR-101/ES;Decrescente;Colisão frontal;1;5;3;0;0;0;1
16/01/2023;07:53:00;44;Com vítima;388,000;BR-101/ES;Decrescente;Tombamento;1;0;0;1;0;0;2
16/01/2023;18:30:00;176;Com vítima;90,000;BR-101/ES;Decrescente;Colisão transversal;1;0;0;1;0;0;2
18/01/2023;01:55:00;5;Com vítima;33,000;BR-101/ES;Decrescente;Atropelamento de animal;1;0;0;1;0;0;2
18/01/2023;07:05:00;40;Com vítima;271,050;BR-101/ES;Decrescente;Colisão traseira;1;1;0;1;0;0;2
18/01/2023;07:10:00;45;Sem vítima;292,000;BR-101/ES;Decrescente;Colisão traseira;1;2;0;0;0;0;1
18/01/2023;18:33:00;177;Com vítima;298,000;BR-101/ES;Decrescente;Colisão lateral no mesmo sentido;1;1;1;0;0;0;1
18/01/2023;22:41:00;217;Sem vítima;291,000;BR-101/ES;Crescente;Choque;1;1;0;0;0;0;1
19/01/2023;06:03:00;18;Sem vítima;255,000;BR-101/ES;Crescente;Engavetamento;2;6;0;0;0;0;1
19/01/2023;07:56:00;35;Sem vítima;266,000;BR-101/ES;Decrescente;Colisão traseira;1;2;0;0;0;0;1
19/01/2023;10:21:00;80;Com vítima;358,000;BR-101/ES;Decrescente;Colisão lateral no mesmo sentido;1;0;3;0;0;0;1
19/01/2023;13:42:00;110;Sem vítima;390,000;BR-101/ES;Crescente;Colisão traseira;1;2;0;0;0;0;1
20/01/2023;04:19:00;15;Sem vítima;223,000;BR-101/ES;Decrescente;Choque;1;1;0;0;0;0;1
20/01/2023;11:29:00;99;Sem vítima;303,000;BR-101/ES;Crescente;Colisão lateral no mesmo sentido;1;4;0;0;0;0;1
20/01/2023;15:19:00;140;Sem vítima;204,500;BR-101/ES;Decrescente;Saída de pista;1;2;0;0;0;0;1
20/01/2023;17:07:00;174;Com vítima;295,000;BR-101/ES;Decrescente;Colisão traseira;2;2;0;2;0;0;2
21/01/2023;00:05:00;2;Sem vítima;156,000;BR-101/ES;Crescente;Colisão traseira;1;2;0;0;0;0;1
21/01/2023;12:20:00;98;Com vítima;71,100;BR-101/ES;Crescente;Colisão traseira;1;2;1;0;0;0;1
22/01/2023;13:38:00;98;Sem vítima;296,000;BR-101/ES;Decrescente;Colisão lateral no mesmo sentido;1;4;0;0;0;0;1
23/01/2023;05:31:00;14;Sem vítima;443,000;BR-101/ES;Decrescente;Saída de pista;1;2;0;0;0;0;1
23/01/2023;08:09:00;43;Com vítima;260,500;BR-101/ES;Crescente;Colisão frontal;2;6;0;0;0;1;3
23/01/2023;17:30:00;154;Sem vítima;254,000;BR-101/ES;Crescente;Colisão traseira;1;1;0;0;0;0;1
23/01/2023;19:58:00;181;Com vítima;457,000;BR-101/ES;Crescente;Colisão transversal;1;1;1;1;0;0;2
24/01/2023;16:16:00;123;Sem vítima;291,900;BR-101/ES;Crescente;Colisão lateral no mesmo sentido;1;2;0;0;0;0;1
24/01/2023;19:24:00;145;Sem vítima;294,000;BR-101/ES;Crescente;Colisão traseira;2;2;0;0;0;0;1
25/01/2023;05:18:00;18;Com vítima;219,300;BR-101/ES;Decrescente;Colisão frontal;1;1;1;0;0;0;1
25/01/2023;16:45:00;119;Com vítima;407,800;BR-101/ES;Crescente;Tombamento;1;0;1;0;0;0;1
25/01/2023;18:16:00;136;Sem vítima;129,000;BR-101/ES;Decrescente;Colisão traseira;1;2;0;0;0;0;1
25/01/2023;21:23:00;170;Sem vítima;394,800;BR-101/ES;Crescente;Tombamento;1;2;0;0;0;0;1
26/01/2023;05:21:00;15;Com vítima;224,000;BR-101/ES;Decrescente;Saída de pista;1;1;1;0;0;0;1
26/01/2023;11:11:00;116;Sem vítima;394,000;BR-101/ES;Decrescente;Choque;1;1;0;0;0;0;1
26/01/2023;16:32:00;185;Com vítima;261,000;BR-101/ES;Decrescente;Colisão traseira;1;2;1;1;0;0;2
27/01/2023;04:55:00;12;Sem vítima;255,000;BR-101/ES;Decrescente;Carreta deu L;1;0;0;0;0;0;1
28/01/2023;10:09:00;79;Sem vítima;386,000;BR-101/ES;Crescente;Colisão traseira;1;3;0;0;0;0;1
30/01/2023;07:59:00;41;Com vítima;264,900;BR-101/ES;Crescente;Colisão lateral no mesmo sentido;1;6;0;1;0;0;2
30/01/2023;08:07:00;44;Com vítima;267,900;BR-101/ES;Crescente;Colisão lateral no mesmo sentido;1;1;0;1;0;0;2
30/01/2023;12:30:00;102;Sem vítima;948,000;BR-101/ES;Decrescente;Colisão traseira;1;3;0;0;0;0;1
31/01/2023;08:53:00;111;Sem vítima;186,000;BR-101/ES;Decrescente;Acidentes de outra natureza;1;3;0;0;0;0;1
01/02/2023;15:13:00;117;Sem vítima;266,900;BR-101/ES;Decrescente;Engavetamento;1;20;0;0;0;0;1
03/02/2023;07:39:00;38;Com vítima;90,000;BR-101/ES;Decrescente;Colisão transversal;1;1;1;0;0;0;1
03/02/2023;08:00:00;42;Sem vítima;270,000;BR-101/ES;Crescente;Colisão lateral no mesmo sentido;1;2;0;0;0;0;1
03/02/2023;10:52:00;86;Sem vítima;67,000;BR-101/ES;Decrescente;Colisão traseira;1;2;0;0;0;0;1
04/02/2023;02:22:00;9;Com vítima;402,000;BR-101/ES;Decrescente;Colisão lateral em sentido contrário;1;1;0;1;0;0;2
05/02/2023;02:30:00;10;Com vítima;36,000;BR-101/ES;Crescente;Colisão frontal;1;1;0;0;0;1;3
07/02/2023;13:54:00;83;Com vítima;374,000;BR-101/ES;Decrescente;Saída de pista;1;0;0;1;0;0;2
07/02/2023;15:44:00;111;Sem vítima;243,000;BR-101/ES;Crescente;Colisão traseira;2;3;0;0;0;0;1
07/02/2023;15:57:00;115;Sem vítima;247,000;BR-101/ES;Crescente;Engavetamento;1;3;0;0;0;0;1
07/02/2023;20:48:00;161;Sem vítima;426,000;BR-101/ES;Crescente;Tombamento;1;1;0;0;0;0;1
08/02/2023;10:00:00;69;Sem vítima;270,000;BR-101/ES;Crescente;Colisão transversal;1;2;0;0;0;0;1
08/02/2023;12:41:00;86;Com vítima;355,000;BR-101/ES;Decrescente;Colisão transversal;1;1;3;0;0;0;1
08/02/2023;19:55:00;166;Sem vítima;948,000;BR-101/ES;Decrescente;Colisão traseira;1;2;0;0;0;0;1
09/02/2023;04:40:00;16;Com vítima;434,500;BR-101/ES;Decrescente;Tombamento;1;0;1;0;0;0;1
10/02/2023;07:39:00;48;Com vítima;281,100;BR-101/ES;Decrescente;Queda de moto;1;1;0;2;0;0;2
10/02/2023;16:08:00;143;Sem vítima;381,000;BR-101/ES;Crescente;Colisão traseira;1;4;0;0;0;0;1
10/02/2023;18:28:00;178;Sem vítima;267,000;BR-101/ES;Crescente;Colisão lateral no mesmo sentido;1;2;0;0;0;0;1
11/02/2023;09:37:00;77;Sem vítima;266,000;BR-101/ES;Crescente;Colisão traseira;1;2;0;0;0;0;1
11/02/2023;14:23:00;138;Com vítima;372,000;BR-101/ES;Crescente;Colisão frontal;1;0;2;1;2;0;2
11/02/2023;16:02:00;157;Sem vítima;252,700;BR-101/ES;Crescente;Colisão traseira;1;3;0;0;0;0;1
11/02/2023;22:25:00;204;Com vítima;222,000;BR-101/ES;Crescente;Tombamento;1;0;1;0;0;0;1
12/02/2023;22:06:00;185;Com vítima;310,500;BR-101/ES;Decrescente;Choque;1;0;0;0;0;1;3
13/02/2023;19:22:00;153;Sem vítima;191,000;BR-101/ES;Decrescente;Colisão traseira;1;4;0;0;0;0;1
14/02/2023;20:30:00;176;Sem vítima;435,900;BR-101/ES;Decrescente;Saída de pista;1;2;0;0;0;0;1
15/02/2023;09:18:00;79;Sem vítima;290,000;BR-101/ES;Crescente;Colisão traseira;1;0;0;0;0;0;1
15/02/2023;15:16:00;159;Sem vítima;235,000;BR-101/ES;Crescente;Colisão traseira;1;3;0;0;0;0;1
16/02/2023;06:08:00;26;Sem vítima;39,100;BR-101/ES;Crescente;Colisão lateral no mesmo sentido;1;1;0;0;0;0;1
16/02/2023;07:24:00;42;Sem vítima;398,900;BR-101/ES;Crescente;Colisão traseira;1;2;0;0;0;0;1
16/02/2023;08:57:00;67;Sem vítima;4,000;Contorno de Iconha/ES;Decrescente;Colisão transversal;1;2;0;0;0;0;1
16/02/2023;10:19:00;85;Sem vítima;61,000;BR-101/ES;Decrescente;Colisão traseira;1;2;0;0;0;0;1
17/02/2023;13:59:00;118;Sem vítima;229,500;BR-101/ES;Crescente;Colisão lateral no mesmo sentido;1;1;0;0;0;0;1
18/02/2023;09:50:00;89;Sem vítima;320,900;BR-101/ES;Decrescente;Engavetamento;1;1;0;0;0;0;1