data;horario;n_da_ocorrencia;tipo_de_ocorrencia;km;trecho;sentido;tipo_de_acidente;caminhao;ilesos;levemente_feridos;moderadamente_feridos;gravemente_feridos;mortos;3
18/02/2023;11:34:00;124;Sem vítima;320,800;BR-101/ES;Crescente;Colisão lateral no mesmo sentido;1;1;0;0;0;0;1
18/02/2023;11:47:00;128;Com vítima;253,700;BR-101/ES;Decrescente;Saída de pista;1;0;0;1;0;0;2
18/02/2023;20:08:00;226;Sem vítima;148,000;BR-101/ES;Crescente;Colisão transversal;1;1;0;0;0;0;1
22/02/2023;09:14:00;47;Sem vítima;160,000;BR-101/ES;Crescente;Colisão lateral em sentido contrário;1;1;0;0;0;0;1
23/02/2023;14:33:00;124;Com vítima;267,000;BR-101/ES;Decrescente;Choque;1;1;0;0;0;0;1
24/02/2023;12:33:00;100;Sem vítima;255,000;BR-101/ES;Crescente;Colisão traseira;1;1;0;0;0;0;1
25/02/2023;11:29:00;78;Sem vítima;185,000;BR-101/ES;Decrescente;Colisão lateral em sentido contrário;1;1;0;0;0;0;1
26/02/2023;08:36:00;35;Sem vítima;342,500;BR-101/ES;Crescente;Choque;1;2;0;0;0;0;1
28/02/2023;13:33:00;109;Com vítima;160,000;BR-101/ES;Decrescente;Saída de pista;1;0;1;0;0;0;1
28/02/2023;17:16:00;138;Sem vítima;387,000;BR-101/ES;Decrescente;Colisão traseira;1;1;0;0;0;0;1
01/03/2023;06:33:00;24;Sem vítima;229,600;BR-101/ES;Crescente;Colisão transversal;1;1;0;0;0;0;1
02/03/2023;07:14:00;28;Com vítima;266,300;BR-101/ES;Crescente;Colisão lateral no mesmo sentido;1;1;0;0;0;0;1
03/03/2023;14:04:00;149;Sem vítima;11,900;BR-101/ES;Decrescente;Saída de pista;1;1;0;0;0;0;1
03/03/2023;14:38:00;160;Com vítima;8,950;BR-101/ES;Crescente;Tombamento;1;1;1;0;0;0;1
03/03/2023;20:42:00;240;Com vítima;287,300;BR-101/ES;Crescente;Colisão traseira;1;2;0;1;0;0;2
07/03/2023;13:17:00;115;Sem vítima;241,800;BR-101/ES;Decrescente;Colisão traseira;1;2;0;0;0;0;1
07/03/2023;14:15:00;129;Com vítima;25,300;BR-101/ES;Crescente;Colisão lateral em sentido contrário;1;1;0;0;0;0;1
07/03/2023;17:11:00;163;Sem vítima;270,000;BR-101/ES;Crescente;Colisão traseira;1;1;0;0;0;0;1
08/03/2023;11:09:00;85;Sem vítima;124,900;BR-101/ES;Crescente;Colisão traseira;1;2;0;0;0;0;1
08/03/2023;21:53:00;165;Com vítima;338,900;BR-101/ES;Decrescente;Colisão frontal;1;1;0;0;0;2;3
09/03/2023;05:59:00;17;Sem vítima;345,000;BR-101/ES;Crescente;Saída de pista;1;1;0;0;0;0;1
09/03/2023;11:16:00;82;Sem vítima;119,000;BR-101/ES;Decrescente;Choque;1;1;0;0;0;0;1
10/03/2023;04:03:00;17;Sem vítima;210,800;BR-101/ES;Decrescente;Choque;1;1;0;0;0;0;1
10/03/2023;14:47:00;116;Sem vítima;283,000;BR-101/ES;Decrescente;Colisão traseira;1;2;0;0;0;0;1
10/03/2023;19:07:00;168;Sem vítima;308,000;BR-101/ES;Crescente;Colisão lateral no mesmo sentido;1;1;0;0;0;0;1
11/03/2023;15:28:00;130;Sem vítima;120,500;BR-101/ES;Crescente;Engavetamento;1;1;0;0;0;0;1
12/03/2023;05:28:00;18;Com vítima;31,000;BR-101/ES;Crescente;Atropelamento de pedestre;1;1;0;0;1;0;2
13/03/2023;11:00:00;75;Sem vítima;284,000;BR-101/ES;Decrescente;Colisão lateral no mesmo sentido;1;1;0;0;0;0;1
15/03/2023;06:05:00;18;Com vítima;288,000;BR-101/ES;Crescente;Colisão transversal;1;1;0;0;0;0;1
15/03/2023;08:37:00;56;Com vítima;388,000;BR-101/ES;Crescente;Saída de pista;1;0;1;0;0;0;1
15/03/2023;10:32:00;80;Sem vítima;251,000;BR-101/ES;Crescente;Engavetamento;1;1;0;0;0;0;1
17/03/2023;18:02:00;135;Sem vítima;253,000;BR-101/ES;Crescente;Colisão traseira;1;1;0;0;0;0;1
18/03/2023;06:29:00;27;Sem vítima;227,900;BR-101/ES;Crescente;Saída de pista;1;2;0;0;0;0;1
18/03/2023;07:19:00;37;Com vítima;299,000;BR-101/ES;Crescente;Choque;1;1;0;0;0;0;1
18/03/2023;09:14:00;63;Com vítima;70,200;BR-101/ES;Crescente;Colisão lateral no mesmo sentido;1;1;0;0;0;0;1
18/03/2023;10:17:00;77;Sem vítima;267,850;BR-101/ES;Crescente;Colisão lateral no mesmo sentido;1;1;0;0;0;0;1
18/03/2023;15:00:00;120;Sem vítima;66,000;BR-101/ES;Crescente;Colisão traseira;1;1;0;0;0;0;1
19/03/2023;07:47:00;36;Com vítima;280,500;BR-101/ES;Crescente;Saída de pista;1;0;0;1;0;0;2
21/03/2023;03:52:00;9;Sem vítima;120,000;BR-101/ES;Decrescente;Colisão traseira;1;1;0;0;0;0;1
21/03/2023;16:03:00;106;Sem vítima;451,900;BR-101/ES;Crescente;Colisão traseira;1;1;0;0;0;0;1
22/03/2023;06:31:00;19;Sem vítima;363,700;BR-101/ES;Decrescente;Queda de carga;1;1;0;0;0;0;1
22/03/2023;12:57:00;102;Sem vítima;242,000;BR-101/ES;Crescente;Colisão traseira;1;1;0;0;0;0;1
23/03/2023;07:35:00;37;Com vítima;297,000;BR-101/ES;Crescente;Colisão traseira;1;1;0;0;0;0;1
23/03/2023;09:40:00;75;Sem vítima;71,000;BR-101/ES;Decrescente;Saída de pista;1;1;0;0;0;0;1
25/03/2023;08:08:00;59;Sem vítima;264,350;BR-101/ES;Crescente;Colisão traseira;1;1;0;0;0;0;1
26/03/2023;23:06:00;171;Sem vítima;297,800;BR-101/ES;Decrescente;Colisão lateral no mesmo sentido;1;1;0;0;0;0;1
27/03/2023;10:03:00;79;Sem vítima;14,000;BR-101/ES;Crescente;Colisão traseira;1;0;0;0;0;0;1
27/03/2023;10:56:00;88;Sem vítima;270,000;BR-101/ES;Crescente;Colisão traseira;1;1;0;0;0;0;1
28/03/2023;20:37:00;194;Sem vítima;314,000;BR-101/ES;Decrescente;Colisão lateral no mesmo sentido;1;1;0;0;0;0;1
29/03/2023;11:44:00;95;Sem vítima;322,400;BR-101/ES;Decrescente;Choque;1;1;0;0;0;0;1
30/03/2023;11:40:00;84;Com vítima;277,300;BR-101/ES;Decrescente;Colisão lateral no mesmo sentido;1;1;0;0;0;0;1
31/03/2023;01:35:00;7;Sem vítima;266,000;BR-101/ES;Decrescente;Colisão traseira;2;3;0;0;0;0;1
31/03/2023;08:19:00;46;Sem vítima;288,000;BR-101/ES;Crescente;Colisão traseira;1;1;0;0;0;0;1
01/04/2023;05:51:00;23;Com vítima;372,000;BR-101/ES;Decrescente;Choque;1;0;0;1;0;0;2
01/04/2023;06:02:00;24;Sem vítima;295,000;BR-101/ES;Crescente;Choque;1;1;0;0;0;0;1
01/04/2023;09:38:00;64;Com vítima;178,200;BR-101/ES;Crescente;Colisão lateral em sentido contrário;1;1;0;0;0;0;1
01/04/2023;16:18:00;119;Sem vítima;350,000;BR-101/ES;Crescente;Saída de pista;1;1;0;0;0;0;1
03/04/2023;16:18:00;117;Com vítima;297,500;BR-101/ES;Crescente;Colisão traseira;1;1;1;0;0;0;1
04/04/2023;22:25:00;186;Com vítima;358,000;BR-101/ES;Crescente;Colisão traseira;1;1;0;0;0;0;1
05/04/2023;07:52:00;31;Com vítima;269,800;BR-101/ES;Decrescente;Engavetamento;1;1;0;0;0;0;1
06/04/2023;08:52:00;51;Com vítima;270,000;BR-101/ES;Decrescente;Engavetamento;1;2;0;0;0;0;1
09/04/2023;02:23:00;7;Sem vítima;0,800;BR-101/ES;Crescente;Colisão traseira;1;1;0;0;0;0;1
09/04/2023;15:38:00;114;Sem vítima;388,000;BR-101/ES;Crescente;Colisão traseira;1;1;0;0;0;0;1
10/04/2023;12:07:00;91;Sem vítima;228,300;BR-101/ES;Crescente;Saída de pista;1;1;0;0;0;0;1
11/04/2023;06:16:00;16;Com vítima;123,500;BR-101/ES;Decrescente;Atropelamento de ciclista;1;0;1;0;0;1;3
11/04/2023;11:28:00;74;Sem vítima;307,000;BR-101/ES;Crescente;Choque;1;1;0;0;0;0;1
11/04/2023;11:50:00;79;Sem vítima;221,000;BR-101/ES;Decrescente;Colisão lateral no mesmo sentido;1;1;0;0;0;0;1
12/04/2023;00:14:00;2;Sem vítima;332,000;BR-101/ES;Crescente;Saída de pista;1;2;0;0;0;0;1
13/04/2023;14:39:00;111;Sem vítima;452,000;BR-101/ES;Decrescente;Colisão traseira;1;0;0;0;0;0;1
14/04/2023;00:47:00;8;Com vítima;415,700;BR-101/ES;Crescente;Colisão traseira;1;0;1;0;0;0;1
14/04/2023;14:10:00;96;Com vítima;293,000;BR-101/ES;Decrescente;Colisão traseira;1;1;0;0;0;0;1
15/04/2023;06:58:00;24;Sem vítima;360,000;BR-101/ES;Decrescente;Colisão traseira;1;1;0;0;0;0;1
18/04/2023;03:56:00;8;Com vítima;266,500;BR-101/ES;Decrescente;Colisão transversal;1;1;0;0;0;0;1
19/04/2023;07:38:00;32;Com vítima;204,000;BR-101/ES;Crescente;Colisão traseira;1;1;0;0;0;0;1
20/04/2023;01:09:00;5;Sem vítima;132,000;BR-101/ES;Crescente;Choque;1;0;0;0;0;0;1
20/04/2023;09:11:00;61;Sem vítima;283,000;BR-101/ES;Decrescente;Colisão traseira;1;1;0;0;0;0;1
20/04/2023;10:08:00;74;Com vítima;3,000;BR-101/ES;Crescente;Choque;1;1;0;0;0;0;1
20/04/2023;15:25:00;117;Com vítima;93,000;BR-101/ES;Decrescente;Saída de pista;1;0;1;0;0;0;1
20/04/2023;17:48:00;146;Sem vítima;226,000;BR-101/ES;Crescente;Choque;1;1;0;0;0;0;1
21/04/2023;11:11:00;61;Com vítima;268,400;BR-101/ES;Decrescente;Choque;1;1;0;0;0;0;1
21/04/2023;18:45:00;122;Com vítima;265,800;BR-101/ES;Decrescente;Colisão traseira;1;1;0;0;0;0;1
21/04/2023;19:25:00;126;Sem vítima;266,000;BR-101/ES;Crescente;Colisão transversal;1;1;0;0;0;0;1
24/04/2023;08:50:00;57;Com vítima;295,000;BR-101/ES;Decrescente;Colisão lateral no mesmo sentido;1;0;0;1;0;0;2
24/04/2023;11:23:00;89;Sem vítima;285,000;BR-101/ES;Decrescente;Colisão lateral no mesmo sentido;1;1;0;0;0;0;1
25/04/2023;16:38:00;123;Sem vítima;401,000;BR-101/ES;Decrescente;Colisão traseira;1;1;0;0;0;0;1
26/04/2023;17:01:00;133;Com vítima;303,800;BR-101/ES;Crescente;Colisão traseira;1;1;0;0;0;0;1
28/04/2023;12:58:00;99;Sem vítima;322,000;BR-101/ES;Decrescente;Choque;1;1;0;0;0;0;1
28/04/2023;22:35:00;201;Sem vítima;246,000;BR-101/ES;Crescente;Colisão lateral no mesmo sentido;1;1;0;0;0;0;1
29/04/2023;00:02:00;2;Com vítima;116,000;BR-101/ES;Crescente;Saída de pista;1;0;0;1;0;0;2
29/04/2023;16:29:00;113;Sem vítima;452,000;BR-101/ES;Decrescente;Colisão traseira;1;2;0;0;0;0;1
30/04/2023;04:03:00;9;Sem vítima;268,000;BR-101/ES;Crescente;Colisão transversal;1;1;0;0;0;0;1
03/05/2023;12:42:00;87;Com vítima;435,000;BR-101/ES;Crescente;Saída de pista;1;0;1;0;0;0;1
07/05/2023;17:10:00;125;Com vítima;15,000;BR-101/ES;Crescente;Colisão traseira;1;1;0;0;0;0;1
08/05/2023;00:47:00;6;Com vítima;223,000;BR-101/ES;Decrescente;Colisão lateral em sentido contrário;1;1;0;0;0;0;1
10/05/2023;00:15:00;2;Sem vítima;388,600;BR-101/ES;Decrescente;Tombamento;1;1;0;0;0;0;1
10/05/2023;09:24:00;62;Sem vítima;288,000;BR-101/ES;Crescente;Colisão traseira;1;1;0;0;0;0;1
12/05/2023;14:37:00;121;Sem vítima;219,000;BR-101/ES;Crescente;Saída de pista;1;1;0;0;0;0;1
15/05/2023;15:41:00;130;Sem vítima;275,400;BR-101/ES;Decrescente;Colisão lateral no mesmo sentido;1;1;0;0;0;0;1
17/05/2023;08:04:00;40;Sem vítima;288,000;BR-101/ES;Crescente;Saída de pista;1;1;0;0;0;0;1
18/05/2023;09:01:00;52;Com vítima;291,000;BR-101/ES;Crescente;Colisão transversal;1;1;0;0;0;0;1
18/05/2023;13:26:00;114;Sem vítima;294,000;BR-101/ES;Decrescente;Colisão lateral no mesmo sentido;1;1;0;0;0;0;1
19/05/2023;10:17:00;105;Com vítima;428,900;BR-101/ES;Decrescente;Engavetamento;1;0;0;0;0;1;3
19/05/2023;16:42:00;181;Com vítima;290,800;BR-101/ES;Decrescente;Colisão traseira;1;1;0;0;0;0;1
20/05/2023;09:34:00;64;Sem vítima;171,700;BR-101/ES;Crescente;Colisão traseira;1;1;0;0;0;0;1
21/05/2023;18:15:00;140;Com vítima;62,500;BR-101/ES;Decrescente;Colisão lateral no mesmo sentido;1;1;0;0;0;0;1
22/05/2023;08:24:00;49;Com vítima;290,200;BR-101/ES;Decrescente;Colisão traseira;1;1;0;0;0;0;1
24/05/2023;00:53:00;4;Com vítima;293,000;BR-101/ES;Crescente;Tombamento;1;0;0;1;0;0;2
25/05/2023;21:17:00;228;Com vítima;113,500;BR-101/ES;Decrescente;Colisão lateral em sentido contrário;1;1;1;0;0;0;1
27/05/2023;15:39:00;125;Sem vítima;394,000;BR-101/ES;Crescente;Choque;1;1;0;0;0;0;1
27/05/2023;16:18:00;146;Sem vítima;202,200;BR-101/ES;Decrescente;Tombamento;1;1;0;0;0;0;1
30/05/2023;05:56:00;21;Sem vítima;258,000;BR-101/ES;Crescente;Colisão traseira;1;2;0;0;0;0;1
01/06/2023;12:35:00;86;Com vítima;333,500;BR-101/ES;Decrescente;Tombamento;1;0;0;1;0;0;2
01/06/2023;16:23:00;113;Sem vítima;270,000;BR-101/ES;Decrescente;Colisão lateral no mesmo sentido;1;1;0;0;0;0;1
01/06/2023;17:25:00;129;Sem vítima;308,000;BR-101/ES;Crescente;Atropelamento de ciclista;1;2;0;0;0;0;1
03/06/2023;15:11:00;120;Sem vítima;291,000;BR-101/ES;Decrescente;Colisão frontal;1;1;0;0;0;0;1
05/06/2023;10:32:00;76;Com vítima;382,500;BR-101/ES;Decrescente;Saída de pista;1;0;0;0;1;0;2
05/06/2023;13:04:00;98;Com vítima;146,800;BR-101/ES;Crescente;Queda de moto;1;1;0;0;0;0;1
05/06/2023;15:12:00;114;Sem vítima;253,000;BR-101/ES;Crescente;Choque;1;1;0;0;0;0;1
05/06/2023;17:36:00;137;Com vítima;149,000;BR-101/ES;Crescente;Colisão traseira;1;1;0;0;0;0;1
07/06/2023;09:56:00;80;Sem vítima;242,000;BR-101/ES;Crescente;Choque;1;1;0;0;0;0;1
08/06/2023;20:05:00;185;Com vítima;271,900;BR-101/ES;Crescente;Colisão lateral no mesmo sentido;1;1;0;0;0;0;1
09/06/2023;09:32:00;69;Sem vítima;265,000;BR-101/ES;Decrescente;Colisão lateral no mesmo sentido;1;1;0;0;0;0;1
11/06/2023;14:44:00;80;Sem vítima;215,000;BR-101/ES;Decrescente;Colisão traseira;1;1;0;0;0;0;1
14/06/2023;21:42:00;195;Sem vítima;150,000;BR-101/ES;Decrescente;Colisão transversal;1;1;0;0;0;0;1
15/06/2023;18:24:00;169;Sem vítima;457,000;BR-101/ES;Crescente;Colisão transversal;1;1;0;0;0;0;1
16/06/2023;07:05:00;33;Sem vítima;281,000;BR-101/ES;Crescente;Colisão traseira;1;1;0;0;0;0;1
17/06/2023;14:15:00;90;Com vítima;8,200;BR-101/ES;Crescente;Tombamento;1;0;0;0;0;1;3
20/06/2023;11:53:00;100;Com vítima;329,000;BR-101/ES;Decrescente;Tombamento;1;0;0;0;0;0;1
21/06/2023;15:52:00;129;Sem vítima;294,000;BR-101/ES;Decrescente;Colisão traseira;1;0;0;0;0;0;1
21/06/2023;18:19:00;159;Sem vítima;297,000;BR-101/ES;Crescente;Colisão traseira;1;1;0;0;0;0;1
22/06/2023;09:12:00;66;Sem vítima;269,000;BR-101/ES;Crescente;Engavetamento;1;1;0;0;0;0;1
22/06/2023;12:13:00;99;Sem vítima;301,000;BR-101/ES;Decrescente;Colisão traseira;1;1;0;0;0;0;1
22/06/2023;13:13:00;107;Com vítima;290,000;BR-101/ES;Decrescente;Choque;1;0;0;1;0;0;2
26/06/2023;08:27:00;67;Com vítima;255,045;BR-101/ES;Decrescente;Colisão lateral no mesmo sentido;1;0;1;0;0;0;1
27/06/2023;17:16:00;150;Sem vítima;102,000;BR-101/ES;Crescente;Colisão traseira;1;1;0;0;0;0;1
29/06/2023;14:49:00;148;Sem vítima;265,000;BR-101/ES;Crescente;Engavetamento;1;1;0;0;0;0;1
29/06/2023;15:40:00;156;Sem vítima;125,000;BR-101/ES;Decrescente;Colisão traseira;1;1;0;0;0;0;1
01/07/2023;08:06:00;48;Com vítima;258,000;BR-101/ES;Decrescente;Colisão traseira;1;0;0;0;0;0;1
01/07/2023;09:38:00;75;Com vítima;149,000;BR-101/ES;Decrescente;Colisão traseira;1;1;0;0;0;0;1
01/07/2023;15:38:00;143;Sem vítima;149,000;BR-101/ES;Decrescente;Engavetamento;1;1;0;0;0;0;1
03/07/2023;11:06:00;104;Sem vítima;291,000;BR-101/ES;Crescente;Colisão traseira;1;1;0;0;0;0;1
05/07/2023;06:26:00;16;Sem vítima;338,100;BR-101/ES;Crescente;Colisão lateral no mesmo sentido;1;0;0;0;0;0;1
05/07/2023;07:36:00;32;Sem vítima;235,000;BR-101/ES;Decrescente;Choque;1;1;0;0;0;0;1
06/07/2023;04:53:00;10;Com vítima;427,900;BR-101/ES;Decrescente;Saída de pista;1;1;0;0;0;0;1
06/07/2023;15:23:00;128;Sem vítima;203,650;BR-101/ES;Decrescente;Colisão transversal;1;1;0;0;0;0;1
08/07/2023;10:36:00;80;Com vítima;306,700;BR-101/ES;Crescente;Colisão lateral no mesmo sentido;1;1;0;0;0;0;1
10/07/2023;08:28:00;41;Sem vítima;169,000;BR-101/ES;Decrescente;Colisão lateral em sentido contrário;1;1;0;0;0;0;1
13/07/2023;14:01:00;108;Sem vítima;5,800;Contorno de Iconha/ES;Decrescente;Choque;1;2;0;0;0;0;1
15/07/2023;18:44:00;135;Sem vítima;458,500;BR-101/ES;Crescente;Colisão traseira;1;1;0;0;0;0;1
18/07/2023;19:14:00;172;Com vítima;191,600;BR-101/ES;Crescente;Choque;1;2;0;0;0;0;1
20/07/2023;09:14:00;46;Sem vítima;441,100;BR-101/ES;Decrescente;Saída de pista;1;1;0;0;0;0;1
22/07/2023;05:00:00;14;Com vítima;226,000;BR-101/ES;Decrescente;Colisão lateral no mesmo sentido;1;1;0;0;0;0;1
25/07/2023;07:35:00;35;Com vítima;269,800;BR-101/ES;Crescente;Colisão lateral no mesmo sentido;1;2;0;0;0;0;1
26/07/2023;10:43:00;76;Com vítima;267,800;BR-101/ES;Crescente;Colisão lateral no mesmo sentido;1;1;1;0;0;0;1
27/07/2023;03:16:00;13;Sem vítima;50,000;BR-101/ES;Decrescente;Colisão traseira;1;2;0;0;0;0;1
27/07/2023;08:18:00;57;Com vítima;75,000;BR-101/ES;Decrescente;Colisão traseira;1;2;0;0;0;0;1
27/07/2023;13:43:00;118;Com vítima;297,000;BR-101/ES;Decrescente;Colisão traseira;1;1;0;0;0;0;1
27/07/2023;21:19:00;194;Sem vítima;266,000;BR-101/ES;Crescente;Colisão traseira;1;2;0;0;0;0;1
28/07/2023;07:34:00;40;Sem vítima;138,000;BR-101/ES;Crescente;Colisão transversal;1;1;0;0;0;0;1
29/07/2023;06:45:00;24;Sem vítima;266,600;BR-101/ES;Decrescente;Tombamento;1;1;0;0;0;0;1
30/07/2023;19:49:00;151;Sem vítima;300,000;BR-101/ES;Decrescente;Colisão traseira;1;1;0;0;0;0;1
01/08/2023;16:24:00;125;Com vítima;247,000;BR-101/ES;Decrescente;Colisão lateral no mesmo sentido;1;1;0;0;0;0;1
03/08/2023;11:01:00;77;Sem vítima;270,700;BR-101/ES;Decrescente;Colisão traseira;1;1;0;0;0;0;1
07/08/2023;08:54:00;64;Sem vítima;183,000;BR-101/ES;Crescente;Colisão traseira;1;1;0;0;0;0;1
07/08/2023;12:51:00;107;Com vítima;214,400;BR-101/ES;Crescente;Colisão traseira;1;0;1;0;0;0;1
09/08/2023;04:39:00;10;Sem vítima;294,000;BR-101/ES;Decrescente;Choque;1;1;0;0;0;0;1
09/08/2023;11:47:00;85;Com vítima;421,400;BR-101/ES;Decrescente;Colisão transversal;1;1;0;0;0;0;1
09/08/2023;15:19:00;129;Com vítima;139,600;BR-101/ES;Decrescente;Colisão lateral em sentido contrário;1;1;0;0;0;0;1
10/08/2023;14:45:00;100;Com vítima;372,000;BR-101/ES;Crescente;Colisão transversal;1;1;0;1;0;0;2
11/08/2023;16:17:00;120;Com vítima;297,600;BR-101/ES;Decrescente;Colisão traseira;1;1;0;0;0;0;1
12/08/2023;09:21:00;58;Com vítima;447,400;BR-101/ES;Crescente;Colisão lateral no mesmo sentido;1;1;0;0;0;0;1
15/08/2023;05:44:00;14;Sem vítima;222,500;BR-101/ES;Crescente;Choque;1;1;0;0;0;0;1
15/08/2023;12:34:00;96;Sem vítima;270,250;BR-101/ES;Crescente;Colisão transversal;1;1;0;0;0;0;1
15/08/2023;14:47:00;114;Sem vítima;280,750;BR-101/ES;Crescente;Saída de pista;1;1;0;0;0;0;1
16/08/2023;11:11:00;78;Com vítima;239,850;BR-101/ES;Crescente;Choque;1;0;0;0;0;1;3
16/08/2023;14:04:00;103;Sem vítima;15,500;BR-101/ES;Decrescente;Colisão transversal;1;4;0;0;0;0;1
17/08/2023;11:36:00;71;Sem vítima;114,000;BR-101/ES;Decrescente;Colisão lateral em sentido contrário;2;0;0;0;0;0;1
18/08/2023;11:50:00;105;Sem vítima;17,000;BR-101/ES;Crescente;Colisão traseira;1;2;0;0;0;0;1
22/08/2023;22:02:00;239;Sem vítima;101,700;BR-101/ES;Crescente;Saída de pista;1;1;0;0;0;0;1
25/08/2023;20:40:00;204;Sem vítima;322,000;BR-101/ES;Crescente;Colisão lateral no mesmo sentido;1;1;0;0;0;0;1
27/08/2023;12:19:00;62;Sem vítima;94,200;BR-101/ES;Crescente;Colisão transversal;1;1;0;0;0;0;1
27/08/2023;13:40:00;74;Sem vítima;323,000;BR-101/ES;Crescente;Colisão lateral no mesmo sentido;1;1;0;0;0;0;1
28/08/2023;03:04:00;4;Sem vítima;435,000;BR-101/ES;Crescente;Saída de pista;1;0;0;0;0;0;1
28/08/2023;12:59:00;97;Sem vítima;294,000;BR-101/ES;Crescente;Choque;1;1;0;0;0;0;1
28/08/2023;17:33:00;146;Sem vítima;264,000;BR-101/ES;Decrescente;Colisão lateral no mesmo sentido;1;1;0;0;0;0;1
28/08/2023;21:03:00;166;Sem vítima;146,000;BR-101/ES;Decrescente;Colisão traseira;1;1;0;0;0;0;1
30/08/2023;13:58:00;98;Sem vítima;328,950;BR-101/ES;Crescente;Tombamento;1;0;0;0;0;0;1
30/08/2023;19:41:00;162;Sem vítima;263,000;BR-101/ES;Decrescente;Choque;1;1;0;0;0;0;1
31/08/2023;16:55:00;151;Sem vítima;282,000;BR-101/ES;Crescente;Colisão traseira;1;1;0;0;0;0;1
01/09/2023;22:19:00;215;Sem vítima;443,900;BR-101/ES;Crescente;Saída de pista;1;0;0;0;0;0;1
02/09/2023;07:13:00;37;Sem vítima;281,700;BR-101/ES;Decrescente;Colisão traseira;1;0;0;0;0;0;1
03/09/2023;01:40:00;8;Com vítima;71,400;BR-101/ES;Crescente;Colisão frontal;1;1;0;0;0;0;1
04/09/2023;07:22:00;46;Sem vítima;297,800;BR-101/ES;Decrescente;Colisão lateral no mesmo sentido;1;1;0;0;0;0;1
05/09/2023;13:52:00;114;Sem vítima;255,200;BR-101/ES;Crescente;Colisão traseira;1;1;0;0;0;0;1
06/09/2023;09:22:00;108;Sem vítima;315,000;BR-101/ES;Decrescente;Acidentes de outra natureza;1;1;0;0;0;0;1
07/09/2023;11:39:00;97;Sem vítima;246,700;BR-101/ES;Decrescente;Choque;1;1;0;0;0;0;1
07/09/2023;21:46:00;181;Com vítima;453,700;BR-101/ES;Decrescente;Saída de pista;1;0;0;1;0;0;2
09/09/2023;21:24:00;171;Com vítima;126,300;BR-101/ES;Decrescente;Colisão frontal;1;1;0;0;0;0;1
12/09/2023;09:30:00;62;Sem vítima;281,000;BR-101/ES;Decrescente;Acidentes de outra natureza;1;1;0;0;0;0;1
12/09/2023;10:23:00;77;Sem vítima;253,000;BR-101/ES;Crescente;Tombamento;1;1;0;0;0;0;1
12/09/2023;13:23:00;103;Sem vítima;242,000;BR-101/ES;Decrescente;Colisão lateral no mesmo sentido;1;0;0;0;0;0;1
13/09/2023;10:08:00;98;Sem vítima;213,000;BR-101/ES;Decrescente;Colisão transversal;1;0;0;0;0;0;1
14/09/2023;13:33:00;139;Sem vítima;285,000;BR-101/ES;Crescente;Colisão traseira;1;1;0;0;0;0;1
15/09/2023;04:07:00;25;Sem vítima;411,800;BR-101/ES;Crescente;Saída de pista;1;1;0;0;0;0;1
15/09/2023;05:36:00;31;Sem vítima;320,800;BR-101/ES;Decrescente;Colisão traseira;1;1;0;0;0;0;1
15/09/2023;13:44:00;144;Sem vítima;255,000;BR-101/ES;Crescente;Colisão transversal;1;1;0;0;0;0;1
15/09/2023;14:51:00;151;Sem vítima;392,500;BR-101/ES;Crescente;Colisão traseira;1;1;0;0;0;0;1
15/09/2023;17:08:00;183;Sem vítima;386,000;BR-101/ES;Decrescente;Saída de pista;1;1;0;0;0;0;1
15/09/2023;20:22:00;220;Sem vítima;343,000;BR-101/ES;Decrescente;Colisão frontal;1;1;0;0;0;0;1
15/09/2023;23:14:00;235;Sem vítima;304,000;BR-101/ES;Crescente;Colisão lateral no mesmo sentido;1;1;0;0;0;0;1
20/09/2023;07:15:00;43;Sem vítima;288,000;BR-101/ES;Crescente;Colisão transversal;1;2;0;0;0;0;1
20/09/2023;07:37:00;59;Sem vítima;171,700;BR-101/ES;Crescente;Colisão traseira;1;2;0;0;0;0;1
20/09/2023;18:37:00;186;Sem vítima;212,000;BR-101/ES;Crescente;Colisão traseira;1;2;0;0;0;0;1
21/09/2023;05:24:00;19;Sem vítima;71,200;BR-101/ES;Decrescente;Tombamento;1;1;0;0;0;0;1
21/09/2023;05:45:00;22;Sem vítima;67,800;BR-101/ES;Decrescente;Saída de pista;1;1;0;0;0;0;1